timestamp,latitude,longitude,uuid,operator,Location,network_type*,wifi_connected_primary_freq_mhz
2025-11-22 08:36:58.157000-05:00,41.6963506,-86.2298135,7c36e7df,Verizon,Concourse,LTE,
2025-11-22 08:37:03.162000-05:00,41.6963771,-86.2298136,7c36e7df,Verizon,Concourse,LTE,
2025-11-22 08:37:08.158000-05:00,41.6964438,-86.2298139,7c36e7df,Verizon,Concourse,LTE,
2025-11-22 08:37:13.154000-05:00,41.6965075,-86.229812,7c36e7df,Verizon,Concourse,LTE,
2025-11-22 08:37:18.159000-05:00,41.6965738,-86.2298181,7c36e7df,Verizon,Concourse,LTE,
2025-11-22 08:37:23.160000-05:00,41.6966433,-86.2298216,7c36e7df,Verizon,Concourse,LTE,
2025-11-22 08:37:28.158000-05:00,41.69671,-86.2298203,7c36e7df,Verizon,Concourse,LTE,
2025-11-22 08:37:33.162000-05:00,41.6967757,-86.2298231,7c36e7df,Verizon,Concourse,LTE,
2025-11-22 08:37:38.161000-05:00,41.6968399,-86.2298242,7c36e7df,Verizon,Concourse,LTE,
2025-11-22 08:37:43.156000-05:00,41.6969073,-86.2298317,7c36e7df,Verizon,Concourse,NR-NSA,
2025-11-22 08:37:48.163000-05:00,41.6969769,-86.2298255,7c36e7df,Verizon,Concourse,NR-NSA,
2025-11-22 08:37:53.165000-05:00,41.6970488,-86.2298226,7c36e7df,Verizon,Concourse,NR-NSA,
2025-11-22 08:37:58.166000-05:00,41.6970358,-86.2297789,7c36e7df,Verizon,Concourse,NR-NSA,
2025-11-22 08:38:03.160000-05:00,41.6969588,-86.2297734,7c36e7df,Verizon,Concourse,LTE,
2025-11-22 08:38:08.166000-05:00,41.6968862,-86.2297652,7c36e7df,Verizon,Concourse,NR-NSA,
2025-11-22 08:38:13.160000-05:00,41.6968155,-86.2297647,7c36e7df,Verizon,Concourse,NR-NSA,
2025-11-22 08:38:18.167000-05:00,41.6967531,-86.2297529,7c36e7df,Verizon,Concourse,LTE,
2025-11-22 08:38:23.159000-05:00,41.6966816,-86.2297487,7c36e7df,Verizon,Concourse,LTE,
2025-11-22 08:38:28.163000-05:00,41.6966161,-86.2297504,7c36e7df,Verizon,Concourse,LTE,
2025-11-22 08:38:33.158000-05:00,41.6965393,-86.229749,7c36e7df,Verizon,Concourse,LTE,
2025-11-22 08:38:38.166000-05:00,41.6964705,-86.2297565,7c36e7df,Verizon,Concourse,LTE,
2025-11-22 08:38:43.169000-05:00,41.696405,-86.2297552,7c36e7df,Verizon,Concourse,NR-NSA,
2025-11-22 08:38:48.168000-05:00,41.6963356,-86.2297614,7c36e7df,Verizon,Concourse,NR-NSA,
2025-11-22 08:38:53.167000-05:00,41.6962614,-86.2297592,7c36e7df,Verizon,Concourse,NR-NSA,
2025-11-22 08:38:58.163000-05:00,41.6962014,-86.229785,7c36e7df,Verizon,Concourse,NR-NSA,
2025-11-22 08:39:03.171000-05:00,41.6961308,-86.2297852,7c36e7df,Verizon,Concourse,NR-NSA,
2025-11-22 08:39:08.166000-05:00,41.6960649,-86.2298008,7c36e7df,Verizon,Concourse,NR-NSA,
2025-11-22 08:39:13.169000-05:00,41.6960171,-86.2298461,7c36e7df,Verizon,Concourse,NR-NSA,
2025-11-22 08:39:18.171000-05:00,41.6960295,-86.2299451,7c36e7df,Verizon,Concourse,LTE,
2025-11-22 08:39:23.167000-05:00,41.6960517,-86.2300466,7c36e7df,Verizon,Concourse,LTE,
2025-11-22 08:39:28.171000-05:00,41.6960433,-86.2301317,7c36e7df,Verizon,Concourse,LTE,
2025-11-22 08:39:33.173000-05:00,41.6960463,-86.2302184,7c36e7df,Verizon,Concourse,LTE,
2025-11-22 08:39:38.171000-05:00,41.696045,-86.2302616,7c36e7df,Verizon,Concourse,LTE,
2025-11-22 08:39:43.177000-05:00,41.6960449,-86.2302574,7c36e7df,Verizon,Concourse,LTE,
2025-11-22 08:39:48.172000-05:00,41.6960468,-86.2302548,7c36e7df,Verizon,Concourse,LTE,
2025-11-22 08:39:53.171000-05:00,41.696045,-86.2302573,7c36e7df,Verizon,Concourse,LTE,
2025-11-22 08:39:58.171000-05:00,41.6960424,-86.230257,7c36e7df,Verizon,Concourse,LTE,
2025-11-22 08:40:03.169000-05:00,41.6960423,-86.230257,7c36e7df,Verizon,Concourse,LTE,
2025-11-22 08:40:08.169000-05:00,41.6960395,-86.2302516,7c36e7df,Verizon,Concourse,LTE,
2025-11-22 08:40:13.170000-05:00,41.6960395,-86.2302522,7c36e7df,Verizon,Concourse,LTE,
2025-11-22 08:40:18.171000-05:00,41.6960402,-86.230255,7c36e7df,Verizon,Concourse,LTE,
2025-11-22 08:40:23.174000-05:00,41.6960402,-86.2302554,7c36e7df,Verizon,Concourse,LTE,
2025-11-22 08:40:28.168000-05:00,41.6960401,-86.2302558,7c36e7df,Verizon,Concourse,LTE,
2025-11-22 08:40:33.179000-05:00,41.6960401,-86.2302564,7c36e7df,Verizon,Concourse,LTE,
2025-11-22 08:40:38.173000-05:00,41.6960395,-86.2302555,7c36e7df,Verizon,Concourse,LTE,
2025-11-22 08:40:43.173000-05:00,41.6960419,-86.2302941,7c36e7df,Verizon,Concourse,LTE,
2025-11-22 08:40:48.167000-05:00,41.696045,-86.2303812,7c36e7df,Verizon,Concourse,LTE,
2025-11-22 08:40:53.167000-05:00,41.6960386,-86.230472,7c36e7df,Verizon,Concourse,LTE,
2025-11-22 08:40:58.172000-05:00,41.6960365,-86.2305601,7c36e7df,Verizon,Concourse,LTE,
2025-11-22 08:41:03.171000-05:00,41.6960362,-86.2306486,7c36e7df,Verizon,Concourse,LTE,
2025-11-22 08:41:08.174000-05:00,41.6960311,-86.2307445,7c36e7df,Verizon,Concourse,LTE,
2025-11-22 08:41:13.172000-05:00,41.6960316,-86.2308379,7c36e7df,Verizon,Concourse,LTE,
2025-11-22 08:41:18.173000-05:00,41.6960327,-86.2309295,7c36e7df,Verizon,Concourse,LTE,
2025-11-22 08:41:23.172000-05:00,41.6960299,-86.2310258,7c36e7df,Verizon,Concourse,LTE,
2025-11-22 08:41:28.174000-05:00,41.6960327,-86.2311217,7c36e7df,Verizon,Concourse,LTE,
2025-11-22 08:41:33.173000-05:00,41.6960031,-86.2311902,7c36e7df,Verizon,Concourse,LTE,
2025-11-22 08:41:38.171000-05:00,41.6959542,-86.2311181,7c36e7df,Verizon,Concourse,NR-NSA,
2025-11-22 08:41:43.171000-05:00,41.6959519,-86.2310248,7c36e7df,Verizon,Concourse,NR-NSA,
2025-11-22 08:41:48.175000-05:00,41.6959528,-86.2309309,7c36e7df,Verizon,Concourse,NR-NSA,
2025-11-22 08:41:53.178000-05:00,41.6959491,-86.2310177,7c36e7df,Verizon,Concourse,LTE,
2025-11-22 08:41:58.180000-05:00,41.6959511,-86.2311055,7c36e7df,Verizon,Concourse,LTE,
2025-11-22 08:42:03.177000-05:00,41.6959746,-86.2311697,7c36e7df,Verizon,Concourse,LTE,
2025-11-22 08:42:08.175000-05:00,41.695919,-86.2312397,7c36e7df,Verizon,Concourse,LTE,
2025-11-22 08:42:13.178000-05:00,41.6959029,-86.2313337,7c36e7df,Verizon,Concourse,LTE,
2025-11-22 08:42:18.174000-05:00,41.6959041,-86.2314309,7c36e7df,Verizon,Concourse,LTE,
2025-11-22 08:42:23.172000-05:00,41.6958801,-86.2315182,7c36e7df,Verizon,Concourse,LTE,
2025-11-22 08:42:28.177000-05:00,41.6958583,-86.231602,7c36e7df,Verizon,Concourse,LTE,
2025-11-22 08:42:33.177000-05:00,41.6958608,-86.2315346,7c36e7df,Verizon,Concourse,NR-NSA,
2025-11-22 08:42:38.184000-05:00,41.6958918,-86.2314384,7c36e7df,Verizon,Concourse,LTE,
2025-11-22 08:42:43.175000-05:00,41.6959065,-86.231344,7c36e7df,Verizon,Concourse,LTE,
2025-11-22 08:42:48.176000-05:00,41.6959227,-86.2312501,7c36e7df,Verizon,Concourse,LTE,
2025-11-22 08:42:53.176000-05:00,41.6959369,-86.231155,7c36e7df,Verizon,Concourse,LTE,
2025-11-22 08:42:58.170000-05:00,41.6959419,-86.2310672,7c36e7df,Verizon,Concourse,LTE,
2025-11-22 08:43:03.185000-05:00,41.6959483,-86.2309777,7c36e7df,Verizon,Concourse,LTE,
2025-11-22 08:43:08.177000-05:00,41.6959586,-86.2308816,7c36e7df,Verizon,Concourse,LTE,
2025-11-22 08:43:13.174000-05:00,41.6959596,-86.2307894,7c36e7df,Verizon,Concourse,LTE,
2025-11-22 08:43:18.175000-05:00,41.6959575,-86.2306987,7c36e7df,Verizon,Concourse,LTE,
2025-11-22 08:43:23.177000-05:00,41.6959563,-86.2306054,7c36e7df,Verizon,Concourse,LTE,
2025-11-22 08:43:28.176000-05:00,41.6959569,-86.2305138,7c36e7df,Verizon,Concourse,LTE,
2025-11-22 08:43:33.172000-05:00,41.6959558,-86.2304241,7c36e7df,Verizon,Concourse,LTE,
2025-11-22 08:43:38.176000-05:00,41.6959604,-86.2303362,7c36e7df,Verizon,Concourse,LTE,
2025-11-22 08:43:43.178000-05:00,41.6959674,-86.2302469,7c36e7df,Verizon,Concourse,LTE,
2025-11-22 08:43:48.181000-05:00,41.6959651,-86.230158,7c36e7df,Verizon,Concourse,LTE,
2025-11-22 08:43:53.183000-05:00,41.6959512,-86.2300771,7c36e7df,Verizon,Concourse,LTE,
2025-11-22 08:43:58.180000-05:00,41.695932,-86.2300386,7c36e7df,Verizon,Concourse,LTE,
2025-11-22 08:44:03.183000-05:00,41.6959346,-86.2300546,7c36e7df,Verizon,Concourse,NR-NSA,
2025-11-22 08:44:08.180000-05:00,41.6959376,-86.2301003,7c36e7df,Verizon,Concourse,NR-NSA,
2025-11-22 08:44:13.181000-05:00,41.6959289,-86.2301067,7c36e7df,Verizon,Concourse,NR-NSA,
2025-11-22 08:44:18.179000-05:00,41.6959164,-86.230075,7c36e7df,Verizon,Concourse,NR-NSA,
2025-11-22 08:44:23.185000-05:00,41.6959174,-86.2300659,7c36e7df,Verizon,Concourse,NR-NSA,
2025-11-22 08:44:28.178000-05:00,41.6959214,-86.2300661,7c36e7df,Verizon,Concourse,LTE,
2025-11-22 08:44:33.177000-05:00,41.6959215,-86.2300733,7c36e7df,Verizon,Concourse,LTE,
2025-11-22 08:44:38.182000-05:00,41.6959247,-86.2300712,7c36e7df,Verizon,Concourse,LTE,
2025-11-22 08:44:43.178000-05:00,41.6959239,-86.2300644,7c36e7df,Verizon,Concourse,LTE,
2025-11-22 08:44:48.184000-05:00,41.6959222,-86.2300724,7c36e7df,Verizon,Concourse,LTE,
2025-11-22 08:44:53.185000-05:00,41.6958918,-86.230057,7c36e7df,Verizon,Concourse,LTE,
2025-11-22 08:44:58.184000-05:00,41.6958234,-86.2300531,7c36e7df,Verizon,Concourse,LTE,
2025-11-22 08:45:03.184000-05:00,41.6957589,-86.2300532,7c36e7df,Verizon,Concourse,LTE,
2025-11-22 08:45:08.184000-05:00,41.6957016,-86.2300591,7c36e7df,Verizon,Concourse,LTE,
2025-11-22 08:45:13.184000-05:00,41.6957316,-86.2300713,7c36e7df,Verizon,Concourse,LTE,
2025-11-22 08:45:18.183000-05:00,41.6958081,-86.2300765,7c36e7df,Verizon,Concourse,LTE,
2025-11-22 08:45:23.197000-05:00,41.6958768,-86.2300765,7c36e7df,Verizon,Concourse,LTE,
2025-11-22 08:45:28.183000-05:00,41.6959373,-86.2300802,7c36e7df,Verizon,Concourse,LTE,
2025-11-22 08:45:33.193000-05:00,41.6960031,-86.2300873,7c36e7df,Verizon,Concourse,LTE,
2025-11-22 08:45:38.182000-05:00,41.6960689,-86.2301027,7c36e7df,Verizon,Concourse,LTE,
2025-11-22 08:45:43.182000-05:00,41.6961343,-86.2300956,7c36e7df,Verizon,Concourse,LTE,
2025-11-22 08:45:48.189000-05:00,41.6962002,-86.2300884,7c36e7df,Verizon,Concourse,LTE,
2025-11-22 08:45:53.187000-05:00,41.6961986,-86.230096,7c36e7df,Verizon,Concourse,LTE,
2025-11-22 08:45:58.188000-05:00,41.6961979,-86.2300961,7c36e7df,Verizon,Concourse,LTE,
2025-11-22 08:46:03.191000-05:00,41.696206,-86.2300918,7c36e7df,Verizon,Concourse,LTE,
2025-11-22 08:46:08.185000-05:00,41.6962752,-86.2300847,7c36e7df,Verizon,Concourse,LTE,
2025-11-22 08:46:13.184000-05:00,41.696344,-86.2300802,7c36e7df,Verizon,Concourse,LTE,
2025-11-22 08:46:18.188000-05:00,41.6964122,-86.2300826,7c36e7df,Verizon,Concourse,NR-NSA,
2025-11-22 08:46:23.188000-05:00,41.6964792,-86.2300869,7c36e7df,Verizon,Concourse,LTE,
2025-11-22 08:46:28.189000-05:00,41.6965467,-86.2300875,7c36e7df,Verizon,Concourse,LTE,
2025-11-22 08:46:33.188000-05:00,41.6966164,-86.2300848,7c36e7df,Verizon,Concourse,LTE,
2025-11-22 08:46:38.187000-05:00,41.6966866,-86.2300876,7c36e7df,Verizon,Concourse,LTE,
2025-11-22 08:46:43.186000-05:00,41.6967582,-86.2300904,7c36e7df,Verizon,Concourse,LTE,
2025-11-22 08:46:48.183000-05:00,41.6968267,-86.2300895,7c36e7df,Verizon,Concourse,LTE,
2025-11-22 08:46:53.186000-05:00,41.6968929,-86.2300821,7c36e7df,Verizon,Concourse,LTE,
2025-11-22 08:46:58.187000-05:00,41.6968496,-86.2301096,7c36e7df,Verizon,Concourse,LTE,
2025-11-22 08:47:03.190000-05:00,41.696778,-86.2300993,7c36e7df,Verizon,Concourse,NR-NSA,
2025-11-22 08:47:08.190000-05:00,41.6967449,-86.2301249,7c36e7df,Verizon,Concourse,LTE,
2025-11-22 08:47:13.189000-05:00,41.6967462,-86.2301266,7c36e7df,Verizon,Concourse,LTE,
2025-11-22 08:47:18.191000-05:00,41.6967236,-86.2300971,7c36e7df,Verizon,Concourse,LTE,
2025-11-22 08:47:23.191000-05:00,41.6966493,-86.2300888,7c36e7df,Verizon,Concourse,LTE,
2025-11-22 08:47:28.191000-05:00,41.6965764,-86.2300798,7c36e7df,Verizon,Concourse,LTE,
2025-11-22 08:47:33.194000-05:00,41.6965072,-86.2300721,7c36e7df,Verizon,Concourse,LTE,
2025-11-22 08:47:38.191000-05:00,41.696441,-86.2300777,7c36e7df,Verizon,Concourse,LTE,
2025-11-22 08:47:43.194000-05:00,41.696372,-86.23008,7c36e7df,Verizon,Concourse,LTE,
2025-11-22 08:47:48.196000-05:00,41.6963032,-86.230085,7c36e7df,Verizon,Concourse,LTE,
2025-11-22 08:47:53.190000-05:00,41.6962356,-86.2300865,7c36e7df,Verizon,Concourse,LTE,
2025-11-22 08:47:58.197000-05:00,41.6961651,-86.2300867,7c36e7df,Verizon,Concourse,LTE,
2025-11-22 08:48:03.196000-05:00,41.6960918,-86.2300933,7c36e7df,Verizon,Concourse,NR-NSA,
2025-11-22 08:48:08.196000-05:00,41.6960257,-86.2301012,7c36e7df,Verizon,Concourse,LTE,
2025-11-22 08:48:13.198000-05:00,41.6959601,-86.230093,7c36e7df,Verizon,Concourse,LTE,
2025-11-22 08:48:18.194000-05:00,41.6958923,-86.2300807,7c36e7df,Verizon,Concourse,LTE,
2025-11-22 08:48:23.195000-05:00,41.6958487,-86.2300871,7c36e7df,Verizon,Concourse,LTE,
2025-11-22 08:48:28.195000-05:00,41.6957762,-86.2300829,7c36e7df,Verizon,Concourse,LTE,
2025-11-22 08:48:33.204000-05:00,41.6957053,-86.2300847,7c36e7df,Verizon,Concourse,LTE,
2025-11-22 08:48:38.208000-05:00,41.6956334,-86.2300792,7c36e7df,Verizon,Concourse,LTE,
2025-11-22 08:48:43.196000-05:00,41.6955629,-86.2300825,7c36e7df,Verizon,Concourse,LTE,
2025-11-22 08:48:48.192000-05:00,41.6955347,-86.2301671,7c36e7df,Verizon,Concourse,LTE,
2025-11-22 08:48:53.205000-05:00,41.6955597,-86.2302648,7c36e7df,Verizon,Concourse,LTE,
2025-11-22 08:48:58.200000-05:00,41.6956346,-86.2302911,7c36e7df,Verizon,Concourse,LTE,
2025-11-22 08:49:03.207000-05:00,41.6957134,-86.2302943,7c36e7df,Verizon,Concourse,LTE,
2025-11-22 08:49:08.197000-05:00,41.6957905,-86.2302928,7c36e7df,Verizon,Concourse,LTE,
2025-11-22 08:49:13.199000-05:00,41.6958693,-86.2302979,7c36e7df,Verizon,Concourse,LTE,
2025-11-22 08:49:18.204000-05:00,41.6959454,-86.2303044,7c36e7df,Verizon,Concourse,LTE,
2025-11-22 08:49:23.199000-05:00,41.6960137,-86.2303108,7c36e7df,Verizon,Concourse,LTE,
2025-11-22 08:49:28.198000-05:00,41.6960528,-86.2303141,7c36e7df,Verizon,Concourse,LTE,
2025-11-22 08:49:33.199000-05:00,41.6961187,-86.2303218,7c36e7df,Verizon,Concourse,LTE,
2025-11-22 08:49:38.200000-05:00,41.6961953,-86.2303358,7c36e7df,Verizon,Concourse,LTE,
2025-11-22 08:49:43.201000-05:00,41.696269,-86.2303334,7c36e7df,Verizon,Concourse,LTE,
2025-11-22 08:49:48.198000-05:00,41.6963415,-86.2303238,7c36e7df,Verizon,Concourse,LTE,
2025-11-22 08:49:53.199000-05:00,41.6964115,-86.2303192,7c36e7df,Verizon,Concourse,LTE,
2025-11-22 08:49:58.200000-05:00,41.6964834,-86.2303182,7c36e7df,Verizon,Concourse,LTE,
2025-11-22 08:50:03.197000-05:00,41.6965556,-86.230316,7c36e7df,Verizon,Concourse,LTE,
2025-11-22 08:50:08.196000-05:00,41.6966244,-86.2303153,7c36e7df,Verizon,Concourse,LTE,
2025-11-22 08:50:13.200000-05:00,41.6966894,-86.2303189,7c36e7df,Verizon,Concourse,LTE,
2025-11-22 08:50:18.210000-05:00,41.6967512,-86.2303273,7c36e7df,Verizon,Concourse,LTE,
2025-11-22 08:50:23.203000-05:00,41.696807,-86.2303181,7c36e7df,Verizon,Concourse,LTE,
2025-11-22 08:50:28.200000-05:00,41.6968589,-86.2303153,7c36e7df,Verizon,Concourse,LTE,
2025-11-22 08:50:33.203000-05:00,41.6969116,-86.2303146,7c36e7df,Verizon,Concourse,NR-NSA,
2025-11-22 08:50:38.202000-05:00,41.696961,-86.2303173,7c36e7df,Verizon,Concourse,LTE,
2025-11-22 08:50:43.205000-05:00,41.6969639,-86.2303193,7c36e7df,Verizon,Concourse,LTE,
2025-11-22 08:50:48.210000-05:00,41.6969576,-86.2303235,7c36e7df,Verizon,Concourse,LTE,
2025-11-22 08:50:53.201000-05:00,41.6969607,-86.2303527,7c36e7df,Verizon,Concourse,LTE,
2025-11-22 08:50:58.207000-05:00,41.6968873,-86.2303431,7c36e7df,Verizon,Concourse,NR-NSA,
2025-11-22 08:51:03.203000-05:00,41.6968188,-86.230331,7c36e7df,Verizon,Concourse,NR-NSA,
2025-11-22 08:51:08.200000-05:00,41.6967488,-86.2303334,7c36e7df,Verizon,Concourse,LTE,
2025-11-22 08:51:13.201000-05:00,41.6966835,-86.2303401,7c36e7df,Verizon,Concourse,LTE,
2025-11-22 08:51:18.201000-05:00,41.6966163,-86.2303369,7c36e7df,Verizon,Concourse,LTE,
2025-11-22 08:51:23.207000-05:00,41.6965462,-86.2303378,7c36e7df,Verizon,Concourse,LTE,
2025-11-22 08:51:28.201000-05:00,41.696476,-86.23034,7c36e7df,Verizon,Concourse,LTE,
2025-11-22 08:51:33.208000-05:00,41.6964197,-86.2303409,7c36e7df,Verizon,Concourse,LTE,
2025-11-22 08:51:38.203000-05:00,41.6963554,-86.2303384,7c36e7df,Verizon,Concourse,LTE,
2025-11-22 08:51:43.207000-05:00,41.6962844,-86.2303342,7c36e7df,Verizon,Concourse,LTE,
2025-11-22 08:51:48.218000-05:00,41.6962239,-86.2303406,7c36e7df,Verizon,Concourse,LTE,
2025-11-22 08:51:53.202000-05:00,41.6961595,-86.2303439,7c36e7df,Verizon,Concourse,LTE,
2025-11-22 08:51:58.207000-05:00,41.6960941,-86.2303451,7c36e7df,Verizon,Concourse,NR-NSA,
2025-11-22 08:52:03.207000-05:00,41.696021,-86.2303355,7c36e7df,Verizon,Concourse,NR-NSA,
2025-11-22 08:52:08.208000-05:00,41.6959505,-86.2303386,7c36e7df,Verizon,Concourse,NR-NSA,
2025-11-22 08:52:13.206000-05:00,41.6958793,-86.2303405,7c36e7df,Verizon,Concourse,LTE,
2025-11-22 08:52:18.204000-05:00,41.6958027,-86.2303325,7c36e7df,Verizon,Concourse,LTE,
2025-11-22 08:52:23.207000-05:00,41.695729,-86.2303293,7c36e7df,Verizon,Concourse,LTE,
2025-11-22 08:52:28.212000-05:00,41.6956563,-86.230331,7c36e7df,Verizon,Concourse,LTE,
2025-11-22 08:52:33.209000-05:00,41.6955837,-86.2303312,7c36e7df,Verizon,Concourse,LTE,
2025-11-22 08:52:38.209000-05:00,41.6955431,-86.2304058,7c36e7df,Verizon,Concourse,LTE,
2025-11-22 08:52:43.217000-05:00,41.6955537,-86.2305107,7c36e7df,Verizon,Concourse,LTE,
2025-11-22 08:52:48.213000-05:00,41.6956244,-86.2305432,7c36e7df,Verizon,Concourse,LTE,
2025-11-22 08:52:53.205000-05:00,41.6956999,-86.23054,7c36e7df,Verizon,Concourse,LTE,
2025-11-22 08:52:58.213000-05:00,41.6957707,-86.2305399,7c36e7df,Verizon,Concourse,LTE,
2025-11-22 08:53:03.212000-05:00,41.695846,-86.2305493,7c36e7df,Verizon,Concourse,LTE,
2025-11-22 08:53:08.214000-05:00,41.6959228,-86.2305484,7c36e7df,Verizon,Concourse,LTE,
2025-11-22 08:53:13.216000-05:00,41.6959982,-86.2305375,7c36e7df,Verizon,Concourse,LTE,
2025-11-22 08:53:18.218000-05:00,41.696074,-86.2305407,7c36e7df,Verizon,Concourse,LTE,
2025-11-22 08:53:23.211000-05:00,41.696145,-86.2305529,7c36e7df,Verizon,Concourse,LTE,
2025-11-22 08:53:28.212000-05:00,41.6962147,-86.230548,7c36e7df,Verizon,Concourse,LTE,
2025-11-22 08:53:33.218000-05:00,41.6962882,-86.2305432,7c36e7df,Verizon,Concourse,LTE,
2025-11-22 08:53:38.218000-05:00,41.6963643,-86.2305436,7c36e7df,Verizon,Concourse,LTE,
2025-11-22 08:53:43.219000-05:00,41.6964383,-86.2305298,7c36e7df,Verizon,Concourse,LTE,
2025-11-22 08:53:48.218000-05:00,41.6965133,-86.2305326,7c36e7df,Verizon,Concourse,LTE,
2025-11-22 08:53:53.212000-05:00,41.6965868,-86.2305362,7c36e7df,Verizon,Concourse,LTE,
2025-11-22 08:53:58.210000-05:00,41.6966621,-86.2305461,7c36e7df,Verizon,Concourse,LTE,
2025-11-22 08:54:03.216000-05:00,41.6967322,-86.2305464,7c36e7df,Verizon,Concourse,LTE,
2025-11-22 08:54:08.219000-05:00,41.6968046,-86.2305485,7c36e7df,Verizon,Concourse,LTE,
2025-11-22 08:54:13.212000-05:00,41.6968773,-86.2305462,7c36e7df,Verizon,Concourse,LTE,
2025-11-22 08:54:18.223000-05:00,41.6968795,-86.2305862,7c36e7df,Verizon,Concourse,NR-NSA,
2025-11-22 08:54:23.233000-05:00,41.6967936,-86.2305722,7c36e7df,Verizon,Concourse,NR-NSA,
2025-11-22 08:54:28.232000-05:00,41.6967181,-86.2305625,7c36e7df,Verizon,Concourse,LTE,
2025-11-22 08:54:33.218000-05:00,41.696649,-86.2305619,7c36e7df,Verizon,Concourse,LTE,
2025-11-22 08:54:38.232000-05:00,41.696581,-86.2305687,7c36e7df,Verizon,Concourse,LTE,
2025-11-22 08:54:43.227000-05:00,41.6965153,-86.2305667,7c36e7df,Verizon,Concourse,LTE,
2025-11-22 08:54:48.226000-05:00,41.6964497,-86.230567,7c36e7df,Verizon,Concourse,LTE,
2025-11-22 08:54:53.231000-05:00,41.696384,-86.2305596,7c36e7df,Verizon,Concourse,LTE,
2025-11-22 08:54:58.224000-05:00,41.6963099,-86.2305527,7c36e7df,Verizon,Concourse,NR-NSA,
2025-11-22 08:55:03.229000-05:00,41.6962358,-86.2305526,7c36e7df,Verizon,Concourse,NR-NSA,
2025-11-22 08:55:08.237000-05:00,41.6961658,-86.2305584,7c36e7df,Verizon,Concourse,NR-NSA,
2025-11-22 08:55:13.229000-05:00,41.696096,-86.2305484,7c36e7df,Verizon,Concourse,NR-NSA,
2025-11-22 08:55:18.229000-05:00,41.696021,-86.2305489,7c36e7df,Verizon,Concourse,NR-NSA,
2025-11-22 08:55:23.235000-05:00,41.695945,-86.2305506,7c36e7df,Verizon,Concourse,NR-NSA,
2025-11-22 08:55:28.226000-05:00,41.6958745,-86.2305468,7c36e7df,Verizon,Concourse,LTE,
2025-11-22 08:55:33.236000-05:00,41.6957974,-86.2305568,7c36e7df,Verizon,Concourse,NR-NSA,
2025-11-22 08:55:38.235000-05:00,41.6957303,-86.2305572,7c36e7df,Verizon,Concourse,LTE,
2025-11-22 08:55:43.233000-05:00,41.6956659,-86.230558,7c36e7df,Verizon,Concourse,LTE,
2025-11-22 08:55:48.233000-05:00,41.6955985,-86.2305587,7c36e7df,Verizon,Concourse,LTE,
2025-11-22 08:55:53.232000-05:00,41.6955455,-86.2306027,7c36e7df,Verizon,Concourse,LTE,
2025-11-22 08:55:58.235000-05:00,41.6955543,-86.2307087,7c36e7df,Verizon,Concourse,LTE,
2025-11-22 08:56:03.241000-05:00,41.6956239,-86.2307417,7c36e7df,Verizon,Concourse,LTE,
2025-11-22 08:56:08.237000-05:00,41.6956992,-86.2307289,7c36e7df,Verizon,Concourse,LTE,
2025-11-22 08:56:13.244000-05:00,41.6957528,-86.2307336,7c36e7df,Verizon,Concourse,LTE,
2025-11-22 08:56:18.243000-05:00,41.6957456,-86.2307256,7c36e7df,Verizon,Concourse,LTE,
2025-11-22 08:56:23.235000-05:00,41.6957518,-86.2307205,7c36e7df,Verizon,Concourse,LTE,
2025-11-22 08:56:28.238000-05:00,41.6958262,-86.2307233,7c36e7df,Verizon,Concourse,LTE,
2025-11-22 08:56:33.237000-05:00,41.6959033,-86.230723,7c36e7df,Verizon,Concourse,LTE,
2025-11-22 08:56:38.235000-05:00,41.6959742,-86.230728,7c36e7df,Verizon,Concourse,LTE,
2025-11-22 08:56:43.236000-05:00,41.6960423,-86.2307306,7c36e7df,Verizon,Concourse,LTE,
2025-11-22 08:56:48.239000-05:00,41.6961165,-86.230739,7c36e7df,Verizon,Concourse,LTE,
2025-11-22 08:56:53.241000-05:00,41.696189,-86.230733,7c36e7df,Verizon,Concourse,LTE,
2025-11-22 08:56:58.244000-05:00,41.6962587,-86.2307291,7c36e7df,Verizon,Concourse,LTE,
2025-11-22 08:57:03.234000-05:00,41.6963281,-86.2307208,7c36e7df,Verizon,Concourse,LTE,
2025-11-22 08:57:08.236000-05:00,41.6964002,-86.2307215,7c36e7df,Verizon,Concourse,LTE,
2025-11-22 08:57:13.244000-05:00,41.6964744,-86.2307321,7c36e7df,Verizon,Concourse,LTE,
2025-11-22 08:57:18.243000-05:00,41.6965443,-86.2307426,7c36e7df,Verizon,Concourse,LTE,
2025-11-22 08:57:23.237000-05:00,41.6966145,-86.2307468,7c36e7df,Verizon,Concourse,LTE,
2025-11-22 08:57:28.241000-05:00,41.696685,-86.230756,7c36e7df,Verizon,Concourse,LTE,
2025-11-22 08:57:33.236000-05:00,41.6967542,-86.2307567,7c36e7df,Verizon,Concourse,LTE,
2025-11-22 08:57:38.253000-05:00,41.6968243,-86.2307587,7c36e7df,Verizon,Concourse,LTE,
2025-11-22 08:57:43.238000-05:00,41.6968933,-86.2307575,7c36e7df,Verizon,Concourse,LTE,
2025-11-22 08:57:48.236000-05:00,41.6968666,-86.2307768,7c36e7df,Verizon,Concourse,NR-NSA,
2025-11-22 08:57:53.242000-05:00,41.6967861,-86.2307673,7c36e7df,Verizon,Concourse,LTE,
2025-11-22 08:57:58.242000-05:00,41.6967089,-86.2307755,7c36e7df,Verizon,Concourse,LTE,
2025-11-22 08:58:03.238000-05:00,41.6966382,-86.2307716,7c36e7df,Verizon,Concourse,LTE,
2025-11-22 08:58:08.240000-05:00,41.696566,-86.2307665,7c36e7df,Verizon,Concourse,LTE,
2025-11-22 08:58:13.241000-05:00,41.6964928,-86.2307641,7c36e7df,Verizon,Concourse,LTE,
2025-11-22 08:58:18.238000-05:00,41.6964187,-86.2307599,7c36e7df,Verizon,Concourse,LTE,
2025-11-22 08:58:23.237000-05:00,41.6963443,-86.2307588,7c36e7df,Verizon,Concourse,LTE,
2025-11-22 08:58:28.244000-05:00,41.6962739,-86.2307609,7c36e7df,Verizon,Concourse,NR-NSA,
2025-11-22 08:58:33.238000-05:00,41.6962052,-86.2307625,7c36e7df,Verizon,Concourse,LTE,
2025-11-22 08:58:38.240000-05:00,41.6961356,-86.2307593,7c36e7df,Verizon,Concourse,NR-NSA,
2025-11-22 08:58:43.245000-05:00,41.6960638,-86.2307569,7c36e7df,Verizon,Concourse,LTE,
2025-11-22 08:58:48.244000-05:00,41.6959937,-86.2307618,7c36e7df,Verizon,Concourse,LTE,
2025-11-22 08:58:53.247000-05:00,41.6959224,-86.2307628,7c36e7df,Verizon,Concourse,NR-NSA,
2025-11-22 08:58:58.246000-05:00,41.6958516,-86.2307609,7c36e7df,Verizon,Concourse,LTE,
2025-11-22 08:59:03.242000-05:00,41.6957804,-86.2307564,7c36e7df,Verizon,Concourse,LTE,
2025-11-22 08:59:08.246000-05:00,41.6957066,-86.2307572,7c36e7df,Verizon,Concourse,LTE,
2025-11-22 08:59:13.243000-05:00,41.6956312,-86.2307505,7c36e7df,Verizon,Concourse,LTE,
2025-11-22 08:59:18.242000-05:00,41.6955617,-86.2307437,7c36e7df,Verizon,Concourse,NR-NSA,
2025-11-22 08:59:23.241000-05:00,41.69553,-86.2308054,7c36e7df,Verizon,Concourse,LTE,
2025-11-22 08:59:28.247000-05:00,41.6955553,-86.2309267,7c36e7df,Verizon,Concourse,LTE,
2025-11-22 08:59:33.242000-05:00,41.69563,-86.230957,7c36e7df,Verizon,Concourse,LTE,
2025-11-22 08:59:38.246000-05:00,41.6957063,-86.2309589,7c36e7df,Verizon,Concourse,LTE,
2025-11-22 08:59:43.247000-05:00,41.6957821,-86.2309636,7c36e7df,Verizon,Concourse,LTE,
2025-11-22 08:59:48.247000-05:00,41.6958551,-86.2309636,7c36e7df,Verizon,Concourse,NR-NSA,
2025-11-22 08:59:53.245000-05:00,41.6959282,-86.2309685,7c36e7df,Verizon,Concourse,LTE,
2025-11-22 08:59:58.246000-05:00,41.6959986,-86.2309753,7c36e7df,Verizon,Concourse,LTE,
2025-11-22 09:00:03.240000-05:00,41.6960682,-86.2309785,7c36e7df,Verizon,Concourse,LTE,
2025-11-22 09:00:08.246000-05:00,41.6961406,-86.230984,7c36e7df,Verizon,Concourse,LTE,
2025-11-22 09:00:13.244000-05:00,41.6962133,-86.2309856,7c36e7df,Verizon,Concourse,LTE,
2025-11-22 09:00:18.244000-05:00,41.6962799,-86.2309878,7c36e7df,Verizon,Concourse,LTE,
2025-11-22 09:00:23.247000-05:00,41.696354,-86.2309868,7c36e7df,Verizon,Concourse,NR-NSA,
2025-11-22 09:00:28.246000-05:00,41.6964299,-86.2309842,7c36e7df,Verizon,Concourse,LTE,
2025-11-22 09:00:33.249000-05:00,41.6965056,-86.2309851,7c36e7df,Verizon,Concourse,LTE,
2025-11-22 09:00:38.249000-05:00,41.6965784,-86.2309847,7c36e7df,Verizon,Concourse,LTE,
2025-11-22 09:00:43.245000-05:00,41.6966461,-86.230983,7c36e7df,Verizon,Concourse,LTE,
2025-11-22 09:00:48.249000-05:00,41.6967164,-86.2309809,7c36e7df,Verizon,Concourse,LTE,
2025-11-22 09:00:53.246000-05:00,41.6967887,-86.2309841,7c36e7df,Verizon,Concourse,LTE,
2025-11-22 09:00:58.246000-05:00,41.6968628,-86.2309877,7c36e7df,Verizon,Concourse,LTE,
2025-11-22 09:01:03.247000-05:00,41.6968411,-86.231,7c36e7df,Verizon,Concourse,LTE,
2025-11-22 09:01:08.249000-05:00,41.6967576,-86.2309847,7c36e7df,Verizon,Concourse,LTE,
2025-11-22 09:01:13.243000-05:00,41.6966862,-86.2309821,7c36e7df,Verizon,Concourse,LTE,
2025-11-22 09:01:18.249000-05:00,41.6966121,-86.2309877,7c36e7df,Verizon,Concourse,LTE,
2025-11-22 09:01:23.250000-05:00,41.6965423,-86.2309858,7c36e7df,Verizon,Concourse,LTE,
2025-11-22 09:01:28.258000-05:00,41.6964684,-86.2309889,7c36e7df,Verizon,Concourse,NR-NSA,
2025-11-22 09:01:33.249000-05:00,41.6963961,-86.2309868,7c36e7df,Verizon,Concourse,LTE,
2025-11-22 09:01:38.247000-05:00,41.6963281,-86.2309882,7c36e7df,Verizon,Concourse,LTE,
2025-11-22 09:01:43.244000-05:00,41.6962563,-86.2309867,7c36e7df,Verizon,Concourse,NR-NSA,
2025-11-22 09:01:48.251000-05:00,41.6961822,-86.2309967,7c36e7df,Verizon,Concourse,NR-NSA,
2025-11-22 09:01:53.254000-05:00,41.696116,-86.231002,7c36e7df,Verizon,Concourse,NR-NSA,
2025-11-22 09:01:58.252000-05:00,41.6960462,-86.2309928,7c36e7df,Verizon,Concourse,NR-NSA,
2025-11-22 09:02:03.252000-05:00,41.6959751,-86.2309841,7c36e7df,Verizon,Concourse,LTE,
2025-11-22 09:02:08.256000-05:00,41.695911,-86.230989,7c36e7df,Verizon,Concourse,NR-NSA,
2025-11-22 09:02:13.247000-05:00,41.6958252,-86.2309916,7c36e7df,Verizon,Concourse,NR-NSA,
2025-11-22 09:02:18.257000-05:00,41.6957615,-86.230993,7c36e7df,Verizon,Concourse,NR-NSA,
2025-11-22 09:02:23.254000-05:00,41.6956805,-86.2309999,7c36e7df,Verizon,Concourse,LTE,
2025-11-22 09:02:28.252000-05:00,41.6956084,-86.2309997,7c36e7df,Verizon,Concourse,LTE,
2025-11-22 09:02:33.259000-05:00,41.6955448,-86.2310243,7c36e7df,Verizon,Concourse,LTE,
2025-11-22 09:02:38.256000-05:00,41.6955506,-86.2311361,7c36e7df,Verizon,Concourse,LTE,
2025-11-22 09:02:43.260000-05:00,41.6956232,-86.2311795,7c36e7df,Verizon,Concourse,LTE,
2025-11-22 09:02:48.262000-05:00,41.6957014,-86.2311913,7c36e7df,Verizon,Concourse,LTE,
2025-11-22 09:02:53.257000-05:00,41.6957784,-86.2311879,7c36e7df,Verizon,Concourse,LTE,
2025-11-22 09:02:58.262000-05:00,41.6958538,-86.2311858,7c36e7df,Verizon,Concourse,LTE,
2025-11-22 09:03:03.258000-05:00,41.6959294,-86.2311889,7c36e7df,Verizon,Concourse,LTE,
2025-11-22 09:03:08.253000-05:00,41.696005,-86.2311922,7c36e7df,Verizon,Concourse,NR-NSA,
2025-11-22 09:03:13.257000-05:00,41.6960787,-86.2311979,7c36e7df,Verizon,Concourse,LTE,
2025-11-22 09:03:18.260000-05:00,41.6961354,-86.2311906,7c36e7df,Verizon,Concourse,LTE,
2025-11-22 09:03:23.259000-05:00,41.6962195,-86.2311884,7c36e7df,Verizon,Concourse,LTE,
2025-11-22 09:03:28.262000-05:00,41.6962933,-86.2311881,7c36e7df,Verizon,Concourse,LTE,
2025-11-22 09:03:33.262000-05:00,41.6963739,-86.2311967,7c36e7df,Verizon,Concourse,LTE,
2025-11-22 09:03:38.261000-05:00,41.6964536,-86.2311992,7c36e7df,Verizon,Concourse,LTE,
2025-11-22 09:03:43.267000-05:00,41.6965305,-86.2311991,7c36e7df,Verizon,Concourse,LTE,
2025-11-22 09:03:48.257000-05:00,41.6966044,-86.2311997,7c36e7df,Verizon,Concourse,LTE,
2025-11-22 09:03:53.257000-05:00,41.6966791,-86.2312078,7c36e7df,Verizon,Concourse,LTE,
2025-11-22 09:03:58.261000-05:00,41.6967538,-86.2312029,7c36e7df,Verizon,Concourse,LTE,
2025-11-22 09:04:03.261000-05:00,41.6968272,-86.2312072,7c36e7df,Verizon,Concourse,LTE,
2025-11-22 09:04:08.257000-05:00,41.6968819,-86.2312633,7c36e7df,Verizon,Concourse,LTE,
2025-11-22 09:04:13.265000-05:00,41.6968738,-86.2313655,7c36e7df,Verizon,Concourse,LTE,
2025-11-22 09:04:18.258000-05:00,41.696821,-86.2314329,7c36e7df,Verizon,Concourse,LTE,
2025-11-22 09:04:23.263000-05:00,41.6967434,-86.2313987,7c36e7df,Verizon,Concourse,LTE,
2025-11-22 09:04:28.263000-05:00,41.6966696,-86.2314219,7c36e7df,Verizon,Concourse,LTE,
2025-11-22 09:04:33.263000-05:00,41.6965955,-86.2314242,7c36e7df,Verizon,Concourse,LTE,
2025-11-22 09:04:38.263000-05:00,41.6965252,-86.2314069,7c36e7df,Verizon,Concourse,LTE,
2025-11-22 09:04:43.264000-05:00,41.6964509,-86.2314092,7c36e7df,Verizon,Concourse,LTE,
2025-11-22 09:04:48.264000-05:00,41.6963771,-86.2314145,7c36e7df,Verizon,Concourse,LTE,
2025-11-22 09:04:53.263000-05:00,41.6963059,-86.2314017,7c36e7df,Verizon,Concourse,LTE,
2025-11-22 09:04:58.265000-05:00,41.6962326,-86.2313935,7c36e7df,Verizon,Concourse,LTE,
2025-11-22 09:05:03.263000-05:00,41.6961607,-86.2313947,7c36e7df,Verizon,Concourse,NR-NSA,
2025-11-22 09:05:08.265000-05:00,41.6960867,-86.2313923,7c36e7df,Verizon,Concourse,NR-NSA,
2025-11-22 09:05:13.259000-05:00,41.6960129,-86.231401,7c36e7df,Verizon,Concourse,LTE,
2025-11-22 09:05:18.263000-05:00,41.6959474,-86.2314132,7c36e7df,Verizon,Concourse,LTE,
2025-11-22 09:05:23.267000-05:00,41.6958765,-86.2314111,7c36e7df,Verizon,Concourse,LTE,
2025-11-22 09:05:28.260000-05:00,41.6958084,-86.2314224,7c36e7df,Verizon,Concourse,NR-NSA,
2025-11-22 09:05:33.265000-05:00,41.6957398,-86.2314283,7c36e7df,Verizon,Concourse,NR-NSA,
2025-11-22 09:05:38.260000-05:00,41.6956692,-86.2314271,7c36e7df,Verizon,Concourse,LTE,
2025-11-22 09:05:43.262000-05:00,41.6956001,-86.2314217,7c36e7df,Verizon,Concourse,LTE,
2025-11-22 09:05:48.265000-05:00,41.6955304,-86.2314221,7c36e7df,Verizon,Concourse,LTE,
2025-11-22 09:05:53.262000-05:00,41.695558,-86.2313867,7c36e7df,Verizon,Concourse,NR-NSA,
2025-11-22 09:05:58.266000-05:00,41.6956314,-86.2313967,7c36e7df,Verizon,Concourse,LTE,
2025-11-22 09:06:03.265000-05:00,41.6957075,-86.2314052,7c36e7df,Verizon,Concourse,LTE,
2025-11-22 09:06:08.273000-05:00,41.6957813,-86.2314125,7c36e7df,Verizon,Concourse,LTE,
2025-11-22 09:06:13.267000-05:00,41.6958529,-86.2314091,7c36e7df,Verizon,Concourse,LTE,
2025-11-22 09:06:18.266000-05:00,41.695921,-86.2314073,7c36e7df,Verizon,Concourse,LTE,
2025-11-22 09:06:23.264000-05:00,41.6959951,-86.2314105,7c36e7df,Verizon,Concourse,LTE,
2025-11-22 09:06:28.269000-05:00,41.696071,-86.2314145,7c36e7df,Verizon,Concourse,LTE,
2025-11-22 09:06:33.266000-05:00,41.6961405,-86.231412,7c36e7df,Verizon,Concourse,LTE,
2025-11-22 09:06:38.269000-05:00,41.6962129,-86.2314137,7c36e7df,Verizon,Concourse,LTE,
2025-11-22 09:06:43.259000-05:00,41.6962828,-86.2314145,7c36e7df,Verizon,Concourse,LTE,
2025-11-22 09:06:48.269000-05:00,41.6963484,-86.231415,7c36e7df,Verizon,Concourse,LTE,
2025-11-22 09:06:53.267000-05:00,41.6964178,-86.2314167,7c36e7df,Verizon,Concourse,LTE,
2025-11-22 09:06:58.268000-05:00,41.696489,-86.2314146,7c36e7df,Verizon,Concourse,LTE,
2025-11-22 09:07:03.266000-05:00,41.6965612,-86.2314361,7c36e7df,Verizon,Concourse,LTE,
2025-11-22 09:07:08.263000-05:00,41.6966323,-86.2314378,7c36e7df,Verizon,Concourse,LTE,
2025-11-22 09:07:13.265000-05:00,41.6966983,-86.2314303,7c36e7df,Verizon,Concourse,LTE,
2025-11-22 09:07:18.273000-05:00,41.6967629,-86.2314055,7c36e7df,Verizon,Concourse,LTE,
2025-11-22 09:07:23.265000-05:00,41.6968282,-86.2314315,7c36e7df,Verizon,Concourse,LTE,
2025-11-22 09:07:28.274000-05:00,41.6968769,-86.2313686,7c36e7df,Verizon,Concourse,LTE,
2025-11-22 09:07:33.270000-05:00,41.6968747,-86.2312698,7c36e7df,Verizon,Concourse,LTE,
2025-11-22 09:07:38.270000-05:00,41.6968296,-86.2311999,7c36e7df,Verizon,Concourse,LTE,
2025-11-22 09:07:43.271000-05:00,41.6967541,-86.2311974,7c36e7df,Verizon,Concourse,LTE,
2025-11-22 09:07:48.282000-05:00,41.6966839,-86.2311991,7c36e7df,Verizon,Concourse,LTE,
2025-11-22 09:07:53.279000-05:00,41.6966118,-86.2312136,7c36e7df,Verizon,Concourse,LTE,
2025-11-22 09:07:58.277000-05:00,41.6965421,-86.2312183,7c36e7df,Verizon,Concourse,LTE,
2025-11-22 09:08:03.277000-05:00,41.6964725,-86.2312177,7c36e7df,Verizon,Concourse,LTE,
2025-11-22 09:08:08.273000-05:00,41.696406,-86.2312197,7c36e7df,Verizon,Concourse,LTE,
2025-11-22 09:08:13.270000-05:00,41.6963353,-86.231209,7c36e7df,Verizon,Concourse,LTE,
2025-11-22 09:08:18.272000-05:00,41.6962642,-86.2311706,7c36e7df,Verizon,Concourse,LTE,
2025-11-22 09:08:23.273000-05:00,41.6961916,-86.2311852,7c36e7df,Verizon,Concourse,LTE,
2025-11-22 09:08:28.274000-05:00,41.6961214,-86.2311876,7c36e7df,Verizon,Concourse,LTE,
2025-11-22 09:08:33.277000-05:00,41.6960472,-86.2311866,7c36e7df,Verizon,Concourse,LTE,
2025-11-22 09:08:38.272000-05:00,41.6959791,-86.2311919,7c36e7df,Verizon,Concourse,LTE,
2025-11-22 09:08:43.269000-05:00,41.6959072,-86.2311922,7c36e7df,Verizon,Concourse,NR-NSA,
2025-11-22 09:08:48.275000-05:00,41.6958361,-86.2311815,7c36e7df,Verizon,Concourse,NR-NSA,
2025-11-22 09:08:53.270000-05:00,41.6957592,-86.2311664,7c36e7df,Verizon,Concourse,NR-NSA,
2025-11-22 09:08:58.272000-05:00,41.6956825,-86.2311787,7c36e7df,Verizon,Concourse,NR-NSA,
2025-11-22 09:09:03.272000-05:00,41.6956127,-86.2311745,7c36e7df,Verizon,Concourse,LTE,
2025-11-22 09:09:08.272000-05:00,41.6955497,-86.231201,7c36e7df,Verizon,Concourse,LTE,
2025-11-22 09:09:13.281000-05:00,41.6955396,-86.2313093,7c36e7df,Verizon,Concourse,LTE,
2025-11-22 09:09:18.272000-05:00,41.695542,-86.2314127,7c36e7df,Verizon,Concourse,LTE,
2025-11-22 09:09:23.277000-05:00,41.6955382,-86.2315132,7c36e7df,Verizon,Concourse,LTE,
2025-11-22 09:09:28.279000-05:00,41.6955457,-86.231606,7c36e7df,Verizon,Concourse,LTE,
2025-11-22 09:09:33.276000-05:00,41.695613,-86.2316394,7c36e7df,Verizon,Concourse,LTE,
2025-11-22 09:09:38.276000-05:00,41.6956877,-86.2316189,7c36e7df,Verizon,Concourse,LTE,
2025-11-22 09:09:43.277000-05:00,41.6957597,-86.2316124,7c36e7df,Verizon,Concourse,NR-NSA,
2025-11-22 09:09:48.278000-05:00,41.6958328,-86.2316124,7c36e7df,Verizon,Concourse,NR-NSA,
2025-11-22 09:09:53.279000-05:00,41.6959077,-86.2316246,7c36e7df,Verizon,Concourse,LTE,
2025-11-22 09:09:58.277000-05:00,41.6959817,-86.2316325,7c36e7df,Verizon,Concourse,LTE,
2025-11-22 09:10:03.281000-05:00,41.6960539,-86.2316282,7c36e7df,Verizon,Concourse,LTE,
2025-11-22 09:10:08.281000-05:00,41.6961199,-86.2316502,7c36e7df,Verizon,Concourse,LTE,
2025-11-22 09:10:13.283000-05:00,41.6961943,-86.2316365,7c36e7df,Verizon,Concourse,LTE,
2025-11-22 09:10:18.282000-05:00,41.6962679,-86.2316347,7c36e7df,Verizon,Concourse,LTE,
2025-11-22 09:10:23.277000-05:00,41.6963374,-86.2316471,7c36e7df,Verizon,Concourse,LTE,
2025-11-22 09:10:28.279000-05:00,41.6964154,-86.2316376,7c36e7df,Verizon,Concourse,LTE,
2025-11-22 09:10:33.282000-05:00,41.6964905,-86.2316395,7c36e7df,Verizon,Concourse,LTE,
2025-11-22 09:10:38.280000-05:00,41.6965626,-86.2316532,7c36e7df,Verizon,Concourse,LTE,
2025-11-22 09:10:43.293000-05:00,41.6966353,-86.2316571,7c36e7df,Verizon,Concourse,LTE,
2025-11-22 09:10:48.285000-05:00,41.6967099,-86.2316609,7c36e7df,Verizon,Concourse,LTE,
2025-11-22 09:10:53.279000-05:00,41.6967843,-86.2316519,7c36e7df,Verizon,Concourse,LTE,
2025-11-22 09:10:58.277000-05:00,41.6968576,-86.2316499,7c36e7df,Verizon,Concourse,LTE,
2025-11-22 09:11:03.283000-05:00,41.6968152,-86.2316641,7c36e7df,Verizon,Concourse,LTE,
2025-11-22 09:11:08.292000-05:00,41.6967286,-86.2316491,7c36e7df,Verizon,Concourse,LTE,
2025-11-22 09:11:13.286000-05:00,41.6966498,-86.2316458,7c36e7df,Verizon,Concourse,LTE,
2025-11-22 09:11:18.281000-05:00,41.6965726,-86.2316439,7c36e7df,Verizon,Concourse,LTE,
2025-11-22 09:11:23.283000-05:00,41.6964992,-86.2316268,7c36e7df,Verizon,Concourse,LTE,
2025-11-22 09:11:28.281000-05:00,41.6964297,-86.2316327,7c36e7df,Verizon,Concourse,LTE,
2025-11-22 09:11:33.280000-05:00,41.6963557,-86.2316381,7c36e7df,Verizon,Concourse,LTE,
2025-11-22 09:11:38.280000-05:00,41.6962829,-86.2316356,7c36e7df,Verizon,Concourse,LTE,
2025-11-22 09:11:43.283000-05:00,41.6962095,-86.2316347,7c36e7df,Verizon,Concourse,LTE,
2025-11-22 09:11:48.284000-05:00,41.6961389,-86.231641,7c36e7df,Verizon,Concourse,LTE,
2025-11-22 09:11:53.287000-05:00,41.6960664,-86.2316373,7c36e7df,Verizon,Concourse,LTE,
2025-11-22 09:11:58.285000-05:00,41.6959954,-86.2316364,7c36e7df,Verizon,Concourse,LTE,
2025-11-22 09:12:03.294000-05:00,41.6959241,-86.231619,7c36e7df,Verizon,Concourse,LTE,
2025-11-22 09:12:08.285000-05:00,41.6958522,-86.2316106,7c36e7df,Verizon,Concourse,LTE,
2025-11-22 09:12:13.282000-05:00,41.6957792,-86.2316044,7c36e7df,Verizon,Concourse,NR-NSA,
2025-11-22 09:12:18.284000-05:00,41.6957079,-86.2316159,7c36e7df,Verizon,Concourse,NR-NSA,
2025-11-22 09:12:23.289000-05:00,41.6956361,-86.2316322,7c36e7df,Verizon,Concourse,LTE,
2025-11-22 09:12:28.284000-05:00,41.6955672,-86.2316523,7c36e7df,Verizon,Concourse,LTE,
2025-11-22 09:12:33.288000-05:00,41.6955377,-86.231733,7c36e7df,Verizon,Concourse,LTE,
2025-11-22 09:12:38.286000-05:00,41.6955697,-86.231828,7c36e7df,Verizon,Concourse,LTE,
2025-11-22 09:12:43.288000-05:00,41.6956455,-86.2318439,7c36e7df,Verizon,Concourse,LTE,
2025-11-22 09:12:48.292000-05:00,41.6957149,-86.2318465,7c36e7df,Verizon,Concourse,LTE,
2025-11-22 09:12:53.291000-05:00,41.6957868,-86.231842,7c36e7df,Verizon,Concourse,LTE,
2025-11-22 09:12:58.291000-05:00,41.695863,-86.2318452,7c36e7df,Verizon,Concourse,LTE,
2025-11-22 09:13:03.293000-05:00,41.6959424,-86.2318422,7c36e7df,Verizon,Concourse,LTE,
2025-11-22 09:13:08.287000-05:00,41.6960202,-86.2318454,7c36e7df,Verizon,Concourse,LTE,
2025-11-22 09:13:13.289000-05:00,41.6960954,-86.2318701,7c36e7df,Verizon,Concourse,LTE,
2025-11-22 09:13:18.285000-05:00,41.6961706,-86.2318587,7c36e7df,Verizon,Concourse,LTE,
2025-11-22 09:13:23.286000-05:00,41.6962469,-86.231863,7c36e7df,Verizon,Concourse,LTE,
2025-11-22 09:13:28.292000-05:00,41.6963201,-86.2318749,7c36e7df,Verizon,Concourse,LTE,
2025-11-22 09:13:33.292000-05:00,41.6963918,-86.2318733,7c36e7df,Verizon,Concourse,LTE,
2025-11-22 09:13:38.291000-05:00,41.6964649,-86.231865,7c36e7df,Verizon,Concourse,LTE,
2025-11-22 09:13:43.292000-05:00,41.6965413,-86.2318554,7c36e7df,Verizon,Concourse,LTE,
2025-11-22 09:13:48.290000-05:00,41.6966182,-86.231855,7c36e7df,Verizon,Concourse,LTE,
2025-11-22 09:13:53.289000-05:00,41.6966897,-86.2318603,7c36e7df,Verizon,Concourse,LTE,
2025-11-22 09:13:58.294000-05:00,41.6967596,-86.2318652,7c36e7df,Verizon,Concourse,LTE,
2025-11-22 09:14:03.289000-05:00,41.6968337,-86.231863,7c36e7df,Verizon,Concourse,LTE,
2025-11-22 09:14:08.288000-05:00,41.6969032,-86.2318637,7c36e7df,Verizon,Concourse,LTE,
2025-11-22 09:14:13.288000-05:00,41.6968456,-86.2318831,7c36e7df,Verizon,Concourse,LTE,
2025-11-22 09:14:18.295000-05:00,41.6967659,-86.2318635,7c36e7df,Verizon,Concourse,LTE,
2025-11-22 09:14:23.294000-05:00,41.6966915,-86.2318591,7c36e7df,Verizon,Concourse,LTE,
2025-11-22 09:14:28.293000-05:00,41.6966166,-86.2318513,7c36e7df,Verizon,Concourse,LTE,
2025-11-22 09:14:33.287000-05:00,41.696543,-86.2318475,7c36e7df,Verizon,Concourse,LTE,
2025-11-22 09:14:38.291000-05:00,41.6964706,-86.2318528,7c36e7df,Verizon,Concourse,LTE,
2025-11-22 09:14:43.293000-05:00,41.6964021,-86.2318706,7c36e7df,Verizon,Concourse,LTE,
2025-11-22 09:14:48.292000-05:00,41.6963313,-86.2318803,7c36e7df,Verizon,Concourse,LTE,
2025-11-22 09:14:53.294000-05:00,41.6962592,-86.2318732,7c36e7df,Verizon,Concourse,LTE,
2025-11-22 09:14:58.295000-05:00,41.6961883,-86.231867,7c36e7df,Verizon,Concourse,LTE,
2025-11-22 09:15:03.295000-05:00,41.6961171,-86.2318712,7c36e7df,Verizon,Concourse,LTE,
2025-11-22 09:15:08.294000-05:00,41.6960446,-86.2318737,7c36e7df,Verizon,Concourse,LTE,
2025-11-22 09:15:13.295000-05:00,41.6959742,-86.2318644,7c36e7df,Verizon,Concourse,LTE,
2025-11-22 09:15:18.292000-05:00,41.6959013,-86.2318456,7c36e7df,Verizon,Concourse,LTE,
2025-11-22 09:15:23.296000-05:00,41.6958266,-86.2318454,7c36e7df,Verizon,Concourse,LTE,
2025-11-22 09:15:28.298000-05:00,41.6957523,-86.231843,7c36e7df,Verizon,Concourse,LTE,
2025-11-22 09:15:33.300000-05:00,41.6956782,-86.2318422,7c36e7df,Verizon,Concourse,LTE,
2025-11-22 09:15:38.295000-05:00,41.6956056,-86.2318411,7c36e7df,Verizon,Concourse,LTE,
2025-11-22 09:15:43.299000-05:00,41.6955423,-86.2318014,7c36e7df,Verizon,Concourse,LTE,
2025-11-22 09:15:48.304000-05:00,41.6955334,-86.2317042,7c36e7df,Verizon,Concourse,LTE,
2025-11-22 09:15:53.299000-05:00,41.6955382,-86.2316041,7c36e7df,Verizon,Concourse,LTE,
2025-11-22 09:15:58.304000-05:00,41.6955389,-86.231507,7c36e7df,Verizon,Concourse,LTE,
2025-11-22 09:16:03.296000-05:00,41.6955349,-86.2314105,7c36e7df,Verizon,Concourse,LTE,
2025-11-22 09:16:08.299000-05:00,41.6955389,-86.2313108,7c36e7df,Verizon,Concourse,NR-NSA,
2025-11-22 09:16:13.291000-05:00,41.6955471,-86.2312108,7c36e7df,Verizon,Concourse,NR-NSA,
2025-11-22 09:16:18.293000-05:00,41.6955457,-86.2311107,7c36e7df,Verizon,Concourse,NR-NSA,
2025-11-22 09:16:23.295000-05:00,41.6955393,-86.231013,7c36e7df,Verizon,Concourse,NR-NSA,
2025-11-22 09:16:28.297000-05:00,41.6955394,-86.2309126,7c36e7df,Verizon,Concourse,NR-NSA,
2025-11-22 09:16:33.293000-05:00,41.6955406,-86.2308194,7c36e7df,Verizon,Concourse,LTE,
2025-11-22 09:16:38.298000-05:00,41.6955349,-86.230722,7c36e7df,Verizon,Concourse,LTE,
2025-11-22 09:16:43.301000-05:00,41.6955288,-86.2306233,7c36e7df,Verizon,Concourse,LTE,
2025-11-22 09:16:48.295000-05:00,41.6955276,-86.2305231,7c36e7df,Verizon,Concourse,LTE,
2025-11-22 09:16:53.298000-05:00,41.6955264,-86.2304294,7c36e7df,Verizon,Concourse,LTE,
2025-11-22 09:16:58.305000-05:00,41.695524,-86.2303317,7c36e7df,Verizon,Concourse,LTE,
2025-11-22 09:17:03.297000-05:00,41.6955286,-86.2302376,7c36e7df,Verizon,Concourse,LTE,
2025-11-22 09:17:08.302000-05:00,41.6955309,-86.2301416,7c36e7df,Verizon,Concourse,LTE,
2025-11-22 09:17:13.300000-05:00,41.6955466,-86.2301302,7c36e7df,Verizon,Concourse,LTE,
2025-11-22 09:17:18.296000-05:00,41.6955369,-86.2302453,7c36e7df,Verizon,Concourse,LTE,
2025-11-22 09:17:23.300000-05:00,41.6955382,-86.2303546,7c36e7df,Verizon,Concourse,LTE,
2025-11-22 09:17:28.300000-05:00,41.6955381,-86.2304526,7c36e7df,Verizon,Concourse,LTE,
2025-11-22 09:17:33.307000-05:00,41.6955343,-86.2305526,7c36e7df,Verizon,Concourse,LTE,
2025-11-22 09:17:38.299000-05:00,41.6955356,-86.2306481,7c36e7df,Verizon,Concourse,LTE,
2025-11-22 09:17:43.300000-05:00,41.6955375,-86.2307435,7c36e7df,Verizon,Concourse,LTE,
2025-11-22 09:17:48.303000-05:00,41.6955413,-86.2308389,7c36e7df,Verizon,Concourse,LTE,
2025-11-22 09:17:53.297000-05:00,41.6955438,-86.2309308,7c36e7df,Verizon,Concourse,LTE,
2025-11-22 09:17:58.296000-05:00,41.6955401,-86.2310248,7c36e7df,Verizon,Concourse,LTE,
2025-11-22 09:18:03.298000-05:00,41.6955264,-86.2311175,7c36e7df,Verizon,Concourse,LTE,
2025-11-22 09:18:08.302000-05:00,41.6955389,-86.2312129,7c36e7df,Verizon,Concourse,LTE,
2025-11-22 09:18:13.302000-05:00,41.695536,-86.2313097,7c36e7df,Verizon,Concourse,LTE,
2025-11-22 09:18:18.297000-05:00,41.6955358,-86.2314078,7c36e7df,Verizon,Concourse,LTE,
2025-11-22 09:18:23.302000-05:00,41.6955364,-86.2315042,7c36e7df,Verizon,Concourse,LTE,
2025-11-22 09:18:28.299000-05:00,41.6955389,-86.2316014,7c36e7df,Verizon,Concourse,LTE,
2025-11-22 09:18:33.303000-05:00,41.6955359,-86.2316939,7c36e7df,Verizon,Concourse,LTE,
2025-11-22 09:18:38.297000-05:00,41.6955277,-86.2317896,7c36e7df,Verizon,Concourse,LTE,
2025-11-22 09:18:43.302000-05:00,41.6955113,-86.2318808,7c36e7df,Verizon,Concourse,LTE,
2025-11-22 09:18:48.305000-05:00,41.695507,-86.2319696,7c36e7df,Verizon,Concourse,LTE,
2025-11-22 09:18:53.303000-05:00,41.6955536,-86.2320307,7c36e7df,Verizon,Concourse,LTE,
2025-11-22 09:18:58.299000-05:00,41.6956306,-86.2320293,7c36e7df,Verizon,Concourse,LTE,
2025-11-22 09:19:03.301000-05:00,41.6957029,-86.2320273,7c36e7df,Verizon,Concourse,LTE,
2025-11-22 09:19:08.302000-05:00,41.6957722,-86.2320201,7c36e7df,Verizon,Concourse,LTE,
2025-11-22 09:19:13.301000-05:00,41.6958422,-86.2320182,7c36e7df,Verizon,Concourse,LTE,
2025-11-22 09:19:18.308000-05:00,41.6959147,-86.2320193,7c36e7df,Verizon,Concourse,LTE,
2025-11-22 09:19:23.308000-05:00,41.6959889,-86.2320168,7c36e7df,Verizon,Concourse,LTE,
2025-11-22 09:19:28.304000-05:00,41.6960406,-86.231957,7c36e7df,Verizon,Concourse,LTE,
2025-11-22 09:19:33.309000-05:00,41.6960385,-86.2318502,7c36e7df,Verizon,Concourse,LTE,
2025-11-22 09:19:38.312000-05:00,41.6960438,-86.231752,7c36e7df,Verizon,Concourse,LTE,
2025-11-22 09:19:43.303000-05:00,41.6960474,-86.2316543,7c36e7df,Verizon,Concourse,LTE,
2025-11-22 09:19:48.302000-05:00,41.6960496,-86.2315542,7c36e7df,Verizon,Concourse,LTE,
2025-11-22 09:19:53.317000-05:00,41.6960518,-86.231454,7c36e7df,Verizon,Concourse,LTE,
2025-11-22 09:19:58.305000-05:00,41.6960521,-86.2313574,7c36e7df,Verizon,Concourse,LTE,
2025-11-22 09:20:03.310000-05:00,41.6960535,-86.231261,7c36e7df,Verizon,Concourse,LTE,
2025-11-22 09:20:08.304000-05:00,41.6960544,-86.231161,7c36e7df,Verizon,Concourse,LTE,
2025-11-22 09:20:13.308000-05:00,41.6960571,-86.231064,7c36e7df,Verizon,Concourse,LTE,
2025-11-22 09:20:18.310000-05:00,41.6960684,-86.2309634,7c36e7df,Verizon,Concourse,LTE,
2025-11-22 09:20:23.310000-05:00,41.6960747,-86.2308658,7c36e7df,Verizon,Concourse,LTE,
2025-11-22 09:20:28.310000-05:00,41.6960676,-86.2307663,7c36e7df,Verizon,Concourse,LTE,
2025-11-22 09:20:33.308000-05:00,41.6960551,-86.2306657,7c36e7df,Verizon,Concourse,LTE,
2025-11-22 09:20:38.314000-05:00,41.6960525,-86.2305679,7c36e7df,Verizon,Concourse,NR-NSA,
2025-11-22 09:20:43.311000-05:00,41.6960524,-86.2304682,7c36e7df,Verizon,Concourse,NR-NSA,
2025-11-22 09:20:48.312000-05:00,41.6960559,-86.2303718,7c36e7df,Verizon,Concourse,NR-NSA,
2025-11-22 09:20:53.309000-05:00,41.6960518,-86.2302776,7c36e7df,Verizon,Concourse,NR-NSA,
2025-11-22 09:20:58.309000-05:00,41.696059,-86.2301841,7c36e7df,Verizon,Concourse,LTE,
2025-11-22 09:21:03.318000-05:00,41.6961004,-86.230193,7c36e7df,Verizon,Concourse,LTE,
2025-11-22 09:21:08.311000-05:00,41.6961039,-86.2303147,7c36e7df,Verizon,Concourse,LTE,
2025-11-22 09:21:13.310000-05:00,41.6960911,-86.2304224,7c36e7df,Verizon,Concourse,LTE,
2025-11-22 09:21:18.313000-05:00,41.6960824,-86.2305221,7c36e7df,Verizon,Concourse,LTE,
2025-11-22 09:21:23.316000-05:00,41.6960738,-86.2306179,7c36e7df,Verizon,Concourse,LTE,
2025-11-22 09:21:28.314000-05:00,41.6960651,-86.2307162,7c36e7df,Verizon,Concourse,LTE,
2025-11-22 09:21:33.313000-05:00,41.6960793,-86.2308122,7c36e7df,Verizon,Concourse,LTE,
2025-11-22 09:21:38.313000-05:00,41.6960828,-86.2309067,7c36e7df,Verizon,Concourse,LTE,
2025-11-22 09:21:43.314000-05:00,41.6960845,-86.2310032,7c36e7df,Verizon,Concourse,LTE,
2025-11-22 09:21:48.316000-05:00,41.6960849,-86.2310998,7c36e7df,Verizon,Concourse,LTE,
2025-11-22 09:21:53.313000-05:00,41.6960833,-86.2311974,7c36e7df,Verizon,Concourse,LTE,
2025-11-22 09:21:58.305000-05:00,41.696082,-86.2313029,7c36e7df,Verizon,Concourse,LTE,
2025-11-22 09:22:03.314000-05:00,41.6960791,-86.2314095,7c36e7df,Verizon,Concourse,LTE,
2025-11-22 09:22:08.310000-05:00,41.6960764,-86.2315073,7c36e7df,Verizon,Concourse,LTE,
2025-11-22 09:22:13.315000-05:00,41.6960662,-86.2316027,7c36e7df,Verizon,Concourse,LTE,
2025-11-22 09:22:18.314000-05:00,41.6960664,-86.2317039,7c36e7df,Verizon,Concourse,LTE,
2025-11-22 09:22:23.318000-05:00,41.6960732,-86.2318004,7c36e7df,Verizon,Concourse,LTE,
2025-11-22 09:22:28.314000-05:00,41.696131,-86.2318547,7c36e7df,Verizon,Concourse,LTE,
2025-11-22 09:22:33.311000-05:00,41.6962121,-86.231861,7c36e7df,Verizon,Concourse,LTE,
2025-11-22 09:22:38.318000-05:00,41.6962851,-86.2318709,7c36e7df,Verizon,Concourse,LTE,
2025-11-22 09:22:43.315000-05:00,41.6963557,-86.231878,7c36e7df,Verizon,Concourse,LTE,
2025-11-22 09:22:48.318000-05:00,41.6964296,-86.2318638,7c36e7df,Verizon,Concourse,LTE,
2025-11-22 09:22:53.316000-05:00,41.6965075,-86.231862,7c36e7df,Verizon,Concourse,LTE,
2025-11-22 09:22:58.316000-05:00,41.6965822,-86.2318633,7c36e7df,Verizon,Concourse,LTE,
2025-11-22 09:23:03.314000-05:00,41.6966581,-86.2318633,7c36e7df,Verizon,Concourse,LTE,
2025-11-22 09:23:08.314000-05:00,41.6967346,-86.2318658,7c36e7df,Verizon,Concourse,LTE,
2025-11-22 09:23:13.315000-05:00,41.6968106,-86.231874,7c36e7df,Verizon,Concourse,LTE,
2025-11-22 09:23:18.314000-05:00,41.6968869,-86.2318747,7c36e7df,Verizon,Concourse,LTE,
2025-11-22 09:23:23.318000-05:00,41.6969547,-86.2318385,7c36e7df,Verizon,Concourse,LTE,
2025-11-22 09:23:28.323000-05:00,41.6970135,-86.2317927,7c36e7df,Verizon,Concourse,LTE,
2025-11-22 09:23:33.330000-05:00,41.6970233,-86.2316961,7c36e7df,Verizon,Concourse,LTE,
2025-11-22 09:23:38.319000-05:00,41.6970193,-86.2315952,7c36e7df,Verizon,Concourse,LTE,
2025-11-22 09:23:43.334000-05:00,41.6970194,-86.2314903,7c36e7df,Verizon,Concourse,LTE,
2025-11-22 09:23:48.310000-05:00,41.6970139,-86.2313912,7c36e7df,Verizon,Concourse,LTE,
2025-11-22 09:23:53.317000-05:00,41.6970107,-86.2312916,7c36e7df,Verizon,Concourse,NR-NSA,
2025-11-22 09:23:58.325000-05:00,41.6970104,-86.2311913,7c36e7df,Verizon,Concourse,NR-NSA,
2025-11-22 09:24:03.321000-05:00,41.6970171,-86.2310919,7c36e7df,Verizon,Concourse,NR-NSA,
2025-11-22 09:24:08.322000-05:00,41.6970145,-86.2309916,7c36e7df,Verizon,Concourse,NR-NSA,
2025-11-22 09:24:13.321000-05:00,41.6970122,-86.2308927,7c36e7df,Verizon,Concourse,NR-NSA,
2025-11-22 09:24:18.320000-05:00,41.6970184,-86.2307906,7c36e7df,Verizon,Concourse,NR-NSA,
2025-11-22 09:24:23.322000-05:00,41.6970146,-86.2306849,7c36e7df,Verizon,Concourse,LTE,
2025-11-22 09:24:28.326000-05:00,41.6970131,-86.2305881,7c36e7df,Verizon,Concourse,NR-NSA,
2025-11-22 09:24:33.327000-05:00,41.6970124,-86.2304864,7c36e7df,Verizon,Concourse,NR-NSA,
2025-11-22 09:24:38.343000-05:00,41.6970359,-86.2303903,7c36e7df,Verizon,Concourse,NR-NSA,
2025-11-22 09:24:43.322000-05:00,41.6970242,-86.2302734,7c36e7df,Verizon,Concourse,NR-NSA,
2025-11-22 09:24:48.321000-05:00,41.6970223,-86.2301837,7c36e7df,Verizon,Concourse,NR-NSA,
2025-11-22 09:24:53.323000-05:00,41.6970194,-86.2300836,7c36e7df,Verizon,Concourse,NR-NSA,
2025-11-22 09:24:58.328000-05:00,41.6969999,-86.2300034,7c36e7df,Verizon,Concourse,NR-NSA,
2025-11-22 09:25:03.326000-05:00,41.6969243,-86.2300073,7c36e7df,Verizon,Concourse,NR-NSA,
2025-11-22 09:25:08.330000-05:00,41.6968502,-86.2300088,7c36e7df,Verizon,Concourse,NR-NSA,
2025-11-22 09:25:13.327000-05:00,41.6967755,-86.2300087,7c36e7df,Verizon,Concourse,NR-NSA,
2025-11-22 09:25:18.325000-05:00,41.6967028,-86.2300101,7c36e7df,Verizon,Concourse,LTE,
2025-11-22 09:25:23.331000-05:00,41.6966308,-86.2300078,7c36e7df,Verizon,Concourse,LTE,
2025-11-22 09:25:28.329000-05:00,41.6965602,-86.2300025,7c36e7df,Verizon,Concourse,LTE,
2025-11-22 09:25:33.328000-05:00,41.6964896,-86.2299983,7c36e7df,Verizon,Concourse,LTE,
2025-11-22 09:25:38.323000-05:00,41.6964141,-86.2299968,7c36e7df,Verizon,Concourse,NR-NSA,
2025-11-22 09:25:43.333000-05:00,41.6963401,-86.2299975,7c36e7df,Verizon,Concourse,NR-NSA,
2025-11-22 09:25:48.335000-05:00,41.6962682,-86.2300024,7c36e7df,Verizon,Concourse,NR-NSA,
2025-11-22 09:25:53.330000-05:00,41.6961966,-86.2300035,7c36e7df,Verizon,Concourse,NR-NSA,
2025-11-22 09:25:58.347000-05:00,41.6961223,-86.2300013,7c36e7df,Verizon,Concourse,NR-NSA,
2025-11-22 09:26:03.331000-05:00,41.6960488,-86.2300073,7c36e7df,Verizon,Concourse,NR-NSA,
2025-11-22 09:26:08.333000-05:00,41.6959742,-86.2299988,7c36e7df,Verizon,Concourse,NR-NSA,
2025-11-22 09:26:13.335000-05:00,41.6959064,-86.2299965,7c36e7df,Verizon,Concourse,LTE,
2025-11-22 09:26:18.339000-05:00,41.6958479,-86.2299958,7c36e7df,Verizon,Concourse,LTE,
2025-11-22 09:26:23.334000-05:00,41.695761,-86.2299973,7c36e7df,Verizon,Concourse,LTE,
2025-11-22 09:26:28.337000-05:00,41.6956863,-86.2299966,7c36e7df,Verizon,Concourse,LTE,
2025-11-22 09:26:33.339000-05:00,41.6956121,-86.2299907,7c36e7df,Verizon,Concourse,LTE,
2025-11-22 09:26:38.338000-05:00,41.6955394,-86.2299906,7c36e7df,Verizon,Concourse,LTE,
2025-11-22 09:26:43.343000-05:00,41.695479,-86.2299837,7c36e7df,Verizon,Concourse,LTE,
2025-11-22 09:26:48.343000-05:00,41.6954132,-86.2300032,7c36e7df,Verizon,Concourse,NR-NSA,
2025-11-22 09:26:53.344000-05:00,41.6954058,-86.2301046,7c36e7df,Verizon,Concourse,LTE,
2025-11-22 09:26:58.339000-05:00,41.6954094,-86.2302189,7c36e7df,Verizon,Concourse,LTE,
2025-11-22 09:27:03.342000-05:00,41.6954121,-86.2303148,7c36e7df,Verizon,Concourse,LTE,
2025-11-22 09:27:08.342000-05:00,41.6954098,-86.2304095,7c36e7df,Verizon,Concourse,LTE,
2025-11-22 09:27:13.344000-05:00,41.6954078,-86.2304946,7c36e7df,Verizon,Concourse,LTE,
2025-11-22 09:27:18.340000-05:00,41.6954083,-86.2305957,7c36e7df,Verizon,Concourse,LTE,
2025-11-22 09:27:23.355000-05:00,41.6954026,-86.2306952,7c36e7df,Verizon,Concourse,LTE,
2025-11-22 09:27:28.342000-05:00,41.6954004,-86.2307881,7c36e7df,Verizon,Concourse,LTE,
2025-11-22 09:27:33.344000-05:00,41.6954013,-86.2308816,7c36e7df,Verizon,Concourse,LTE,
2025-11-22 09:27:38.340000-05:00,41.6954048,-86.2309759,7c36e7df,Verizon,Concourse,LTE,
2025-11-22 09:27:43.344000-05:00,41.6954,-86.2310712,7c36e7df,Verizon,Concourse,LTE,
2025-11-22 09:27:48.345000-05:00,41.6953988,-86.2311715,7c36e7df,Verizon,Concourse,LTE,
2025-11-22 09:27:53.342000-05:00,41.6953982,-86.2312704,7c36e7df,Verizon,Concourse,LTE,
2025-11-22 09:27:58.348000-05:00,41.6953986,-86.2313646,7c36e7df,Verizon,Concourse,LTE,
2025-11-22 09:28:03.347000-05:00,41.6953954,-86.2314626,7c36e7df,Verizon,Concourse,LTE,
2025-11-22 09:28:08.345000-05:00,41.695392,-86.2315628,7c36e7df,Verizon,Concourse,NR-NSA,
2025-11-22 09:28:13.344000-05:00,41.6953918,-86.2316622,7c36e7df,Verizon,Concourse,NR-NSA,
2025-11-22 09:28:18.342000-05:00,41.6953938,-86.2317572,7c36e7df,Verizon,Concourse,NR-NSA,
2025-11-22 09:28:23.344000-05:00,41.6953962,-86.2318495,7c36e7df,Verizon,Concourse,NR-NSA,
2025-11-22 09:28:28.348000-05:00,41.6953951,-86.2319467,7c36e7df,Verizon,Concourse,NR-NSA,
2025-11-22 09:28:33.343000-05:00,41.6954121,-86.2320419,7c36e7df,Verizon,Concourse,NR-NSA,
2025-11-22 09:28:38.345000-05:00,41.6954232,-86.232139,7c36e7df,Verizon,Concourse,LTE,
2025-11-22 09:28:43.372000-05:00,41.6954785,-86.2321859,7c36e7df,Verizon,Concourse,LTE,
2025-11-22 09:28:48.343000-05:00,41.6955469,-86.2321856,7c36e7df,Verizon,Concourse,NR-NSA,
2025-11-22 09:28:53.340000-05:00,41.6956166,-86.2321842,7c36e7df,Verizon,Concourse,LTE,
2025-11-22 16:13:41.405000-05:00,41.6988662,-86.2333643,a0654bd3,AT&T,Bowl,LTE,5640.0
2025-11-22 16:14:00.040000-05:00,41.6988611,-86.2333722,a0654bd3,AT&T,Bowl,LTE,
2025-11-22 16:14:05.055000-05:00,41.6988389,-86.2333704,a0654bd3,AT&T,Bowl,LTE,
2025-11-22 16:14:10.902000-05:00,41.6988389,-86.2333704,a0654bd3,AT&T,Bowl,LTE,
2025-11-22 16:14:15.908000-05:00,41.6988314,-86.2333643,a0654bd3,AT&T,Bowl,LTE,
2025-11-22 16:14:24.657000-05:00,41.6988326,-86.233365,a0654bd3,AT&T,Bowl,LTE,
2025-11-22 16:14:30.629000-05:00,41.6988345,-86.23338,a0654bd3,AT&T,Bowl,LTE,
2025-11-22 16:14:37.477000-05:00,41.6988344,-86.2333768,a0654bd3,AT&T,Bowl,LTE,
2025-11-22 16:14:42.755000-05:00,41.6988322,-86.2333776,a0654bd3,AT&T,Bowl,NR-NSA,
2025-11-22 16:14:48.250000-05:00,41.698826,-86.2333712,a0654bd3,AT&T,Bowl,NR-NSA,
2025-11-22 16:14:54.414000-05:00,41.6988262,-86.2333706,a0654bd3,AT&T,Bowl,NR-NSA,
2025-11-22 16:14:59.421000-05:00,41.6988273,-86.2333699,a0654bd3,AT&T,Bowl,NR-NSA,
2025-11-22 16:15:04.420000-05:00,41.6988294,-86.2333734,a0654bd3,AT&T,Bowl,NR-NSA,
2025-11-22 16:15:09.420000-05:00,41.6988298,-86.2333725,a0654bd3,AT&T,Bowl,NR-NSA,
2025-11-22 16:15:14.431000-05:00,41.6988322,-86.2333728,a0654bd3,AT&T,Bowl,NR-NSA,
2025-11-22 16:15:19.416000-05:00,41.6988322,-86.2333745,a0654bd3,AT&T,Bowl,NR-NSA,
2025-11-22 16:15:24.422000-05:00,41.6988318,-86.2333759,a0654bd3,AT&T,Bowl,NR-NSA,
2025-11-22 16:15:29.419000-05:00,41.6988309,-86.2333726,a0654bd3,AT&T,Bowl,NR-NSA,
2025-11-22 16:15:34.418000-05:00,41.6988293,-86.233372,a0654bd3,AT&T,Bowl,NR-NSA,
2025-11-22 16:15:39.423000-05:00,41.6988278,-86.2333737,a0654bd3,AT&T,Bowl,LTE,
2025-11-22 16:15:44.424000-05:00,41.6988312,-86.2333771,a0654bd3,AT&T,Bowl,LTE,
2025-11-22 16:15:49.420000-05:00,41.6988333,-86.2333791,a0654bd3,AT&T,Bowl,LTE,
2025-11-22 16:15:54.425000-05:00,41.6988386,-86.2333737,a0654bd3,AT&T,Bowl,LTE,
2025-11-22 16:15:59.423000-05:00,41.698838,-86.2333798,a0654bd3,AT&T,Bowl,LTE,
2025-11-22 16:16:04.423000-05:00,41.6988423,-86.2333841,a0654bd3,AT&T,Bowl,NR-NSA,
2025-11-22 16:16:09.424000-05:00,41.6988393,-86.2333802,a0654bd3,AT&T,Bowl,LTE,
2025-11-22 16:16:14.422000-05:00,41.6988369,-86.2333817,a0654bd3,AT&T,Bowl,LTE,
2025-11-22 16:16:19.422000-05:00,41.698837,-86.2333816,a0654bd3,AT&T,Bowl,NR-NSA,
2025-11-22 16:16:24.422000-05:00,41.6988373,-86.2333814,a0654bd3,AT&T,Bowl,NR-NSA,
2025-11-22 16:16:29.425000-05:00,41.6988374,-86.2333816,a0654bd3,AT&T,Bowl,NR-NSA,
2025-11-22 16:16:34.421000-05:00,41.6988379,-86.2333747,a0654bd3,AT&T,Bowl,NR-NSA,
2025-11-22 16:16:39.424000-05:00,41.6988347,-86.2333684,a0654bd3,AT&T,Bowl,NR-NSA,
2025-11-22 16:16:44.424000-05:00,41.6988341,-86.2333666,a0654bd3,AT&T,Bowl,NR-NSA,
2025-11-22 16:16:49.425000-05:00,41.6988343,-86.2333667,a0654bd3,AT&T,Bowl,LTE,
2025-11-22 16:16:52.146000-05:00,41.6982135,-86.2329856,7c36e7df,Verizon,Concourse,LTE,
2025-11-22 16:16:54.428000-05:00,41.6988344,-86.2333668,a0654bd3,AT&T,Bowl,LTE,
2025-11-22 16:16:57.147000-05:00,41.6982673,-86.2330615,7c36e7df,Verizon,Concourse,LTE,
2025-11-22 16:16:59.429000-05:00,41.6988367,-86.2333706,a0654bd3,AT&T,Bowl,LTE,
2025-11-22 16:17:04.431000-05:00,41.6988372,-86.2333731,a0654bd3,AT&T,Bowl,LTE,
2025-11-22 16:17:05.705000-05:00,41.6982339,-86.2330332,7c36e7df,Verizon,Concourse,LTE,
2025-11-22 16:17:09.428000-05:00,41.6988366,-86.2333728,a0654bd3,AT&T,Bowl,LTE,
2025-11-22 16:17:10.705000-05:00,41.6982424,-86.2330224,7c36e7df,Verizon,Concourse,LTE,
2025-11-22 16:17:14.432000-05:00,41.6988369,-86.2333728,a0654bd3,AT&T,Bowl,LTE,
2025-11-22 16:17:16.539000-05:00,41.6982111,-86.2330125,7c36e7df,Verizon,Concourse,LTE,
2025-11-22 16:17:19.433000-05:00,41.6988368,-86.2333733,a0654bd3,AT&T,Bowl,LTE,
2025-11-22 16:17:21.678000-05:00,41.6982021,-86.2329894,7c36e7df,Verizon,Concourse,LTE,
2025-11-22 16:17:24.428000-05:00,41.6988356,-86.2333756,a0654bd3,AT&T,Bowl,LTE,
2025-11-22 16:17:26.767000-05:00,41.698173,-86.2329968,7c36e7df,Verizon,Concourse,LTE,
2025-11-22 16:17:29.433000-05:00,41.6988374,-86.2333858,a0654bd3,AT&T,Bowl,LTE,
2025-11-22 16:17:32.516000-05:00,41.6981686,-86.2329976,7c36e7df,Verizon,Concourse,LTE,
2025-11-22 16:17:34.429000-05:00,41.6988357,-86.2333834,a0654bd3,AT&T,Bowl,LTE,
2025-11-22 16:17:37.578000-05:00,41.6981686,-86.2329976,7c36e7df,Verizon,Concourse,LTE,
2025-11-22 16:17:39.427000-05:00,41.698838,-86.2333824,a0654bd3,AT&T,Bowl,LTE,
2025-11-22 16:17:42.594000-05:00,41.698171,-86.2329884,7c36e7df,Verizon,Concourse,LTE,
2025-11-22 16:17:44.439000-05:00,41.6988425,-86.2333744,a0654bd3,AT&T,Bowl,LTE,
2025-11-22 16:17:47.588000-05:00,41.698171,-86.2329884,7c36e7df,Verizon,Concourse,LTE,
2025-11-22 16:17:49.430000-05:00,41.6988391,-86.2333766,a0654bd3,AT&T,Bowl,LTE,
2025-11-22 16:17:52.594000-05:00,41.698172,-86.2329884,7c36e7df,Verizon,Concourse,LTE,
2025-11-22 16:17:54.436000-05:00,41.6988339,-86.2333804,a0654bd3,AT&T,Bowl,LTE,
2025-11-22 16:17:57.597000-05:00,41.6981831,-86.2329862,7c36e7df,Verizon,Concourse,LTE,
2025-11-22 16:17:59.432000-05:00,41.6988339,-86.2333804,a0654bd3,AT&T,Bowl,LTE,
2025-11-22 16:18:02.588000-05:00,41.6981885,-86.2329993,7c36e7df,Verizon,Concourse,LTE,
2025-11-22 16:18:04.442000-05:00,41.698831,-86.2333817,a0654bd3,AT&T,Bowl,LTE,
2025-11-22 16:18:07.590000-05:00,41.6981857,-86.2330076,7c36e7df,Verizon,Concourse,LTE,
2025-11-22 16:18:09.429000-05:00,41.6988317,-86.2333868,a0654bd3,AT&T,Bowl,LTE,
2025-11-22 16:18:12.609000-05:00,41.6981707,-86.2329822,7c36e7df,Verizon,Concourse,LTE,
2025-11-22 16:18:14.424000-05:00,41.6988323,-86.2333868,a0654bd3,AT&T,Bowl,LTE,
2025-11-22 16:18:17.584000-05:00,41.6981707,-86.2329822,7c36e7df,Verizon,Concourse,LTE,
2025-11-22 16:18:19.429000-05:00,41.6988267,-86.2333904,a0654bd3,AT&T,Bowl,LTE,
2025-11-22 16:18:22.593000-05:00,41.6981911,-86.2329931,7c36e7df,Verizon,Concourse,LTE,
2025-11-22 16:18:24.454000-05:00,41.6988304,-86.2333941,a0654bd3,AT&T,Bowl,NR-NSA,
2025-11-22 16:18:27.599000-05:00,41.6981891,-86.2329929,7c36e7df,Verizon,Concourse,LTE,
2025-11-22 16:18:29.431000-05:00,41.6988304,-86.2333941,a0654bd3,AT&T,Bowl,NR-NSA,
2025-11-22 16:18:32.687000-05:00,41.6981862,-86.2330079,7c36e7df,Verizon,Concourse,LTE,
2025-11-22 16:18:34.431000-05:00,41.6988308,-86.2333854,a0654bd3,AT&T,Bowl,LTE,
2025-11-22 16:18:37.691000-05:00,41.6981804,-86.232988,7c36e7df,Verizon,Concourse,LTE,
2025-11-22 16:18:39.435000-05:00,41.6988312,-86.2333805,a0654bd3,AT&T,Bowl,LTE,
2025-11-22 16:18:42.689000-05:00,41.698176,-86.2329857,7c36e7df,Verizon,Concourse,LTE,
2025-11-22 16:18:44.426000-05:00,41.6988378,-86.233379,a0654bd3,AT&T,Bowl,LTE,
2025-11-22 16:18:47.683000-05:00,41.6981765,-86.232988,7c36e7df,Verizon,Concourse,LTE,
2025-11-22 16:18:49.440000-05:00,41.6988373,-86.2333729,a0654bd3,AT&T,Bowl,LTE,
2025-11-22 16:18:52.686000-05:00,41.6982462,-86.2330719,7c36e7df,Verizon,Concourse,LTE,
2025-11-22 16:18:54.431000-05:00,41.6988373,-86.2333729,a0654bd3,AT&T,Bowl,LTE,
2025-11-22 16:18:57.686000-05:00,41.6982462,-86.2330719,7c36e7df,Verizon,Concourse,LTE,
2025-11-22 16:18:59.436000-05:00,41.698837,-86.2333726,a0654bd3,AT&T,Bowl,LTE,
2025-11-22 16:19:02.687000-05:00,41.6982462,-86.2330719,7c36e7df,Verizon,Concourse,LTE,
2025-11-22 16:19:04.444000-05:00,41.6988372,-86.2333724,a0654bd3,AT&T,Bowl,LTE,
2025-11-22 16:19:07.693000-05:00,41.6982123,-86.2330136,7c36e7df,Verizon,Concourse,LTE,
2025-11-22 16:19:09.438000-05:00,41.698837,-86.2333722,a0654bd3,AT&T,Bowl,LTE,
2025-11-22 16:19:12.688000-05:00,41.698186,-86.2329914,7c36e7df,Verizon,Concourse,LTE,6295.0
2025-11-22 16:19:14.434000-05:00,41.6988391,-86.2333741,a0654bd3,AT&T,Bowl,LTE,
2025-11-22 16:19:17.691000-05:00,41.698186,-86.2329914,7c36e7df,Verizon,Concourse,LTE,6295.0
2025-11-22 16:19:19.511000-05:00,41.6988428,-86.233368,a0654bd3,AT&T,Bowl,LTE,
2025-11-22 16:19:22.688000-05:00,41.6982153,-86.2329863,7c36e7df,Verizon,Concourse,LTE,6295.0
2025-11-22 16:19:24.437000-05:00,41.6988451,-86.2333494,a0654bd3,AT&T,Bowl,LTE,-1.0
2025-11-22 16:19:27.690000-05:00,41.6981741,-86.2329643,7c36e7df,Verizon,Concourse,LTE,6295.0
2025-11-22 16:19:29.439000-05:00,41.6988422,-86.2333576,a0654bd3,AT&T,Bowl,LTE,-1.0
2025-11-22 16:19:32.686000-05:00,41.6981831,-86.2329812,7c36e7df,Verizon,Concourse,LTE,6295.0
2025-11-22 16:19:34.439000-05:00,41.6988376,-86.2333626,a0654bd3,AT&T,Bowl,LTE,
2025-11-22 16:19:37.691000-05:00,41.6981879,-86.2329754,7c36e7df,Verizon,Concourse,LTE,6295.0
2025-11-22 16:19:39.457000-05:00,41.698837,-86.2333653,a0654bd3,AT&T,Bowl,LTE,
2025-11-22 16:19:42.695000-05:00,41.6981879,-86.2329754,7c36e7df,Verizon,Concourse,LTE,6295.0
2025-11-22 16:19:44.429000-05:00,41.6988364,-86.2333674,a0654bd3,AT&T,Bowl,LTE,
2025-11-22 16:19:47.688000-05:00,41.6981928,-86.2329788,7c36e7df,Verizon,Concourse,LTE,6295.0
2025-11-22 16:19:49.438000-05:00,41.698838,-86.2333664,a0654bd3,AT&T,Bowl,LTE,
2025-11-22 16:19:52.687000-05:00,41.6981928,-86.2329788,7c36e7df,Verizon,Concourse,LTE,6295.0
2025-11-22 16:19:54.446000-05:00,41.6988404,-86.2333669,a0654bd3,AT&T,Bowl,LTE,
2025-11-22 16:19:57.691000-05:00,41.6981432,-86.2329154,7c36e7df,Verizon,Concourse,LTE,6295.0
2025-11-22 16:19:59.436000-05:00,41.6988404,-86.2333669,a0654bd3,AT&T,Bowl,LTE,
2025-11-22 16:20:02.688000-05:00,41.698165,-86.2329605,7c36e7df,Verizon,Concourse,LTE,6295.0
2025-11-22 16:20:04.433000-05:00,41.6988379,-86.2333688,a0654bd3,AT&T,Bowl,LTE,
2025-11-22 16:20:07.690000-05:00,41.698165,-86.2329605,7c36e7df,Verizon,Concourse,LTE,6295.0
2025-11-22 16:20:09.440000-05:00,41.6988338,-86.2333729,a0654bd3,AT&T,Bowl,LTE,
2025-11-22 16:20:12.692000-05:00,41.698196,-86.2329818,7c36e7df,Verizon,Concourse,LTE,6295.0
2025-11-22 16:20:14.437000-05:00,41.6988313,-86.2333745,a0654bd3,AT&T,Bowl,LTE,
2025-11-22 16:20:15.635000-05:00,41.6979567,-86.2345325,64957d65,T-Mobile,Bowl,NR,
2025-11-22 16:20:17.688000-05:00,41.6981868,-86.2329793,7c36e7df,Verizon,Concourse,LTE,6295.0
2025-11-22 16:20:19.440000-05:00,41.6988313,-86.2333745,a0654bd3,AT&T,Bowl,LTE,
2025-11-22 16:20:20.634000-05:00,41.6979551,-86.2345293,64957d65,T-Mobile,Bowl,NR,
2025-11-22 16:20:22.782000-05:00,41.6982119,-86.2329885,7c36e7df,Verizon,Concourse,LTE,6295.0
2025-11-22 16:20:24.452000-05:00,41.698834,-86.2333795,a0654bd3,AT&T,Bowl,LTE,
2025-11-22 16:20:25.634000-05:00,41.6979555,-86.2345322,64957d65,T-Mobile,Bowl,NR,
2025-11-22 16:20:27.701000-05:00,41.6981945,-86.2329789,7c36e7df,Verizon,Concourse,LTE,6295.0
2025-11-22 16:20:29.439000-05:00,41.6988359,-86.2333789,a0654bd3,AT&T,Bowl,LTE,
2025-11-22 16:20:30.635000-05:00,41.6979498,-86.2345399,64957d65,T-Mobile,Bowl,NR,
2025-11-22 16:20:32.695000-05:00,41.6981875,-86.2329823,7c36e7df,Verizon,Concourse,LTE,6295.0
2025-11-22 16:20:34.842000-05:00,41.6988317,-86.2333841,a0654bd3,AT&T,Bowl,LTE,
2025-11-22 16:20:35.635000-05:00,41.6979485,-86.234538,64957d65,T-Mobile,Bowl,NR,
2025-11-22 16:20:37.700000-05:00,41.6981875,-86.2329823,7c36e7df,Verizon,Concourse,LTE,6295.0
2025-11-22 16:20:39.838000-05:00,41.6988392,-86.2333702,a0654bd3,AT&T,Bowl,LTE,
2025-11-22 16:20:40.653000-05:00,41.6979477,-86.2345383,64957d65,T-Mobile,Bowl,NR,
2025-11-22 16:20:42.686000-05:00,41.6982055,-86.2329716,7c36e7df,Verizon,Concourse,LTE,6295.0
2025-11-22 16:20:44.835000-05:00,41.6988382,-86.2333682,a0654bd3,AT&T,Bowl,LTE,
2025-11-22 16:20:45.643000-05:00,41.6979468,-86.2345386,64957d65,T-Mobile,Bowl,NR,
2025-11-22 16:20:47.698000-05:00,41.6982371,-86.2329772,7c36e7df,Verizon,Concourse,LTE,6295.0
2025-11-22 16:20:49.828000-05:00,41.6988377,-86.233364,a0654bd3,AT&T,Bowl,LTE,
2025-11-22 16:20:50.643000-05:00,41.6979468,-86.2345387,64957d65,T-Mobile,Bowl,NR,
2025-11-22 16:20:52.692000-05:00,41.6982371,-86.2329772,7c36e7df,Verizon,Concourse,LTE,6295.0
2025-11-22 16:20:54.835000-05:00,41.6988311,-86.2333771,a0654bd3,AT&T,Bowl,LTE,
2025-11-22 16:20:55.642000-05:00,41.6979468,-86.2345387,64957d65,T-Mobile,Bowl,NR,
2025-11-22 16:20:59.841000-05:00,41.6988304,-86.2333809,a0654bd3,AT&T,Bowl,LTE,
2025-11-22 16:21:00.646000-05:00,41.6979467,-86.2345385,64957d65,T-Mobile,Bowl,NR,
2025-11-22 16:21:04.845000-05:00,41.6988304,-86.2333822,a0654bd3,AT&T,Bowl,LTE,
2025-11-22 16:21:05.642000-05:00,41.6979468,-86.2345384,64957d65,T-Mobile,Bowl,NR,
2025-11-22 16:21:09.840000-05:00,41.6988346,-86.2333827,a0654bd3,AT&T,Bowl,LTE,
2025-11-22 16:21:10.648000-05:00,41.6979465,-86.234538,64957d65,T-Mobile,Bowl,NR,
2025-11-22 16:21:14.839000-05:00,41.6988347,-86.2333788,a0654bd3,AT&T,Bowl,LTE,
2025-11-22 16:21:15.636000-05:00,41.6979452,-86.2345383,64957d65,T-Mobile,Bowl,NR,
2025-11-22 16:21:19.839000-05:00,41.6988344,-86.2333759,a0654bd3,AT&T,Bowl,LTE,
2025-11-22 16:21:20.643000-05:00,41.697946,-86.2345379,64957d65,T-Mobile,Bowl,NR,
2025-11-22 16:21:24.835000-05:00,41.6988364,-86.2333742,a0654bd3,AT&T,Bowl,LTE,
2025-11-22 16:21:25.643000-05:00,41.6979471,-86.2345376,64957d65,T-Mobile,Bowl,NR,
2025-11-22 16:21:29.842000-05:00,41.698837,-86.2333714,a0654bd3,AT&T,Bowl,LTE,
2025-11-22 16:21:30.638000-05:00,41.697947,-86.2345376,64957d65,T-Mobile,Bowl,NR,
2025-11-22 16:21:34.837000-05:00,41.6988374,-86.23337,a0654bd3,AT&T,Bowl,LTE,
2025-11-22 16:21:35.651000-05:00,41.6979469,-86.234538,64957d65,T-Mobile,Bowl,NR,
2025-11-22 16:21:39.839000-05:00,41.6988317,-86.2333775,a0654bd3,AT&T,Bowl,LTE,
2025-11-22 16:21:40.637000-05:00,41.6979491,-86.2345384,64957d65,T-Mobile,Bowl,NR,
2025-11-22 16:21:44.843000-05:00,41.6988319,-86.2333777,a0654bd3,AT&T,Bowl,LTE,
2025-11-22 16:21:45.643000-05:00,41.6979519,-86.2345389,64957d65,T-Mobile,Bowl,NR,
2025-11-22 16:21:49.849000-05:00,41.6988322,-86.2333771,a0654bd3,AT&T,Bowl,LTE,
2025-11-22 16:21:50.649000-05:00,41.6979524,-86.2345369,64957d65,T-Mobile,Bowl,NR,
2025-11-22 16:21:54.854000-05:00,41.6988378,-86.2333702,a0654bd3,AT&T,Bowl,LTE,
2025-11-22 16:21:55.641000-05:00,41.6979519,-86.2345379,64957d65,T-Mobile,Bowl,NR,
2025-11-22 16:21:59.845000-05:00,41.6988369,-86.2333775,a0654bd3,AT&T,Bowl,LTE,
2025-11-22 16:22:00.637000-05:00,41.6979518,-86.2345388,64957d65,T-Mobile,Bowl,NR,
2025-11-22 16:22:00.778000-05:00,41.6989038,-86.2329904,7c36e7df,Verizon,Concourse,LTE,6055.0
2025-11-22 16:22:04.841000-05:00,41.6988364,-86.2333786,a0654bd3,AT&T,Bowl,LTE,
2025-11-22 16:22:05.639000-05:00,41.6979534,-86.2345386,64957d65,T-Mobile,Bowl,NR,
2025-11-22 16:22:05.858000-05:00,41.6988545,-86.2330036,7c36e7df,Verizon,Concourse,LTE,6055.0
2025-11-22 16:22:10.646000-05:00,41.6979551,-86.2345386,64957d65,T-Mobile,Bowl,NR,
2025-11-22 16:22:10.794000-05:00,41.698857,-86.2329824,7c36e7df,Verizon,Concourse,LTE,6055.0
2025-11-22 16:22:15.643000-05:00,41.6979578,-86.2345429,64957d65,T-Mobile,Bowl,NR,
2025-11-22 16:22:15.782000-05:00,41.6988586,-86.2329847,7c36e7df,Verizon,Concourse,LTE,6055.0
2025-11-22 16:22:20.649000-05:00,41.6979572,-86.2345465,64957d65,T-Mobile,Bowl,NR,
2025-11-22 16:22:20.794000-05:00,41.6988589,-86.2329888,7c36e7df,Verizon,Concourse,LTE,6055.0
2025-11-22 16:22:25.653000-05:00,41.6979573,-86.2345469,64957d65,T-Mobile,Bowl,NR,
2025-11-22 16:22:25.803000-05:00,41.6988891,-86.2330016,7c36e7df,Verizon,Concourse,LTE,6055.0
2025-11-22 16:22:30.644000-05:00,41.697958,-86.2345479,64957d65,T-Mobile,Bowl,NR,
2025-11-22 16:22:30.786000-05:00,41.6988929,-86.2329949,7c36e7df,Verizon,Concourse,LTE,6055.0
2025-11-22 16:22:35.647000-05:00,41.6979567,-86.2345457,64957d65,T-Mobile,Bowl,NR,
2025-11-22 16:22:35.791000-05:00,41.6989009,-86.2329705,7c36e7df,Verizon,Concourse,LTE,6055.0
2025-11-22 16:22:40.653000-05:00,41.6979565,-86.2345462,64957d65,T-Mobile,Bowl,NR,
2025-11-22 16:22:40.788000-05:00,41.6988866,-86.232976,7c36e7df,Verizon,Concourse,LTE,6055.0
2025-11-22 16:22:45.649000-05:00,41.6979562,-86.2345462,64957d65,T-Mobile,Bowl,NR,
2025-11-22 16:22:45.785000-05:00,41.698854,-86.233014,7c36e7df,Verizon,Concourse,LTE,6055.0
2025-11-22 16:22:50.651000-05:00,41.6979555,-86.2345414,64957d65,T-Mobile,Bowl,NR,
2025-11-22 16:22:50.789000-05:00,41.6988461,-86.233001,7c36e7df,Verizon,Concourse,LTE,6055.0
2025-11-22 16:22:55.651000-05:00,41.6979559,-86.2345405,64957d65,T-Mobile,Bowl,NR,6215.0
2025-11-22 16:22:55.790000-05:00,41.6988535,-86.2329836,7c36e7df,Verizon,Concourse,LTE,6055.0
2025-11-22 16:22:56.760000-05:00,41.6988263,-86.2331036,a0654bd3,AT&T,Bowl,LTE,
2025-11-22 16:23:00.644000-05:00,41.697957,-86.2345397,64957d65,T-Mobile,Bowl,NR,6215.0
2025-11-22 16:23:00.782000-05:00,41.6988378,-86.2330018,7c36e7df,Verizon,Concourse,LTE,6055.0
2025-11-22 16:23:02.077000-05:00,41.6988263,-86.2331036,a0654bd3,AT&T,Bowl,LTE,
2025-11-22 16:23:05.645000-05:00,41.6979572,-86.2345396,64957d65,T-Mobile,Bowl,NR,6215.0
2025-11-22 16:23:05.806000-05:00,41.6988377,-86.2329674,7c36e7df,Verizon,Concourse,LTE,6055.0
2025-11-22 16:23:07.098000-05:00,41.6988391,-86.2330977,a0654bd3,AT&T,Bowl,LTE,
2025-11-22 16:23:10.650000-05:00,41.6979574,-86.23454,64957d65,T-Mobile,Bowl,NR,6215.0
2025-11-22 16:23:10.785000-05:00,41.6988893,-86.2329873,7c36e7df,Verizon,Concourse,LTE,6055.0
2025-11-22 16:23:12.093000-05:00,41.6988438,-86.2330909,a0654bd3,AT&T,Bowl,LTE,
2025-11-22 16:23:15.658000-05:00,41.6979572,-86.2345399,64957d65,T-Mobile,Bowl,NR,6215.0
2025-11-22 16:23:15.964000-05:00,41.6988593,-86.2329933,7c36e7df,Verizon,Concourse,LTE,6055.0
2025-11-22 16:23:17.091000-05:00,41.6988461,-86.2330873,a0654bd3,AT&T,Bowl,LTE,
2025-11-22 16:23:20.649000-05:00,41.6979578,-86.2345399,64957d65,T-Mobile,Bowl,NR,6215.0
2025-11-22 16:23:20.978000-05:00,41.6988519,-86.2330077,7c36e7df,Verizon,Concourse,LTE,6055.0
2025-11-22 16:23:22.091000-05:00,41.698865,-86.2330602,a0654bd3,AT&T,Bowl,LTE,
2025-11-22 16:23:25.651000-05:00,41.6979577,-86.23454,64957d65,T-Mobile,Bowl,NR,6215.0
2025-11-22 16:23:25.961000-05:00,41.698858,-86.2329956,7c36e7df,Verizon,Concourse,LTE,6055.0
2025-11-22 16:23:27.093000-05:00,41.6988588,-86.2330514,a0654bd3,AT&T,Bowl,LTE,
2025-11-22 16:23:30.649000-05:00,41.6979558,-86.2345402,64957d65,T-Mobile,Bowl,NR,6215.0
2025-11-22 16:23:30.957000-05:00,41.6988829,-86.2329907,7c36e7df,Verizon,Concourse,LTE,6055.0
2025-11-22 16:23:32.088000-05:00,41.6988588,-86.2330515,a0654bd3,AT&T,Bowl,LTE,
2025-11-22 16:23:35.648000-05:00,41.6979539,-86.2345399,64957d65,T-Mobile,Bowl,NR,6215.0
2025-11-22 16:23:35.949000-05:00,41.698875,-86.2329954,7c36e7df,Verizon,Concourse,LTE,6055.0
2025-11-22 16:23:37.097000-05:00,41.6988563,-86.2330719,a0654bd3,AT&T,Bowl,NR-NSA,
2025-11-22 16:23:40.650000-05:00,41.6979553,-86.2345343,64957d65,T-Mobile,Bowl,NR,6215.0
2025-11-22 16:23:40.963000-05:00,41.6989101,-86.2329849,7c36e7df,Verizon,Concourse,LTE,6055.0
2025-11-22 16:23:42.094000-05:00,41.6988586,-86.2330671,a0654bd3,AT&T,Bowl,NR-NSA,
2025-11-22 16:23:45.657000-05:00,41.6979556,-86.2345366,64957d65,T-Mobile,Bowl,NR,6215.0
2025-11-22 16:23:45.959000-05:00,41.6988942,-86.2329977,7c36e7df,Verizon,Concourse,LTE,6055.0
2025-11-22 16:23:47.093000-05:00,41.6988571,-86.2330686,a0654bd3,AT&T,Bowl,NR-NSA,
2025-11-22 16:23:50.656000-05:00,41.6979553,-86.2345378,64957d65,T-Mobile,Bowl,NR,6215.0
2025-11-22 16:23:50.951000-05:00,41.6988893,-86.2330048,7c36e7df,Verizon,Concourse,LTE,
2025-11-22 16:23:52.094000-05:00,41.698859,-86.2330646,a0654bd3,AT&T,Bowl,NR-NSA,
2025-11-22 16:23:55.650000-05:00,41.6979549,-86.2345376,64957d65,T-Mobile,Bowl,NR,6215.0
2025-11-22 16:23:55.953000-05:00,41.6988793,-86.2329963,7c36e7df,Verizon,Concourse,LTE,
2025-11-22 16:23:57.104000-05:00,41.698863,-86.2330552,a0654bd3,AT&T,Bowl,NR-NSA,
2025-11-22 16:24:00.656000-05:00,41.6979548,-86.2345385,64957d65,T-Mobile,Bowl,NR,6215.0
2025-11-22 16:24:00.961000-05:00,41.6988677,-86.2329904,7c36e7df,Verizon,Concourse,LTE,
2025-11-22 16:24:02.094000-05:00,41.698863,-86.2330565,a0654bd3,AT&T,Bowl,NR-NSA,
2025-11-22 16:24:05.651000-05:00,41.6979547,-86.2345384,64957d65,T-Mobile,Bowl,NR,6215.0
2025-11-22 16:24:05.956000-05:00,41.698823,-86.2329957,7c36e7df,Verizon,Concourse,LTE,
2025-11-22 16:24:07.091000-05:00,41.6988628,-86.2330569,a0654bd3,AT&T,Bowl,NR-NSA,
2025-11-22 16:24:10.654000-05:00,41.6979559,-86.2345372,64957d65,T-Mobile,Bowl,NR,6215.0
2025-11-22 16:24:10.952000-05:00,41.6988329,-86.232994,7c36e7df,Verizon,Concourse,LTE,
2025-11-22 16:24:12.106000-05:00,41.6988589,-86.2330627,a0654bd3,AT&T,Bowl,NR-NSA,
2025-11-22 16:24:15.655000-05:00,41.697956,-86.2345368,64957d65,T-Mobile,Bowl,NR,6215.0
2025-11-22 16:24:15.955000-05:00,41.6988169,-86.2330064,7c36e7df,Verizon,Concourse,LTE,
2025-11-22 16:24:17.093000-05:00,41.698858,-86.2330636,a0654bd3,AT&T,Bowl,NR-NSA,
2025-11-22 16:24:20.649000-05:00,41.6979554,-86.2345369,64957d65,T-Mobile,Bowl,NR,6215.0
2025-11-22 16:24:20.957000-05:00,41.698872,-86.2329559,7c36e7df,Verizon,Concourse,LTE,
2025-11-22 16:24:22.092000-05:00,41.6988602,-86.2330596,a0654bd3,AT&T,Bowl,NR-NSA,
2025-11-22 16:24:25.649000-05:00,41.6979537,-86.234532,64957d65,T-Mobile,Bowl,NR,6215.0
2025-11-22 16:24:25.956000-05:00,41.6988543,-86.2329732,7c36e7df,Verizon,Concourse,LTE,
2025-11-22 16:24:27.092000-05:00,41.6988581,-86.2330663,a0654bd3,AT&T,Bowl,NR-NSA,
2025-11-22 16:24:30.656000-05:00,41.6979519,-86.2345302,64957d65,T-Mobile,Bowl,NR,6215.0
2025-11-22 16:24:30.953000-05:00,41.6988696,-86.2329654,7c36e7df,Verizon,Concourse,LTE,
2025-11-22 16:24:32.092000-05:00,41.6988575,-86.2330674,a0654bd3,AT&T,Bowl,NR-NSA,
2025-11-22 16:24:35.647000-05:00,41.6979518,-86.2345301,64957d65,T-Mobile,Bowl,NR,6215.0
2025-11-22 16:24:35.955000-05:00,41.6988612,-86.2329445,7c36e7df,Verizon,Concourse,LTE,
2025-11-22 16:24:37.092000-05:00,41.6988574,-86.2330674,a0654bd3,AT&T,Bowl,NR-NSA,
2025-11-22 16:24:40.668000-05:00,41.6979518,-86.2345302,64957d65,T-Mobile,Bowl,NR,6215.0
2025-11-22 16:24:40.958000-05:00,41.6988231,-86.232969,7c36e7df,Verizon,Concourse,LTE,
2025-11-22 16:24:42.094000-05:00,41.6988574,-86.2330674,a0654bd3,AT&T,Bowl,NR-NSA,
2025-11-22 16:24:45.657000-05:00,41.6979517,-86.2345302,64957d65,T-Mobile,Bowl,NR,6215.0
2025-11-22 16:24:45.952000-05:00,41.6988155,-86.2329243,7c36e7df,Verizon,Concourse,LTE,
2025-11-22 16:24:47.093000-05:00,41.6988573,-86.2330676,a0654bd3,AT&T,Bowl,NR-NSA,
2025-11-22 16:24:50.658000-05:00,41.6979501,-86.2345321,64957d65,T-Mobile,Bowl,NR,6215.0
2025-11-22 16:24:50.956000-05:00,41.6988815,-86.2329591,7c36e7df,Verizon,Concourse,LTE,
2025-11-22 16:24:52.095000-05:00,41.6988573,-86.2330676,a0654bd3,AT&T,Bowl,NR-NSA,
2025-11-22 16:24:55.662000-05:00,41.6979428,-86.2345275,64957d65,T-Mobile,Bowl,NR,6215.0
2025-11-22 16:24:55.958000-05:00,41.6989113,-86.2329412,7c36e7df,Verizon,Concourse,LTE,
2025-11-22 16:24:57.092000-05:00,41.6988572,-86.2330679,a0654bd3,AT&T,Bowl,NR-NSA,
2025-11-22 16:25:00.655000-05:00,41.6979428,-86.2345275,64957d65,T-Mobile,Bowl,NR,6215.0
2025-11-22 16:25:00.954000-05:00,41.6988847,-86.2329513,7c36e7df,Verizon,Concourse,LTE,
2025-11-22 16:25:02.095000-05:00,41.6988546,-86.2330731,a0654bd3,AT&T,Bowl,NR-NSA,
2025-11-22 16:25:05.660000-05:00,41.6979429,-86.2345312,64957d65,T-Mobile,Bowl,NR,6215.0
2025-11-22 16:25:05.960000-05:00,41.6988854,-86.2329572,7c36e7df,Verizon,Concourse,LTE,
2025-11-22 16:25:07.096000-05:00,41.6988544,-86.2330747,a0654bd3,AT&T,Bowl,NR-NSA,
2025-11-22 16:25:10.663000-05:00,41.6979429,-86.2345311,64957d65,T-Mobile,Bowl,NR,6215.0
2025-11-22 16:25:10.960000-05:00,41.6988862,-86.2329638,7c36e7df,Verizon,Concourse,LTE,
2025-11-22 16:25:12.103000-05:00,41.698855,-86.2330742,a0654bd3,AT&T,Bowl,NR-NSA,
2025-11-22 16:25:15.653000-05:00,41.6979448,-86.2345303,64957d65,T-Mobile,Bowl,NR,6215.0
2025-11-22 16:25:15.964000-05:00,41.6988653,-86.23297,7c36e7df,Verizon,Concourse,LTE,
2025-11-22 16:25:17.093000-05:00,41.698852,-86.2330771,a0654bd3,AT&T,Bowl,NR-NSA,
2025-11-22 16:25:20.955000-05:00,41.6988752,-86.2329484,7c36e7df,Verizon,Concourse,LTE,
2025-11-22 16:25:22.092000-05:00,41.6988506,-86.2330735,a0654bd3,AT&T,Bowl,NR-NSA,
2025-11-22 16:25:25.956000-05:00,41.6988962,-86.2329064,7c36e7df,Verizon,Concourse,LTE,
2025-11-22 16:25:27.091000-05:00,41.6988505,-86.2330735,a0654bd3,AT&T,Bowl,NR-NSA,
2025-11-22 16:25:30.958000-05:00,41.6988627,-86.232931,7c36e7df,Verizon,Concourse,LTE,
2025-11-22 16:25:32.095000-05:00,41.698848,-86.2330787,a0654bd3,AT&T,Bowl,NR-NSA,
2025-11-22 16:25:35.955000-05:00,41.6988746,-86.2329425,7c36e7df,Verizon,Concourse,LTE,
2025-11-22 16:25:37.100000-05:00,41.6988479,-86.2330787,a0654bd3,AT&T,Bowl,NR-NSA,
2025-11-22 16:25:40.961000-05:00,41.6988938,-86.2329148,7c36e7df,Verizon,Concourse,LTE,
2025-11-22 16:25:42.098000-05:00,41.6988467,-86.233081,a0654bd3,AT&T,Bowl,NR-NSA,
2025-11-22 16:25:45.960000-05:00,41.6989108,-86.2328915,7c36e7df,Verizon,Concourse,LTE,
2025-11-22 16:25:47.104000-05:00,41.6988453,-86.2330816,a0654bd3,AT&T,Bowl,NR-NSA,
2025-11-22 16:25:50.960000-05:00,41.698883,-86.232903,7c36e7df,Verizon,Concourse,LTE,
2025-11-22 16:25:52.102000-05:00,41.6988443,-86.2330816,a0654bd3,AT&T,Bowl,NR-NSA,
2025-11-22 16:25:55.961000-05:00,41.6988834,-86.2329278,7c36e7df,Verizon,Concourse,LTE,
2025-11-22 16:25:57.098000-05:00,41.6988444,-86.2330815,a0654bd3,AT&T,Bowl,NR-NSA,
2025-11-22 16:26:00.961000-05:00,41.6988694,-86.2329826,7c36e7df,Verizon,Concourse,LTE,
2025-11-22 16:26:02.103000-05:00,41.6988445,-86.2330814,a0654bd3,AT&T,Bowl,NR-NSA,
2025-11-22 16:26:05.489000-05:00,41.6979524,-86.2346752,64957d65,T-Mobile,Bowl,NR,
2025-11-22 16:26:05.962000-05:00,41.698891,-86.2329318,7c36e7df,Verizon,Concourse,LTE,
2025-11-22 16:26:07.101000-05:00,41.6988468,-86.233081,a0654bd3,AT&T,Bowl,NR-NSA,
2025-11-22 16:26:10.501000-05:00,41.6979516,-86.2346844,64957d65,T-Mobile,Bowl,NR,
2025-11-22 16:26:10.967000-05:00,41.6988521,-86.2329713,7c36e7df,Verizon,Concourse,LTE,
2025-11-22 16:26:12.101000-05:00,41.698844,-86.2330835,a0654bd3,AT&T,Bowl,NR-NSA,
2025-11-22 16:26:15.499000-05:00,41.6979537,-86.2346762,64957d65,T-Mobile,Bowl,NR,
2025-11-22 16:26:15.960000-05:00,41.6988985,-86.2329222,7c36e7df,Verizon,Concourse,LTE,
2025-11-22 16:26:17.102000-05:00,41.6988433,-86.2330857,a0654bd3,AT&T,Bowl,NR-NSA,
2025-11-22 16:26:20.504000-05:00,41.6979536,-86.234693,64957d65,T-Mobile,Bowl,NR,
2025-11-22 16:26:20.955000-05:00,41.6988872,-86.232913,7c36e7df,Verizon,Concourse,LTE,
2025-11-22 16:26:22.104000-05:00,41.698844,-86.2330876,a0654bd3,AT&T,Bowl,NR-NSA,
2025-11-22 16:26:25.499000-05:00,41.6979538,-86.2346944,64957d65,T-Mobile,Bowl,NR,
2025-11-22 16:26:25.957000-05:00,41.6988394,-86.2329684,7c36e7df,Verizon,Concourse,LTE,
2025-11-22 16:26:27.104000-05:00,41.6988445,-86.2330906,a0654bd3,AT&T,Bowl,NR-NSA,
2025-11-22 16:26:30.505000-05:00,41.6979532,-86.2346946,64957d65,T-Mobile,Bowl,NR,
2025-11-22 16:26:30.972000-05:00,41.6988362,-86.2329685,7c36e7df,Verizon,Concourse,LTE,
2025-11-22 16:26:32.112000-05:00,41.6988438,-86.2330937,a0654bd3,AT&T,Bowl,NR-NSA,
2025-11-22 16:26:35.508000-05:00,41.6979518,-86.2346952,64957d65,T-Mobile,Bowl,NR,
2025-11-22 16:26:35.963000-05:00,41.6988117,-86.232984,7c36e7df,Verizon,Concourse,LTE,
2025-11-22 16:26:37.101000-05:00,41.6988438,-86.2330936,a0654bd3,AT&T,Bowl,NR-NSA,
2025-11-22 16:26:40.503000-05:00,41.697952,-86.2346949,64957d65,T-Mobile,Bowl,NR,
2025-11-22 16:26:40.975000-05:00,41.6988307,-86.2329633,7c36e7df,Verizon,Concourse,LTE,
2025-11-22 16:26:42.096000-05:00,41.6988437,-86.2330937,a0654bd3,AT&T,Bowl,NR-NSA,
2025-11-22 16:26:45.502000-05:00,41.6979519,-86.2346949,64957d65,T-Mobile,Bowl,NR,
2025-11-22 16:26:45.968000-05:00,41.6988482,-86.2329653,7c36e7df,Verizon,Concourse,LTE,
2025-11-22 16:26:47.110000-05:00,41.6988372,-86.2330952,a0654bd3,AT&T,Bowl,NR-NSA,
2025-11-22 16:26:50.496000-05:00,41.6979509,-86.2346934,64957d65,T-Mobile,Bowl,NR,
2025-11-22 16:26:50.970000-05:00,41.6988438,-86.2329743,7c36e7df,Verizon,Concourse,LTE,
2025-11-22 16:26:52.106000-05:00,41.6988372,-86.2330947,a0654bd3,AT&T,Bowl,NR-NSA,
2025-11-22 16:26:55.502000-05:00,41.6979511,-86.2346919,64957d65,T-Mobile,Bowl,NR,
2025-11-22 16:26:55.965000-05:00,41.6988594,-86.2329643,7c36e7df,Verizon,Concourse,LTE,
2025-11-22 16:26:57.105000-05:00,41.6988377,-86.2330946,a0654bd3,AT&T,Bowl,NR-NSA,
2025-11-22 16:27:00.511000-05:00,41.6979517,-86.234692,64957d65,T-Mobile,Bowl,NR,
2025-11-22 16:27:00.971000-05:00,41.6988053,-86.2329893,7c36e7df,Verizon,Concourse,LTE,
2025-11-22 16:27:02.099000-05:00,41.698838,-86.2330946,a0654bd3,AT&T,Bowl,NR-NSA,
2025-11-22 16:27:05.514000-05:00,41.6979537,-86.234686,64957d65,T-Mobile,Bowl,NR,
2025-11-22 16:27:05.973000-05:00,41.698863,-86.2329456,7c36e7df,Verizon,Concourse,LTE,
2025-11-22 16:27:07.104000-05:00,41.6988379,-86.233095,a0654bd3,AT&T,Bowl,NR-NSA,
2025-11-22 16:27:10.500000-05:00,41.6979507,-86.2346873,64957d65,T-Mobile,Bowl,NR,
2025-11-22 16:27:10.973000-05:00,41.6988932,-86.232969,7c36e7df,Verizon,Concourse,LTE,
2025-11-22 16:27:12.108000-05:00,41.6988378,-86.2330951,a0654bd3,AT&T,Bowl,NR-NSA,
2025-11-22 16:27:15.505000-05:00,41.6979492,-86.2346875,64957d65,T-Mobile,Bowl,NR,
2025-11-22 16:27:17.099000-05:00,41.6988378,-86.2330951,a0654bd3,AT&T,Bowl,NR-NSA,
2025-11-22 16:27:20.500000-05:00,41.6979484,-86.2346872,64957d65,T-Mobile,Bowl,NR,
2025-11-22 16:27:22.114000-05:00,41.6988381,-86.2330902,a0654bd3,AT&T,Bowl,NR-NSA,
2025-11-22 16:27:25.512000-05:00,41.697955,-86.2346915,64957d65,T-Mobile,Bowl,NR,
2025-11-22 16:27:27.103000-05:00,41.6988417,-86.2330956,a0654bd3,AT&T,Bowl,NR-NSA,
2025-11-22 16:27:30.508000-05:00,41.6979556,-86.2346916,64957d65,T-Mobile,Bowl,NR,
2025-11-22 16:27:32.115000-05:00,41.6988422,-86.233103,a0654bd3,AT&T,Bowl,NR-NSA,
2025-11-22 16:27:35.564000-05:00,41.6979564,-86.2346916,64957d65,T-Mobile,Bowl,NR,
2025-11-22 16:27:37.111000-05:00,41.6988426,-86.2331029,a0654bd3,AT&T,Bowl,NR-NSA,
2025-11-22 16:27:40.575000-05:00,41.6979536,-86.2346968,64957d65,T-Mobile,Bowl,NR,
2025-11-22 16:27:42.106000-05:00,41.6988427,-86.233103,a0654bd3,AT&T,Bowl,NR-NSA,
2025-11-22 16:27:45.575000-05:00,41.6979537,-86.2346967,64957d65,T-Mobile,Bowl,NR,
2025-11-22 16:27:47.107000-05:00,41.6988443,-86.2331031,a0654bd3,AT&T,Bowl,NR-NSA,
2025-11-22 16:27:50.578000-05:00,41.6979515,-86.2346896,64957d65,T-Mobile,Bowl,NR,
2025-11-22 16:27:52.113000-05:00,41.6988475,-86.2330983,a0654bd3,AT&T,Bowl,NR-NSA,
2025-11-22 16:27:55.562000-05:00,41.69795,-86.2346884,64957d65,T-Mobile,Bowl,NR,
2025-11-22 16:27:57.114000-05:00,41.6988472,-86.2330968,a0654bd3,AT&T,Bowl,NR-NSA,
2025-11-22 16:28:00.567000-05:00,41.6979482,-86.234689,64957d65,T-Mobile,Bowl,NR,
2025-11-22 16:28:02.110000-05:00,41.6988463,-86.2331004,a0654bd3,AT&T,Bowl,NR-NSA,6615.0
2025-11-22 16:28:05.570000-05:00,41.697948,-86.234689,64957d65,T-Mobile,Bowl,NR,
2025-11-22 16:28:07.121000-05:00,41.6988461,-86.2331011,a0654bd3,AT&T,Bowl,NR-NSA,6615.0
2025-11-22 16:28:10.564000-05:00,41.6979481,-86.234689,64957d65,T-Mobile,Bowl,NR,6775.0
2025-11-22 16:28:12.120000-05:00,41.6988461,-86.2331006,a0654bd3,AT&T,Bowl,NR-NSA,6615.0
2025-11-22 16:28:15.563000-05:00,41.6979499,-86.2346892,64957d65,T-Mobile,Bowl,NR,6775.0
2025-11-22 16:28:17.117000-05:00,41.698849,-86.2330932,a0654bd3,AT&T,Bowl,LTE,6615.0
2025-11-22 16:28:20.571000-05:00,41.69795,-86.2346891,64957d65,T-Mobile,Bowl,NR,6775.0
2025-11-22 16:28:22.111000-05:00,41.6988476,-86.233098,a0654bd3,AT&T,Bowl,LTE,6615.0
2025-11-22 16:28:25.570000-05:00,41.69795,-86.2346878,64957d65,T-Mobile,Bowl,NR,6775.0
2025-11-22 16:28:27.108000-05:00,41.6988479,-86.2330984,a0654bd3,AT&T,Bowl,LTE,6615.0
2025-11-22 16:28:30.565000-05:00,41.69795,-86.2346883,64957d65,T-Mobile,Bowl,NR,6775.0
2025-11-22 16:28:32.120000-05:00,41.6988495,-86.2330965,a0654bd3,AT&T,Bowl,LTE,6615.0
2025-11-22 16:28:35.578000-05:00,41.6979489,-86.2346875,64957d65,T-Mobile,Bowl,NR,6775.0
2025-11-22 16:28:37.121000-05:00,41.6988493,-86.2330965,a0654bd3,AT&T,Bowl,LTE,6615.0
2025-11-22 16:28:39.302000-05:00,41.6979057,-86.233034,7c36e7df,Verizon,Concourse,LTE,
2025-11-22 16:28:40.564000-05:00,41.6979469,-86.2346847,64957d65,T-Mobile,Bowl,NR,6775.0
2025-11-22 16:28:42.109000-05:00,41.6988492,-86.2330965,a0654bd3,AT&T,Bowl,LTE,6615.0
2025-11-22 16:28:44.313000-05:00,41.6979201,-86.2329198,7c36e7df,Verizon,Concourse,LTE,
2025-11-22 16:28:45.574000-05:00,41.6979469,-86.2346845,64957d65,T-Mobile,Bowl,NR,6775.0
2025-11-22 16:28:47.109000-05:00,41.6988491,-86.2330965,a0654bd3,AT&T,Bowl,LTE,6615.0
2025-11-22 16:28:49.313000-05:00,41.6979275,-86.2329173,7c36e7df,Verizon,Concourse,LTE,
2025-11-22 16:28:50.577000-05:00,41.6979469,-86.2346844,64957d65,T-Mobile,Bowl,NR,6775.0
2025-11-22 16:28:52.115000-05:00,41.698849,-86.2330965,a0654bd3,AT&T,Bowl,LTE,6615.0
2025-11-22 16:28:54.310000-05:00,41.6979321,-86.2329155,7c36e7df,Verizon,Concourse,LTE,
2025-11-22 16:28:55.581000-05:00,41.6979453,-86.2346858,64957d65,T-Mobile,Bowl,NR,6775.0
2025-11-22 16:28:57.114000-05:00,41.6988488,-86.2330965,a0654bd3,AT&T,Bowl,LTE,6615.0
2025-11-22 16:28:59.311000-05:00,41.6979681,-86.232925,7c36e7df,Verizon,Concourse,LTE,
2025-11-22 16:29:00.574000-05:00,41.6979452,-86.2346859,64957d65,T-Mobile,Bowl,NR,6775.0
2025-11-22 16:29:02.113000-05:00,41.6988487,-86.2330966,a0654bd3,AT&T,Bowl,LTE,6615.0
2025-11-22 16:29:04.312000-05:00,41.698001,-86.2329195,7c36e7df,Verizon,Concourse,LTE,
2025-11-22 16:29:05.583000-05:00,41.6979455,-86.2346869,64957d65,T-Mobile,Bowl,NR,6775.0
2025-11-22 16:29:07.114000-05:00,41.6988486,-86.2330966,a0654bd3,AT&T,Bowl,LTE,6615.0
2025-11-22 16:29:09.318000-05:00,41.698004,-86.2329277,7c36e7df,Verizon,Concourse,LTE,
2025-11-22 16:29:10.576000-05:00,41.6979455,-86.2346868,64957d65,T-Mobile,Bowl,NR,6775.0
2025-11-22 16:29:12.109000-05:00,41.6988485,-86.2330966,a0654bd3,AT&T,Bowl,LTE,6775.0
2025-11-22 16:29:14.310000-05:00,41.6979717,-86.2328939,7c36e7df,Verizon,Concourse,LTE,
2025-11-22 16:29:15.575000-05:00,41.6979454,-86.2346868,64957d65,T-Mobile,Bowl,NR,6775.0
2025-11-22 16:29:17.117000-05:00,41.698846,-86.2330977,a0654bd3,AT&T,Bowl,LTE,6775.0
2025-11-22 16:29:19.314000-05:00,41.6979959,-86.232901,7c36e7df,Verizon,Concourse,LTE,
2025-11-22 16:29:20.569000-05:00,41.6979428,-86.2346859,64957d65,T-Mobile,Bowl,NR,6775.0
2025-11-22 16:29:22.117000-05:00,41.6988457,-86.2330978,a0654bd3,AT&T,Bowl,LTE,6775.0
2025-11-22 16:29:24.314000-05:00,41.6980046,-86.232876,7c36e7df,Verizon,Concourse,LTE,
2025-11-22 16:29:25.568000-05:00,41.6979386,-86.2346897,64957d65,T-Mobile,Bowl,NR,6775.0
2025-11-22 16:29:27.116000-05:00,41.6988462,-86.2331048,a0654bd3,AT&T,Bowl,LTE,6775.0
2025-11-22 16:29:29.312000-05:00,41.6979854,-86.2328433,7c36e7df,Verizon,Concourse,LTE,
2025-11-22 16:29:30.570000-05:00,41.6979363,-86.2346928,64957d65,T-Mobile,Bowl,NR,6775.0
2025-11-22 16:29:32.116000-05:00,41.6988457,-86.2331117,a0654bd3,AT&T,Bowl,LTE,6775.0
2025-11-22 16:29:34.309000-05:00,41.697978,-86.2328562,7c36e7df,Verizon,Concourse,LTE,
2025-11-22 16:29:35.576000-05:00,41.6979358,-86.2346929,64957d65,T-Mobile,Bowl,NR,6775.0
2025-11-22 16:29:37.118000-05:00,41.6988457,-86.2331168,a0654bd3,AT&T,Bowl,LTE,6775.0
2025-11-22 16:29:39.314000-05:00,41.6979938,-86.2328807,7c36e7df,Verizon,Concourse,LTE,
2025-11-22 16:29:40.574000-05:00,41.697936,-86.2346927,64957d65,T-Mobile,Bowl,NR,6775.0
2025-11-22 16:29:42.114000-05:00,41.698845,-86.2331223,a0654bd3,AT&T,Bowl,LTE,6775.0
2025-11-22 16:29:44.317000-05:00,41.6979974,-86.2328859,7c36e7df,Verizon,Concourse,LTE,
2025-11-22 16:29:45.577000-05:00,41.6979364,-86.2346907,64957d65,T-Mobile,Bowl,NR,6775.0
2025-11-22 16:29:47.112000-05:00,41.6988411,-86.2331243,a0654bd3,AT&T,Bowl,LTE,6775.0
2025-11-22 16:29:49.314000-05:00,41.6979771,-86.2328952,7c36e7df,Verizon,Concourse,LTE,
2025-11-22 16:29:50.578000-05:00,41.6979365,-86.2346906,64957d65,T-Mobile,Bowl,NR,6775.0
2025-11-22 16:29:52.117000-05:00,41.6988424,-86.2331212,a0654bd3,AT&T,Bowl,LTE,6775.0
2025-11-22 16:29:54.314000-05:00,41.6979967,-86.2329332,7c36e7df,Verizon,Concourse,LTE,
2025-11-22 16:29:55.573000-05:00,41.6979473,-86.234692,64957d65,T-Mobile,Bowl,NR,6775.0
2025-11-22 16:29:57.122000-05:00,41.6988423,-86.233122,a0654bd3,AT&T,Bowl,LTE,6775.0
2025-11-22 16:29:59.314000-05:00,41.6979907,-86.2329221,7c36e7df,Verizon,Concourse,LTE,
2025-11-22 16:30:02.116000-05:00,41.6988421,-86.233129,a0654bd3,AT&T,Bowl,LTE,6775.0
2025-11-22 16:30:04.319000-05:00,41.6979776,-86.2329227,7c36e7df,Verizon,Concourse,LTE,
2025-11-22 16:30:07.119000-05:00,41.6988437,-86.2331193,a0654bd3,AT&T,Bowl,LTE,6775.0
2025-11-22 16:30:09.323000-05:00,41.6980348,-86.2327737,7c36e7df,Verizon,Concourse,LTE,
2025-11-22 16:30:12.122000-05:00,41.6988435,-86.233119,a0654bd3,AT&T,Bowl,LTE,6775.0
2025-11-22 16:30:14.318000-05:00,41.6980096,-86.232881,7c36e7df,Verizon,Concourse,LTE,
2025-11-22 16:30:17.115000-05:00,41.6988432,-86.2331373,a0654bd3,AT&T,Bowl,LTE,6775.0
2025-11-22 16:30:19.311000-05:00,41.6979961,-86.2329336,7c36e7df,Verizon,Concourse,LTE,
2025-11-22 16:30:22.122000-05:00,41.6988468,-86.2331325,a0654bd3,AT&T,Bowl,LTE,6775.0
2025-11-22 16:30:24.328000-05:00,41.6979587,-86.2329185,7c36e7df,Verizon,Concourse,LTE,
2025-11-22 16:30:27.136000-05:00,41.6988475,-86.233131,a0654bd3,AT&T,Bowl,LTE,6775.0
2025-11-22 16:30:29.315000-05:00,41.6979609,-86.2329394,7c36e7df,Verizon,Concourse,LTE,
2025-11-22 16:30:32.131000-05:00,41.6988391,-86.2331221,a0654bd3,AT&T,Bowl,LTE,6775.0
2025-11-22 16:30:34.310000-05:00,41.6979485,-86.2329168,7c36e7df,Verizon,Concourse,LTE,
2025-11-22 16:30:37.123000-05:00,41.698839,-86.2331011,a0654bd3,AT&T,Bowl,LTE,6775.0
2025-11-22 16:30:39.317000-05:00,41.6979728,-86.2329337,7c36e7df,Verizon,Concourse,LTE,
2025-11-22 16:30:42.120000-05:00,41.6988384,-86.2331003,a0654bd3,AT&T,Bowl,LTE,6775.0
2025-11-22 16:30:44.314000-05:00,41.6979703,-86.232907,7c36e7df,Verizon,Concourse,LTE,
2025-11-22 16:30:47.133000-05:00,41.6988392,-86.2330958,a0654bd3,AT&T,Bowl,LTE,6775.0
2025-11-22 16:30:49.326000-05:00,41.6980534,-86.2327361,7c36e7df,Verizon,Concourse,LTE,
2025-11-22 16:30:52.126000-05:00,41.698839,-86.2330957,a0654bd3,AT&T,Bowl,LTE,6775.0
2025-11-22 16:30:54.312000-05:00,41.6979834,-86.2329629,7c36e7df,Verizon,Concourse,LTE,
2025-11-22 16:30:57.118000-05:00,41.6988357,-86.2330929,a0654bd3,AT&T,Bowl,LTE,6775.0
2025-11-22 16:30:59.321000-05:00,41.6979355,-86.2329642,7c36e7df,Verizon,Concourse,LTE,
2025-11-22 16:31:02.121000-05:00,41.6988381,-86.2330979,a0654bd3,AT&T,Bowl,LTE,
2025-11-22 16:31:04.323000-05:00,41.6979606,-86.2329492,7c36e7df,Verizon,Concourse,LTE,
2025-11-22 16:31:09.322000-05:00,41.6979753,-86.2329145,7c36e7df,Verizon,Concourse,LTE,
2025-11-22 16:31:14.324000-05:00,41.6979492,-86.2329154,7c36e7df,Verizon,Concourse,LTE,
2025-11-22 16:31:19.314000-05:00,41.697983,-86.2328917,7c36e7df,Verizon,Concourse,LTE,
2025-11-22 16:31:24.326000-05:00,41.6980585,-86.2327374,7c36e7df,Verizon,Concourse,LTE,
2025-11-22 16:31:29.325000-05:00,41.698069,-86.2327068,7c36e7df,Verizon,Concourse,LTE,6775.0
2025-11-22 16:31:34.327000-05:00,41.6980026,-86.2329623,7c36e7df,Verizon,Concourse,LTE,6775.0
2025-11-22 16:31:39.314000-05:00,41.6980046,-86.2329558,7c36e7df,Verizon,Concourse,LTE,6775.0
2025-11-22 16:31:44.317000-05:00,41.6980135,-86.2329518,7c36e7df,Verizon,Concourse,LTE,6775.0
2025-11-22 16:31:49.325000-05:00,41.6980254,-86.2329411,7c36e7df,Verizon,Concourse,LTE,6775.0
2025-11-22 16:31:54.318000-05:00,41.6980381,-86.2329424,7c36e7df,Verizon,Concourse,LTE,6775.0
2025-11-22 16:31:59.311000-05:00,41.698051,-86.2328358,7c36e7df,Verizon,Concourse,LTE,6775.0
2025-11-22 16:32:04.320000-05:00,41.6980025,-86.2329495,7c36e7df,Verizon,Concourse,LTE,6775.0
2025-11-22 16:32:09.325000-05:00,41.6980149,-86.2329523,7c36e7df,Verizon,Concourse,LTE,6775.0
2025-11-22 16:32:14.319000-05:00,41.6980248,-86.2329341,7c36e7df,Verizon,Concourse,LTE,6775.0
2025-11-22 16:32:19.318000-05:00,41.6980308,-86.2329115,7c36e7df,Verizon,Concourse,LTE,6775.0
2025-11-22 16:32:24.325000-05:00,41.6980177,-86.2329531,7c36e7df,Verizon,Concourse,LTE,6775.0
2025-11-22 16:32:29.327000-05:00,41.698012,-86.2329443,7c36e7df,Verizon,Concourse,LTE,6775.0
2025-11-22 16:32:34.328000-05:00,41.698,-86.2329509,7c36e7df,Verizon,Concourse,LTE,6775.0
2025-11-22 16:32:39.398000-05:00,41.698018,-86.2329574,7c36e7df,Verizon,Concourse,LTE,6775.0
2025-11-22 16:32:44.327000-05:00,41.6979989,-86.2329557,7c36e7df,Verizon,Concourse,LTE,6775.0
2025-11-22 16:32:49.327000-05:00,41.6980238,-86.2329568,7c36e7df,Verizon,Concourse,LTE,6775.0
2025-11-22 16:32:54.323000-05:00,41.6980084,-86.2329643,7c36e7df,Verizon,Concourse,LTE,6775.0
2025-11-22 16:34:00.326000-05:00,41.6974527,-86.2335421,7c36e7df,Verizon,Concourse,LTE,7015.0
2025-11-22 16:34:04.020000-05:00,41.6979131,-86.2333946,a0654bd3,AT&T,Bowl,LTE,
2025-11-22 16:34:05.332000-05:00,41.6974554,-86.2335279,7c36e7df,Verizon,Concourse,LTE,7015.0
2025-11-22 16:34:06.837000-05:00,41.6982137,-86.234476,64957d65,T-Mobile,Bowl,LTE,
2025-11-22 16:34:09.283000-05:00,41.6979131,-86.2333946,a0654bd3,AT&T,Bowl,LTE,
2025-11-22 16:34:10.337000-05:00,41.6974612,-86.2335141,7c36e7df,Verizon,Concourse,LTE,
2025-11-22 16:34:11.841000-05:00,41.6982145,-86.234479,64957d65,T-Mobile,Bowl,LTE,
2025-11-22 16:34:14.292000-05:00,41.6979331,-86.2333927,a0654bd3,AT&T,Bowl,LTE,
2025-11-22 16:34:15.339000-05:00,41.6974528,-86.2335169,7c36e7df,Verizon,Concourse,LTE,6215.0
2025-11-22 16:34:16.845000-05:00,41.6982171,-86.2344848,64957d65,T-Mobile,Bowl,LTE,
2025-11-22 16:34:19.311000-05:00,41.6979373,-86.2334006,a0654bd3,AT&T,Bowl,NR-NSA,
2025-11-22 16:34:20.347000-05:00,41.697445,-86.2335413,7c36e7df,Verizon,Concourse,LTE,6215.0
2025-11-22 16:34:21.849000-05:00,41.6982175,-86.2344851,64957d65,T-Mobile,Bowl,LTE,
2025-11-22 16:34:24.291000-05:00,41.6979374,-86.2333968,a0654bd3,AT&T,Bowl,NR-NSA,
2025-11-22 16:34:25.338000-05:00,41.6974327,-86.2335518,7c36e7df,Verizon,Concourse,LTE,6215.0
2025-11-22 16:34:26.849000-05:00,41.6982153,-86.2344837,64957d65,T-Mobile,Bowl,LTE,
2025-11-22 16:34:29.297000-05:00,41.6979312,-86.2333793,a0654bd3,AT&T,Bowl,LTE,
2025-11-22 16:34:30.347000-05:00,41.6974371,-86.2335428,7c36e7df,Verizon,Concourse,LTE,6215.0
2025-11-22 16:34:31.847000-05:00,41.6982151,-86.2344841,64957d65,T-Mobile,Bowl,LTE,
2025-11-22 16:34:34.292000-05:00,41.6979379,-86.2333901,a0654bd3,AT&T,Bowl,LTE,
2025-11-22 16:34:35.336000-05:00,41.6974433,-86.2335171,7c36e7df,Verizon,Concourse,LTE,6215.0
2025-11-22 16:34:36.840000-05:00,41.6982147,-86.2344826,64957d65,T-Mobile,Bowl,LTE,
2025-11-22 16:34:39.293000-05:00,41.6979571,-86.2333907,a0654bd3,AT&T,Bowl,LTE,
2025-11-22 16:34:40.348000-05:00,41.6974543,-86.2335186,7c36e7df,Verizon,Concourse,LTE,6215.0
2025-11-22 16:34:41.843000-05:00,41.6982157,-86.2344819,64957d65,T-Mobile,Bowl,LTE,
2025-11-22 16:34:44.302000-05:00,41.6979622,-86.2333931,a0654bd3,AT&T,Bowl,LTE,
2025-11-22 16:34:45.333000-05:00,41.6974417,-86.2335487,7c36e7df,Verizon,Concourse,LTE,6215.0
2025-11-22 16:34:46.851000-05:00,41.6982118,-86.2344813,64957d65,T-Mobile,Bowl,LTE,
2025-11-22 16:34:49.299000-05:00,41.6979615,-86.2333998,a0654bd3,AT&T,Bowl,LTE,
2025-11-22 16:34:50.336000-05:00,41.6974422,-86.2335455,7c36e7df,Verizon,Concourse,LTE,6215.0
2025-11-22 16:34:51.846000-05:00,41.698212,-86.234481,64957d65,T-Mobile,Bowl,LTE,
2025-11-22 16:34:54.295000-05:00,41.6979623,-86.2333986,a0654bd3,AT&T,Bowl,LTE,
2025-11-22 16:34:55.336000-05:00,41.6974506,-86.2335174,7c36e7df,Verizon,Concourse,LTE,6215.0
2025-11-22 16:34:56.847000-05:00,41.6982118,-86.2344778,64957d65,T-Mobile,Bowl,LTE,
2025-11-22 16:34:59.301000-05:00,41.6979593,-86.2333956,a0654bd3,AT&T,Bowl,LTE,
2025-11-22 16:35:00.332000-05:00,41.6974194,-86.2334871,7c36e7df,Verizon,Concourse,LTE,6215.0
2025-11-22 16:35:01.849000-05:00,41.6982121,-86.2344774,64957d65,T-Mobile,Bowl,LTE,
2025-11-22 16:35:04.297000-05:00,41.6979559,-86.2333928,a0654bd3,AT&T,Bowl,LTE,
2025-11-22 16:35:05.333000-05:00,41.6975221,-86.2334582,7c36e7df,Verizon,Concourse,LTE,6215.0
2025-11-22 16:35:06.850000-05:00,41.6982109,-86.2344758,64957d65,T-Mobile,Bowl,LTE,
2025-11-22 16:35:09.298000-05:00,41.6979506,-86.2333863,a0654bd3,AT&T,Bowl,LTE,
2025-11-22 16:35:10.333000-05:00,41.6974746,-86.2334916,7c36e7df,Verizon,Concourse,LTE,6215.0
2025-11-22 16:35:11.846000-05:00,41.6982146,-86.2344791,64957d65,T-Mobile,Bowl,LTE,
2025-11-22 16:35:14.298000-05:00,41.6979492,-86.2333869,a0654bd3,AT&T,Bowl,LTE,
2025-11-22 16:35:15.340000-05:00,41.697463,-86.2335211,7c36e7df,Verizon,Concourse,LTE,6215.0
2025-11-22 16:35:16.841000-05:00,41.6982152,-86.2344793,64957d65,T-Mobile,Bowl,LTE,
2025-11-22 16:35:19.301000-05:00,41.697947,-86.233385,a0654bd3,AT&T,Bowl,LTE,
2025-11-22 16:35:20.347000-05:00,41.6974676,-86.2335212,7c36e7df,Verizon,Concourse,LTE,6215.0
2025-11-22 16:35:21.842000-05:00,41.6982154,-86.2344792,64957d65,T-Mobile,Bowl,LTE,
2025-11-22 16:35:24.306000-05:00,41.6979444,-86.2333878,a0654bd3,AT&T,Bowl,LTE,
2025-11-22 16:35:25.339000-05:00,41.6974413,-86.2335011,7c36e7df,Verizon,Concourse,LTE,6215.0
2025-11-22 16:35:26.853000-05:00,41.6982155,-86.2344791,64957d65,T-Mobile,Bowl,NR,
2025-11-22 16:35:29.301000-05:00,41.697944,-86.2333885,a0654bd3,AT&T,Bowl,LTE,
2025-11-22 16:35:30.331000-05:00,41.6974399,-86.2335138,7c36e7df,Verizon,Concourse,LTE,6215.0
2025-11-22 16:35:31.849000-05:00,41.6982198,-86.2344774,64957d65,T-Mobile,Bowl,NR,
2025-11-22 16:35:34.298000-05:00,41.6979439,-86.2333885,a0654bd3,AT&T,Bowl,LTE,
2025-11-22 16:35:35.346000-05:00,41.6974482,-86.2335174,7c36e7df,Verizon,Concourse,LTE,6215.0
2025-11-22 16:35:36.857000-05:00,41.6982217,-86.2344738,64957d65,T-Mobile,Bowl,NR,
2025-11-22 16:35:39.300000-05:00,41.6979444,-86.2333882,a0654bd3,AT&T,Bowl,LTE,
2025-11-22 16:35:40.339000-05:00,41.6974503,-86.2335169,7c36e7df,Verizon,Concourse,LTE,6215.0
2025-11-22 16:35:41.863000-05:00,41.6982211,-86.2344758,64957d65,T-Mobile,Bowl,NR,
2025-11-22 16:35:44.296000-05:00,41.6979458,-86.2333822,a0654bd3,AT&T,Bowl,LTE,
2025-11-22 16:35:45.338000-05:00,41.697448,-86.2335344,7c36e7df,Verizon,Concourse,LTE,6215.0
2025-11-22 16:35:46.853000-05:00,41.698218,-86.2344765,64957d65,T-Mobile,Bowl,NR,
2025-11-22 16:35:49.299000-05:00,41.6979485,-86.2333819,a0654bd3,AT&T,Bowl,LTE,
2025-11-22 16:35:50.341000-05:00,41.6974411,-86.2335351,7c36e7df,Verizon,Concourse,LTE,
2025-11-22 16:35:51.857000-05:00,41.6982163,-86.2344757,64957d65,T-Mobile,Bowl,NR,
2025-11-22 16:35:54.298000-05:00,41.6979467,-86.2333874,a0654bd3,AT&T,Bowl,LTE,
2025-11-22 16:35:55.338000-05:00,41.6974634,-86.2334872,7c36e7df,Verizon,Concourse,LTE,
2025-11-22 16:35:56.854000-05:00,41.6982162,-86.2344757,64957d65,T-Mobile,Bowl,NR,
2025-11-22 16:35:59.301000-05:00,41.6979426,-86.2333946,a0654bd3,AT&T,Bowl,LTE,
2025-11-22 16:36:00.339000-05:00,41.6974496,-86.2334559,7c36e7df,Verizon,Concourse,LTE,
2025-11-22 16:36:01.845000-05:00,41.6982159,-86.2344748,64957d65,T-Mobile,Bowl,NR,
2025-11-22 16:36:04.298000-05:00,41.6979443,-86.233383,a0654bd3,AT&T,Bowl,LTE,
2025-11-22 16:36:05.335000-05:00,41.6975577,-86.2334373,7c36e7df,Verizon,Concourse,LTE,
2025-11-22 16:36:06.855000-05:00,41.6982158,-86.2344748,64957d65,T-Mobile,Bowl,NR,
2025-11-22 16:36:09.310000-05:00,41.6979437,-86.233382,a0654bd3,AT&T,Bowl,LTE,
2025-11-22 16:36:10.336000-05:00,41.6975492,-86.2334388,7c36e7df,Verizon,Concourse,LTE,
2025-11-22 16:36:11.849000-05:00,41.6982163,-86.2344751,64957d65,T-Mobile,Bowl,NR,6215.0
2025-11-22 16:36:14.297000-05:00,41.6979462,-86.233373,a0654bd3,AT&T,Bowl,LTE,
2025-11-22 16:36:15.339000-05:00,41.6975433,-86.2334358,7c36e7df,Verizon,Concourse,LTE,
2025-11-22 16:36:16.854000-05:00,41.6982161,-86.2344752,64957d65,T-Mobile,Bowl,NR,6215.0
2025-11-22 16:36:19.299000-05:00,41.6979491,-86.2333576,a0654bd3,AT&T,Bowl,LTE,
2025-11-22 16:36:20.341000-05:00,41.6974475,-86.2334496,7c36e7df,Verizon,Concourse,LTE,
2025-11-22 16:36:21.851000-05:00,41.6982161,-86.2344757,64957d65,T-Mobile,Bowl,NR,6215.0
2025-11-22 16:36:24.293000-05:00,41.6979474,-86.2333746,a0654bd3,AT&T,Bowl,NR-NSA,
2025-11-22 16:36:25.335000-05:00,41.6974505,-86.2335241,7c36e7df,Verizon,Concourse,LTE,
2025-11-22 16:36:26.857000-05:00,41.698216,-86.2344757,64957d65,T-Mobile,Bowl,NR,6215.0
2025-11-22 16:36:29.299000-05:00,41.6979476,-86.2333499,a0654bd3,AT&T,Bowl,NR-NSA,
2025-11-22 16:36:30.336000-05:00,41.6975346,-86.2334444,7c36e7df,Verizon,Concourse,LTE,
2025-11-22 16:36:31.856000-05:00,41.6982162,-86.2344753,64957d65,T-Mobile,Bowl,NR,6215.0
2025-11-22 16:36:34.297000-05:00,41.6979501,-86.2333468,a0654bd3,AT&T,Bowl,LTE,
2025-11-22 16:36:35.341000-05:00,41.6974579,-86.2334731,7c36e7df,Verizon,Concourse,LTE,
2025-11-22 16:36:36.855000-05:00,41.6982163,-86.2344752,64957d65,T-Mobile,Bowl,LTE,6215.0
2025-11-22 16:36:39.306000-05:00,41.6979536,-86.2333477,a0654bd3,AT&T,Bowl,NR-NSA,
2025-11-22 16:36:40.342000-05:00,41.6975433,-86.2334431,7c36e7df,Verizon,Concourse,LTE,
2025-11-22 16:36:41.858000-05:00,41.6982163,-86.2344752,64957d65,T-Mobile,Bowl,LTE,6215.0
2025-11-22 16:36:44.300000-05:00,41.6979548,-86.2333488,a0654bd3,AT&T,Bowl,NR-NSA,
2025-11-22 16:36:45.334000-05:00,41.6975416,-86.2334438,7c36e7df,Verizon,Concourse,LTE,
2025-11-22 16:36:46.857000-05:00,41.698216,-86.2344767,64957d65,T-Mobile,Bowl,LTE,6215.0
2025-11-22 16:36:49.303000-05:00,41.6979559,-86.2333482,a0654bd3,AT&T,Bowl,NR-NSA,
2025-11-22 16:36:50.337000-05:00,41.6975438,-86.2334574,7c36e7df,Verizon,Concourse,LTE,
2025-11-22 16:36:51.853000-05:00,41.6982165,-86.2344771,64957d65,T-Mobile,Bowl,NR,6215.0
2025-11-22 16:36:54.306000-05:00,41.6979561,-86.2333496,a0654bd3,AT&T,Bowl,LTE,
2025-11-22 16:36:55.348000-05:00,41.6974631,-86.2335302,7c36e7df,Verizon,Concourse,LTE,
2025-11-22 16:36:56.852000-05:00,41.6982168,-86.234477,64957d65,T-Mobile,Bowl,NR,6215.0
2025-11-22 16:36:59.302000-05:00,41.6979564,-86.2333509,a0654bd3,AT&T,Bowl,LTE,
2025-11-22 16:37:00.347000-05:00,41.6975277,-86.2334802,7c36e7df,Verizon,Concourse,LTE,
2025-11-22 16:37:01.855000-05:00,41.6982166,-86.2344771,64957d65,T-Mobile,Bowl,NR,6215.0
2025-11-22 16:37:04.309000-05:00,41.6979574,-86.233353,a0654bd3,AT&T,Bowl,LTE,6135.0
2025-11-22 16:37:05.341000-05:00,41.6974611,-86.2335128,7c36e7df,Verizon,Concourse,LTE,
2025-11-22 16:37:06.848000-05:00,41.6982171,-86.2344769,64957d65,T-Mobile,Bowl,NR,6215.0
2025-11-22 16:37:09.302000-05:00,41.69796,-86.2333579,a0654bd3,AT&T,Bowl,LTE,6135.0
2025-11-22 16:37:10.344000-05:00,41.6974574,-86.2334606,7c36e7df,Verizon,Concourse,LTE,
2025-11-22 16:37:11.846000-05:00,41.6982171,-86.2344769,64957d65,T-Mobile,Bowl,NR,6215.0
2025-11-22 16:37:14.305000-05:00,41.6979601,-86.2333604,a0654bd3,AT&T,Bowl,NR-NSA,6135.0
2025-11-22 16:37:15.354000-05:00,41.6974241,-86.2334881,7c36e7df,Verizon,Concourse,LTE,
2025-11-22 16:37:16.850000-05:00,41.6982185,-86.2344773,64957d65,T-Mobile,Bowl,NR,6215.0
2025-11-22 16:37:19.309000-05:00,41.6979663,-86.2333614,a0654bd3,AT&T,Bowl,LTE,6135.0
2025-11-22 16:37:20.338000-05:00,41.6974807,-86.2334406,7c36e7df,Verizon,Concourse,LTE,
2025-11-22 16:37:21.847000-05:00,41.6982178,-86.2344795,64957d65,T-Mobile,Bowl,NR,6215.0
2025-11-22 16:37:24.302000-05:00,41.6979633,-86.2333662,a0654bd3,AT&T,Bowl,LTE,6135.0
2025-11-22 16:37:25.339000-05:00,41.6974781,-86.2334472,7c36e7df,Verizon,Concourse,LTE,
2025-11-22 16:37:26.863000-05:00,41.6982205,-86.2344809,64957d65,T-Mobile,Bowl,NR,6215.0
2025-11-22 16:37:29.307000-05:00,41.6979612,-86.2333617,a0654bd3,AT&T,Bowl,LTE,6135.0
2025-11-22 16:37:31.858000-05:00,41.6982213,-86.2344816,64957d65,T-Mobile,Bowl,NR,6215.0
2025-11-22 16:37:34.306000-05:00,41.6979605,-86.2333616,a0654bd3,AT&T,Bowl,LTE,6135.0
2025-11-22 16:37:36.928000-05:00,41.6982217,-86.2344835,64957d65,T-Mobile,Bowl,NR,6215.0
2025-11-22 16:37:39.307000-05:00,41.6979589,-86.2333642,a0654bd3,AT&T,Bowl,LTE,6135.0
2025-11-22 16:37:41.860000-05:00,41.6982216,-86.2344835,64957d65,T-Mobile,Bowl,NR,6215.0
2025-11-22 16:37:44.307000-05:00,41.6979582,-86.2333732,a0654bd3,AT&T,Bowl,LTE,6135.0
2025-11-22 16:37:46.853000-05:00,41.6982215,-86.2344835,64957d65,T-Mobile,Bowl,NR,6215.0
2025-11-22 16:37:49.305000-05:00,41.6979596,-86.2333754,a0654bd3,AT&T,Bowl,LTE,6135.0
2025-11-22 16:37:54.310000-05:00,41.697958,-86.2333856,a0654bd3,AT&T,Bowl,LTE,6135.0
2025-11-22 16:37:59.307000-05:00,41.6979516,-86.2333811,a0654bd3,AT&T,Bowl,NR-NSA,6135.0
2025-11-22 16:38:04.308000-05:00,41.6979493,-86.2333795,a0654bd3,AT&T,Bowl,NR-NSA,6135.0
2025-11-22 16:38:09.308000-05:00,41.697952,-86.2333687,a0654bd3,AT&T,Bowl,NR-NSA,6135.0
2025-11-22 16:38:14.309000-05:00,41.697954,-86.2333671,a0654bd3,AT&T,Bowl,NR-NSA,6135.0
2025-11-22 16:38:19.310000-05:00,41.6979536,-86.2333662,a0654bd3,AT&T,Bowl,NR-NSA,6135.0
2025-11-22 16:38:19.463000-05:00,41.6974652,-86.234472,7c36e7df,Verizon,Concourse,LTE,
2025-11-22 16:38:24.309000-05:00,41.6979523,-86.2333646,a0654bd3,AT&T,Bowl,NR-NSA,6135.0
2025-11-22 16:38:24.479000-05:00,41.6974713,-86.234484,7c36e7df,Verizon,Concourse,LTE,
2025-11-22 16:38:29.310000-05:00,41.6979487,-86.2333639,a0654bd3,AT&T,Bowl,LTE,6135.0
2025-11-22 16:38:29.475000-05:00,41.6974679,-86.2344996,7c36e7df,Verizon,Concourse,LTE,
2025-11-22 16:38:34.309000-05:00,41.6979479,-86.233363,a0654bd3,AT&T,Bowl,LTE,6135.0
2025-11-22 16:38:34.471000-05:00,41.6974586,-86.2345018,7c36e7df,Verizon,Concourse,LTE,
2025-11-22 16:38:39.312000-05:00,41.6979438,-86.2333669,a0654bd3,AT&T,Bowl,LTE,6135.0
2025-11-22 16:38:39.480000-05:00,41.6974567,-86.2345164,7c36e7df,Verizon,Concourse,LTE,
2025-11-22 16:38:44.313000-05:00,41.6979443,-86.2333709,a0654bd3,AT&T,Bowl,LTE,6135.0
2025-11-22 16:38:44.478000-05:00,41.6976018,-86.2344408,7c36e7df,Verizon,Concourse,LTE,
2025-11-22 16:38:49.313000-05:00,41.6979467,-86.2333745,a0654bd3,AT&T,Bowl,LTE,6135.0
2025-11-22 16:38:49.481000-05:00,41.6976062,-86.2344509,7c36e7df,Verizon,Concourse,LTE,
2025-11-22 16:38:54.309000-05:00,41.6979465,-86.2333613,a0654bd3,AT&T,Bowl,LTE,6135.0
2025-11-22 16:38:54.478000-05:00,41.6976037,-86.2344511,7c36e7df,Verizon,Concourse,LTE,
2025-11-22 16:38:59.318000-05:00,41.6979476,-86.2333621,a0654bd3,AT&T,Bowl,LTE,6135.0
2025-11-22 16:38:59.476000-05:00,41.6974636,-86.2345542,7c36e7df,Verizon,Concourse,LTE,
2025-11-22 16:39:04.304000-05:00,41.6979476,-86.2333619,a0654bd3,AT&T,Bowl,LTE,6135.0
2025-11-22 16:39:04.478000-05:00,41.6976063,-86.2344492,7c36e7df,Verizon,Concourse,LTE,
2025-11-22 16:39:08.521000-05:00,41.6982178,-86.2346688,64957d65,T-Mobile,Bowl,NR,
2025-11-22 16:39:09.312000-05:00,41.6979476,-86.2333622,a0654bd3,AT&T,Bowl,LTE,6135.0
2025-11-22 16:39:09.480000-05:00,41.6974603,-86.2345668,7c36e7df,Verizon,Concourse,LTE,
2025-11-22 16:39:13.527000-05:00,41.6982208,-86.2346751,64957d65,T-Mobile,Bowl,NR,
2025-11-22 16:39:14.314000-05:00,41.6979476,-86.2333625,a0654bd3,AT&T,Bowl,LTE,6135.0
2025-11-22 16:39:14.489000-05:00,41.6974554,-86.2345386,7c36e7df,Verizon,Concourse,LTE,
2025-11-22 16:39:18.529000-05:00,41.6982209,-86.2346746,64957d65,T-Mobile,Bowl,NR,
2025-11-22 16:39:19.312000-05:00,41.6979477,-86.2333626,a0654bd3,AT&T,Bowl,LTE,6135.0
2025-11-22 16:39:19.475000-05:00,41.6974335,-86.2346097,7c36e7df,Verizon,Concourse,LTE,
2025-11-22 16:39:23.535000-05:00,41.6982208,-86.2346741,64957d65,T-Mobile,Bowl,NR,
2025-11-22 16:39:24.312000-05:00,41.6979477,-86.2333628,a0654bd3,AT&T,Bowl,LTE,6135.0
2025-11-22 16:39:24.476000-05:00,41.6974431,-86.2345253,7c36e7df,Verizon,Concourse,LTE,
2025-11-22 16:39:28.529000-05:00,41.6982207,-86.234674,64957d65,T-Mobile,Bowl,NR,
2025-11-22 16:39:29.313000-05:00,41.6979476,-86.2333629,a0654bd3,AT&T,Bowl,LTE,6135.0
2025-11-22 16:39:29.488000-05:00,41.6974287,-86.2345535,7c36e7df,Verizon,Concourse,LTE,
2025-11-22 16:39:33.532000-05:00,41.6982215,-86.2346722,64957d65,T-Mobile,Bowl,NR,
2025-11-22 16:39:34.316000-05:00,41.6979482,-86.2333643,a0654bd3,AT&T,Bowl,LTE,6135.0
2025-11-22 16:39:34.480000-05:00,41.6974347,-86.2346231,7c36e7df,Verizon,Concourse,LTE,
2025-11-22 16:39:38.533000-05:00,41.698222,-86.2346726,64957d65,T-Mobile,Bowl,NR,
2025-11-22 16:39:39.310000-05:00,41.6979482,-86.2333645,a0654bd3,AT&T,Bowl,LTE,6135.0
2025-11-22 16:39:39.499000-05:00,41.6974341,-86.2345818,7c36e7df,Verizon,Concourse,LTE,
2025-11-22 16:39:43.534000-05:00,41.6982218,-86.2346729,64957d65,T-Mobile,Bowl,NR,
2025-11-22 16:39:44.322000-05:00,41.6979525,-86.2333615,a0654bd3,AT&T,Bowl,LTE,6135.0
2025-11-22 16:39:44.485000-05:00,41.6974477,-86.2345499,7c36e7df,Verizon,Concourse,LTE,
2025-11-22 16:39:48.539000-05:00,41.6982218,-86.234673,64957d65,T-Mobile,Bowl,NR,
2025-11-22 16:39:49.314000-05:00,41.6979492,-86.2333526,a0654bd3,AT&T,Bowl,LTE,6135.0
2025-11-22 16:39:49.486000-05:00,41.6974208,-86.2345673,7c36e7df,Verizon,Concourse,LTE,
2025-11-22 16:39:53.536000-05:00,41.6982218,-86.2346731,64957d65,T-Mobile,Bowl,NR,
2025-11-22 16:39:54.318000-05:00,41.6979492,-86.2333534,a0654bd3,AT&T,Bowl,LTE,6135.0
2025-11-22 16:39:54.484000-05:00,41.6974155,-86.2345643,7c36e7df,Verizon,Concourse,LTE,
2025-11-22 16:39:58.537000-05:00,41.6982218,-86.2346731,64957d65,T-Mobile,Bowl,NR,
2025-11-22 16:39:59.315000-05:00,41.6979493,-86.2333533,a0654bd3,AT&T,Bowl,LTE,6135.0
2025-11-22 16:39:59.483000-05:00,41.6974349,-86.2346078,7c36e7df,Verizon,Concourse,LTE,6615.0
2025-11-22 16:40:03.536000-05:00,41.6982199,-86.2346759,64957d65,T-Mobile,Bowl,NR,
2025-11-22 16:40:04.311000-05:00,41.69795,-86.2333521,a0654bd3,AT&T,Bowl,LTE,6135.0
2025-11-22 16:40:04.481000-05:00,41.6975449,-86.2344862,7c36e7df,Verizon,Concourse,LTE,6615.0
2025-11-22 16:40:08.533000-05:00,41.6982194,-86.234675,64957d65,T-Mobile,Bowl,NR,
2025-11-22 16:40:09.313000-05:00,41.6979529,-86.233354,a0654bd3,AT&T,Bowl,LTE,6135.0
2025-11-22 16:40:09.486000-05:00,41.6974279,-86.2345728,7c36e7df,Verizon,Concourse,LTE,6615.0
2025-11-22 16:40:13.535000-05:00,41.6982183,-86.2346712,64957d65,T-Mobile,Bowl,NR,
2025-11-22 16:40:14.316000-05:00,41.697953,-86.2333542,a0654bd3,AT&T,Bowl,LTE,6135.0
2025-11-22 16:40:14.489000-05:00,41.6974057,-86.2345902,7c36e7df,Verizon,Concourse,LTE,6615.0
2025-11-22 16:40:18.529000-05:00,41.6982183,-86.2346713,64957d65,T-Mobile,Bowl,NR,
2025-11-22 16:40:19.314000-05:00,41.6979528,-86.2333543,a0654bd3,AT&T,Bowl,LTE,6135.0
2025-11-22 16:40:19.489000-05:00,41.6974424,-86.2345126,7c36e7df,Verizon,Concourse,LTE,6615.0
2025-11-22 16:40:23.530000-05:00,41.6982182,-86.2346714,64957d65,T-Mobile,Bowl,NR,
2025-11-22 16:40:24.316000-05:00,41.6979525,-86.233381,a0654bd3,AT&T,Bowl,LTE,6135.0
2025-11-22 16:40:24.484000-05:00,41.6974416,-86.2345215,7c36e7df,Verizon,Concourse,LTE,6615.0
2025-11-22 16:40:28.542000-05:00,41.6982182,-86.234671,64957d65,T-Mobile,Bowl,NR,
2025-11-22 16:40:29.365000-05:00,41.6979519,-86.2333783,a0654bd3,AT&T,Bowl,LTE,6135.0
2025-11-22 16:40:29.481000-05:00,41.6974409,-86.234531,7c36e7df,Verizon,Concourse,LTE,6615.0
2025-11-22 16:40:33.529000-05:00,41.6982187,-86.2346654,64957d65,T-Mobile,Bowl,NR,
2025-11-22 16:40:34.318000-05:00,41.6979541,-86.2333895,a0654bd3,AT&T,Bowl,LTE,6135.0
2025-11-22 16:40:34.484000-05:00,41.6974284,-86.2345554,7c36e7df,Verizon,Concourse,LTE,6615.0
2025-11-22 16:40:38.538000-05:00,41.6982187,-86.2346656,64957d65,T-Mobile,Bowl,NR,
2025-11-22 16:40:39.318000-05:00,41.6979465,-86.2333738,a0654bd3,AT&T,Bowl,LTE,6135.0
2025-11-22 16:40:39.488000-05:00,41.6974324,-86.2345405,7c36e7df,Verizon,Concourse,LTE,6615.0
2025-11-22 16:40:43.538000-05:00,41.6982186,-86.2346639,64957d65,T-Mobile,Bowl,NR,
2025-11-22 16:40:44.321000-05:00,41.6979385,-86.2333681,a0654bd3,AT&T,Bowl,LTE,6135.0
2025-11-22 16:40:44.479000-05:00,41.697402,-86.2345373,7c36e7df,Verizon,Concourse,LTE,6615.0
2025-11-22 16:40:48.536000-05:00,41.6982182,-86.2346639,64957d65,T-Mobile,Bowl,NR,
2025-11-22 16:40:49.322000-05:00,41.6979361,-86.2333708,a0654bd3,AT&T,Bowl,LTE,6135.0
2025-11-22 16:40:49.484000-05:00,41.6974101,-86.2345398,7c36e7df,Verizon,Concourse,LTE,6615.0
2025-11-22 16:40:53.532000-05:00,41.6982179,-86.2346536,64957d65,T-Mobile,Bowl,NR,
2025-11-22 16:40:54.317000-05:00,41.6979324,-86.2333674,a0654bd3,AT&T,Bowl,LTE,6135.0
2025-11-22 16:40:54.481000-05:00,41.6974073,-86.2345252,7c36e7df,Verizon,Concourse,LTE,6615.0
2025-11-22 16:40:58.540000-05:00,41.6982211,-86.2346545,64957d65,T-Mobile,Bowl,NR,
2025-11-22 16:40:59.322000-05:00,41.697934,-86.233374,a0654bd3,AT&T,Bowl,LTE,6135.0
2025-11-22 16:40:59.494000-05:00,41.6973967,-86.2345466,7c36e7df,Verizon,Concourse,LTE,6615.0
2025-11-22 16:41:03.538000-05:00,41.6982211,-86.2346547,64957d65,T-Mobile,Bowl,NR,6055.0
2025-11-22 16:41:04.324000-05:00,41.6979254,-86.2333819,a0654bd3,AT&T,Bowl,LTE,6135.0
2025-11-22 16:41:04.490000-05:00,41.6974173,-86.2345478,7c36e7df,Verizon,Concourse,LTE,6615.0
2025-11-22 16:41:08.544000-05:00,41.6982207,-86.2346548,64957d65,T-Mobile,Bowl,NR,6055.0
2025-11-22 16:41:09.401000-05:00,41.6979262,-86.2333807,a0654bd3,AT&T,Bowl,NR-NSA,6135.0
2025-11-22 16:41:09.484000-05:00,41.6974191,-86.2345472,7c36e7df,Verizon,Concourse,LTE,6615.0
2025-11-22 16:41:13.539000-05:00,41.6982205,-86.2346552,64957d65,T-Mobile,Bowl,NR,6055.0
2025-11-22 16:41:14.321000-05:00,41.697926,-86.2333726,a0654bd3,AT&T,Bowl,NR-NSA,6135.0
2025-11-22 16:41:14.480000-05:00,41.697439,-86.2345199,7c36e7df,Verizon,Concourse,LTE,6615.0
2025-11-22 16:41:18.538000-05:00,41.6982204,-86.2346553,64957d65,T-Mobile,Bowl,NR,6055.0
2025-11-22 16:41:19.328000-05:00,41.6979274,-86.2333712,a0654bd3,AT&T,Bowl,NR-NSA,6135.0
2025-11-22 16:41:19.485000-05:00,41.6974136,-86.2346194,7c36e7df,Verizon,Concourse,LTE,6615.0
2025-11-22 16:41:23.537000-05:00,41.6982213,-86.2346584,64957d65,T-Mobile,Bowl,NR,6055.0
2025-11-22 16:41:24.329000-05:00,41.6979282,-86.2333729,a0654bd3,AT&T,Bowl,LTE,6135.0
2025-11-22 16:41:24.485000-05:00,41.6974056,-86.2346036,7c36e7df,Verizon,Concourse,LTE,6615.0
2025-11-22 16:41:28.542000-05:00,41.6982221,-86.2346595,64957d65,T-Mobile,Bowl,NR,6055.0
2025-11-22 16:41:29.327000-05:00,41.6979218,-86.2333633,a0654bd3,AT&T,Bowl,LTE,6135.0
2025-11-22 16:41:29.484000-05:00,41.6974348,-86.2345669,7c36e7df,Verizon,Concourse,LTE,6615.0
2025-11-22 16:41:33.545000-05:00,41.6982208,-86.2346618,64957d65,T-Mobile,Bowl,NR,6055.0
2025-11-22 16:41:34.326000-05:00,41.6979216,-86.233363,a0654bd3,AT&T,Bowl,LTE,6135.0
2025-11-22 16:41:34.486000-05:00,41.6974481,-86.2345492,7c36e7df,Verizon,Concourse,LTE,6615.0
2025-11-22 16:41:38.547000-05:00,41.6982207,-86.2346619,64957d65,T-Mobile,Bowl,NR,6055.0
2025-11-22 16:41:39.316000-05:00,41.6979238,-86.2333626,a0654bd3,AT&T,Bowl,LTE,6135.0
2025-11-22 16:41:39.485000-05:00,41.6974434,-86.2345291,7c36e7df,Verizon,Concourse,LTE,6615.0
2025-11-22 16:41:43.543000-05:00,41.6982206,-86.234662,64957d65,T-Mobile,Bowl,NR,6055.0
2025-11-22 16:41:44.324000-05:00,41.6979263,-86.2333621,a0654bd3,AT&T,Bowl,LTE,6135.0
2025-11-22 16:41:44.483000-05:00,41.6974883,-86.2345158,7c36e7df,Verizon,Concourse,LTE,6615.0
2025-11-22 16:41:48.543000-05:00,41.6982208,-86.2346664,64957d65,T-Mobile,Bowl,NR,6055.0
2025-11-22 16:41:49.319000-05:00,41.6979263,-86.2333622,a0654bd3,AT&T,Bowl,LTE,6135.0
2025-11-22 16:41:49.493000-05:00,41.6974667,-86.2345205,7c36e7df,Verizon,Concourse,LTE,6615.0
2025-11-22 16:41:53.541000-05:00,41.6982203,-86.2346675,64957d65,T-Mobile,Bowl,NR,6055.0
2025-11-22 16:41:54.320000-05:00,41.6979288,-86.2333591,a0654bd3,AT&T,Bowl,LTE,
2025-11-22 16:41:54.483000-05:00,41.6974499,-86.2345247,7c36e7df,Verizon,Concourse,LTE,6615.0
2025-11-22 16:41:58.546000-05:00,41.698219,-86.2346683,64957d65,T-Mobile,Bowl,NR,6055.0
2025-11-22 16:41:59.486000-05:00,41.6974165,-86.2345288,7c36e7df,Verizon,Concourse,LTE,6615.0
2025-11-22 16:42:03.537000-05:00,41.6982178,-86.2346659,64957d65,T-Mobile,Bowl,NR,6055.0
2025-11-22 16:42:04.489000-05:00,41.697405,-86.2345407,7c36e7df,Verizon,Concourse,LTE,6615.0
2025-11-22 16:42:08.546000-05:00,41.6982182,-86.23467,64957d65,T-Mobile,Bowl,NR,6055.0
2025-11-22 16:42:09.493000-05:00,41.6973966,-86.2345198,7c36e7df,Verizon,Concourse,LTE,6615.0
2025-11-22 16:42:13.557000-05:00,41.6982206,-86.2346718,64957d65,T-Mobile,Bowl,NR,6055.0
2025-11-22 16:42:18.540000-05:00,41.6982193,-86.2346726,64957d65,T-Mobile,Bowl,NR,6055.0
2025-11-22 16:42:23.540000-05:00,41.698221,-86.2346733,64957d65,T-Mobile,Bowl,NR,6055.0
2025-11-22 16:42:28.540000-05:00,41.698221,-86.2346718,64957d65,T-Mobile,Bowl,NR,6055.0
2025-11-22 16:42:33.554000-05:00,41.6982139,-86.2346491,64957d65,T-Mobile,Bowl,NR,6055.0
2025-11-22 16:42:38.543000-05:00,41.6982138,-86.2346489,64957d65,T-Mobile,Bowl,NR,6055.0
2025-11-22 16:42:43.547000-05:00,41.6982138,-86.2346489,64957d65,T-Mobile,Bowl,NR,6055.0
2025-11-22 16:42:48.543000-05:00,41.6982137,-86.2346488,64957d65,T-Mobile,Bowl,NR,6055.0
2025-11-22 16:42:53.291000-05:00,41.6979775,-86.2330537,a0654bd3,AT&T,Bowl,LTE,
2025-11-22 16:42:53.543000-05:00,41.6982136,-86.2346489,64957d65,T-Mobile,Bowl,NR,6055.0
2025-11-22 16:42:58.548000-05:00,41.6982142,-86.2346477,64957d65,T-Mobile,Bowl,NR,6055.0
2025-11-22 16:42:58.991000-05:00,41.6979775,-86.2330537,a0654bd3,AT&T,Bowl,LTE,
2025-11-22 16:43:03.547000-05:00,41.6982201,-86.2346486,64957d65,T-Mobile,Bowl,NR,6055.0
2025-11-22 16:43:04.001000-05:00,41.6979863,-86.2330599,a0654bd3,AT&T,Bowl,LTE,
2025-11-22 16:43:04.803000-05:00,41.6980282,-86.2348269,7c36e7df,Verizon,Concourse,LTE,6055.0
2025-11-22 16:43:08.539000-05:00,41.6982195,-86.2346493,64957d65,T-Mobile,Bowl,NR,6055.0
2025-11-22 16:43:08.997000-05:00,41.6979859,-86.2330667,a0654bd3,AT&T,Bowl,LTE,
2025-11-22 16:43:09.820000-05:00,41.6980651,-86.2348168,7c36e7df,Verizon,Concourse,LTE,
2025-11-22 16:43:13.543000-05:00,41.6982175,-86.2346559,64957d65,T-Mobile,Bowl,NR,6055.0
2025-11-22 16:43:14.006000-05:00,41.697995,-86.2330647,a0654bd3,AT&T,Bowl,LTE,
2025-11-22 16:43:14.828000-05:00,41.6980651,-86.2348168,7c36e7df,Verizon,Concourse,LTE,6855.0
2025-11-22 16:43:18.541000-05:00,41.6982176,-86.2346557,64957d65,T-Mobile,Bowl,NR,6055.0
2025-11-22 16:43:18.997000-05:00,41.6979896,-86.2330709,a0654bd3,AT&T,Bowl,LTE,
2025-11-22 16:43:19.821000-05:00,41.6980344,-86.2348262,7c36e7df,Verizon,Concourse,LTE,6855.0
2025-11-22 16:43:23.546000-05:00,41.6982177,-86.2346555,64957d65,T-Mobile,Bowl,NR,6055.0
2025-11-22 16:43:23.993000-05:00,41.697986,-86.2330825,a0654bd3,AT&T,Bowl,LTE,
2025-11-22 16:43:24.815000-05:00,41.6980344,-86.2348262,7c36e7df,Verizon,Concourse,LTE,6855.0
2025-11-22 16:43:28.998000-05:00,41.6979857,-86.2330822,a0654bd3,AT&T,Bowl,LTE,
2025-11-22 16:43:29.812000-05:00,41.6980212,-86.2348414,7c36e7df,Verizon,Concourse,LTE,6855.0
2025-11-22 16:43:34.008000-05:00,41.6979842,-86.2330891,a0654bd3,AT&T,Bowl,LTE,
2025-11-22 16:43:34.827000-05:00,41.6980212,-86.2348414,7c36e7df,Verizon,Concourse,LTE,6855.0
2025-11-22 16:43:39-05:00,41.6979826,-86.2330909,a0654bd3,AT&T,Bowl,LTE,
2025-11-22 16:43:39.818000-05:00,41.6980212,-86.2348414,7c36e7df,Verizon,Concourse,LTE,6855.0
2025-11-22 16:43:44-05:00,41.6979821,-86.2330917,a0654bd3,AT&T,Bowl,LTE,
2025-11-22 16:43:44.810000-05:00,41.6977337,-86.2350251,7c36e7df,Verizon,Concourse,LTE,6855.0
2025-11-22 16:43:49-05:00,41.6979812,-86.2330923,a0654bd3,AT&T,Bowl,LTE,
2025-11-22 16:43:49.813000-05:00,41.6977022,-86.2350414,7c36e7df,Verizon,Concourse,LTE,6855.0
2025-11-22 16:43:54.005000-05:00,41.6979789,-86.2330932,a0654bd3,AT&T,Bowl,LTE,
2025-11-22 16:43:54.816000-05:00,41.6977022,-86.2350414,7c36e7df,Verizon,Concourse,LTE,6855.0
2025-11-22 16:43:58.999000-05:00,41.697975,-86.2330941,a0654bd3,AT&T,Bowl,LTE,
2025-11-22 16:43:59.818000-05:00,41.6980367,-86.2348878,7c36e7df,Verizon,Concourse,LTE,6855.0
2025-11-22 16:44:04.001000-05:00,41.6979745,-86.2330945,a0654bd3,AT&T,Bowl,LTE,
2025-11-22 16:44:04.817000-05:00,41.6980384,-86.2348907,7c36e7df,Verizon,Concourse,LTE,6855.0
2025-11-22 16:44:09.008000-05:00,41.6979733,-86.2330953,a0654bd3,AT&T,Bowl,LTE,
2025-11-22 16:44:09.821000-05:00,41.6980502,-86.2348748,7c36e7df,Verizon,Concourse,LTE,6855.0
2025-11-22 16:44:13.998000-05:00,41.6979727,-86.2330958,a0654bd3,AT&T,Bowl,LTE,
2025-11-22 16:44:14.814000-05:00,41.6980914,-86.2348805,7c36e7df,Verizon,Concourse,LTE,6855.0
2025-11-22 16:44:19.003000-05:00,41.6979717,-86.2330969,a0654bd3,AT&T,Bowl,LTE,
2025-11-22 16:44:19.820000-05:00,41.6980901,-86.2348809,7c36e7df,Verizon,Concourse,LTE,6855.0
2025-11-22 16:44:24.004000-05:00,41.6979709,-86.2330975,a0654bd3,AT&T,Bowl,LTE,
2025-11-22 16:44:24.820000-05:00,41.6980901,-86.2348809,7c36e7df,Verizon,Concourse,LTE,6855.0
2025-11-22 16:44:29.001000-05:00,41.6979712,-86.233098,a0654bd3,AT&T,Bowl,LTE,
2025-11-22 16:44:29.825000-05:00,41.698085,-86.2348804,7c36e7df,Verizon,Concourse,LTE,6855.0
2025-11-22 16:44:34-05:00,41.6979712,-86.2330989,a0654bd3,AT&T,Bowl,LTE,
2025-11-22 16:44:34.811000-05:00,41.698085,-86.2348804,7c36e7df,Verizon,Concourse,LTE,6855.0
2025-11-22 16:44:39.006000-05:00,41.6979684,-86.2331002,a0654bd3,AT&T,Bowl,LTE,
2025-11-22 16:44:39.823000-05:00,41.6980513,-86.2348966,7c36e7df,Verizon,Concourse,LTE,6855.0
2025-11-22 16:44:44.005000-05:00,41.6979668,-86.2331007,a0654bd3,AT&T,Bowl,LTE,
2025-11-22 16:44:44.821000-05:00,41.6980783,-86.234861,7c36e7df,Verizon,Concourse,LTE,6855.0
2025-11-22 16:44:49.013000-05:00,41.6979665,-86.2331015,a0654bd3,AT&T,Bowl,LTE,
2025-11-22 16:44:49.823000-05:00,41.6980783,-86.234861,7c36e7df,Verizon,Concourse,LTE,
2025-11-22 16:44:54.005000-05:00,41.6979659,-86.2331025,a0654bd3,AT&T,Bowl,LTE,
2025-11-22 16:44:54.820000-05:00,41.6980354,-86.2348761,7c36e7df,Verizon,Concourse,LTE,
2025-11-22 16:44:59.014000-05:00,41.6979661,-86.2331072,a0654bd3,AT&T,Bowl,LTE,
2025-11-22 16:44:59.821000-05:00,41.6980354,-86.2348761,7c36e7df,Verizon,Concourse,LTE,
2025-11-22 16:45:04.004000-05:00,41.6979657,-86.233108,a0654bd3,AT&T,Bowl,LTE,
2025-11-22 16:45:04.826000-05:00,41.6979993,-86.2348852,7c36e7df,Verizon,Concourse,LTE,
2025-11-22 16:45:09.019000-05:00,41.6979649,-86.2331081,a0654bd3,AT&T,Bowl,LTE,
2025-11-22 16:45:09.817000-05:00,41.6979862,-86.2348729,7c36e7df,Verizon,Concourse,LTE,
2025-11-22 16:45:14.008000-05:00,41.6979646,-86.2331082,a0654bd3,AT&T,Bowl,LTE,
2025-11-22 16:45:14.818000-05:00,41.6979963,-86.2348825,7c36e7df,Verizon,Concourse,LTE,
2025-11-22 16:45:19.004000-05:00,41.6979668,-86.2331094,a0654bd3,AT&T,Bowl,LTE,
2025-11-22 16:45:19.816000-05:00,41.6980116,-86.2348707,7c36e7df,Verizon,Concourse,LTE,
2025-11-22 16:45:24.003000-05:00,41.6979662,-86.2331095,a0654bd3,AT&T,Bowl,LTE,
2025-11-22 16:45:24.820000-05:00,41.6980021,-86.2348783,7c36e7df,Verizon,Concourse,LTE,
2025-11-22 16:45:29.005000-05:00,41.6979655,-86.2331096,a0654bd3,AT&T,Bowl,NR-NSA,
2025-11-22 16:45:29.821000-05:00,41.6979923,-86.2348744,7c36e7df,Verizon,Concourse,LTE,
2025-11-22 16:45:34.009000-05:00,41.6979649,-86.2331098,a0654bd3,AT&T,Bowl,NR-NSA,
2025-11-22 16:45:34.825000-05:00,41.6979918,-86.2348761,7c36e7df,Verizon,Concourse,LTE,
2025-11-22 16:45:39.005000-05:00,41.6979645,-86.2331102,a0654bd3,AT&T,Bowl,NR-NSA,
2025-11-22 16:45:39.818000-05:00,41.6979949,-86.2348741,7c36e7df,Verizon,Concourse,LTE,
2025-11-22 16:45:44.006000-05:00,41.6979641,-86.2331101,a0654bd3,AT&T,Bowl,NR-NSA,
2025-11-22 16:45:44.821000-05:00,41.6980157,-86.2348776,7c36e7df,Verizon,Concourse,LTE,
2025-11-22 16:45:49.017000-05:00,41.6979637,-86.2331101,a0654bd3,AT&T,Bowl,NR-NSA,
2025-11-22 16:45:49.822000-05:00,41.6979994,-86.2348813,7c36e7df,Verizon,Concourse,LTE,
2025-11-22 16:45:54.010000-05:00,41.6979626,-86.2331106,a0654bd3,AT&T,Bowl,NR-NSA,
2025-11-22 16:45:54.813000-05:00,41.6980109,-86.234879,7c36e7df,Verizon,Concourse,LTE,
2025-11-22 16:45:59.017000-05:00,41.6979622,-86.2331109,a0654bd3,AT&T,Bowl,NR-NSA,
2025-11-22 16:45:59.819000-05:00,41.6979934,-86.2348799,7c36e7df,Verizon,Concourse,LTE,
2025-11-22 16:46:04.014000-05:00,41.6979619,-86.2331109,a0654bd3,AT&T,Bowl,NR-NSA,
2025-11-22 16:46:04.823000-05:00,41.6979934,-86.2348799,7c36e7df,Verizon,Concourse,LTE,
2025-11-22 16:46:09.013000-05:00,41.6979617,-86.2331111,a0654bd3,AT&T,Bowl,NR-NSA,
2025-11-22 16:46:09.825000-05:00,41.6979841,-86.2348778,7c36e7df,Verizon,Concourse,LTE,
2025-11-22 16:46:14.013000-05:00,41.6979609,-86.2331117,a0654bd3,AT&T,Bowl,NR-NSA,
2025-11-22 16:46:14.821000-05:00,41.6980338,-86.2348684,7c36e7df,Verizon,Concourse,LTE,
2025-11-22 16:46:19.009000-05:00,41.6979606,-86.2331116,a0654bd3,AT&T,Bowl,NR-NSA,
2025-11-22 16:46:19.827000-05:00,41.6979831,-86.2348807,7c36e7df,Verizon,Concourse,LTE,
2025-11-22 16:46:24.009000-05:00,41.6979607,-86.2331116,a0654bd3,AT&T,Bowl,NR-NSA,
2025-11-22 16:46:24.825000-05:00,41.6980403,-86.2348555,7c36e7df,Verizon,Concourse,LTE,
2025-11-22 16:46:29.010000-05:00,41.6979591,-86.2331117,a0654bd3,AT&T,Bowl,NR-NSA,
2025-11-22 16:46:29.823000-05:00,41.6980102,-86.2348922,7c36e7df,Verizon,Concourse,LTE,
2025-11-22 16:46:34.014000-05:00,41.6979673,-86.2331214,a0654bd3,AT&T,Bowl,NR-NSA,
2025-11-22 16:46:34.822000-05:00,41.6980523,-86.2348636,7c36e7df,Verizon,Concourse,LTE,
2025-11-22 16:46:39.010000-05:00,41.697966,-86.2331234,a0654bd3,AT&T,Bowl,NR-NSA,
2025-11-22 16:46:39.833000-05:00,41.6979827,-86.2348825,7c36e7df,Verizon,Concourse,LTE,
2025-11-22 16:46:44.016000-05:00,41.6979636,-86.2331255,a0654bd3,AT&T,Bowl,NR-NSA,
2025-11-22 16:46:44.837000-05:00,41.6980002,-86.2348857,7c36e7df,Verizon,Concourse,LTE,
2025-11-22 16:46:49.013000-05:00,41.6979581,-86.2331229,a0654bd3,AT&T,Bowl,NR-NSA,
2025-11-22 16:46:49.828000-05:00,41.6980228,-86.2348657,7c36e7df,Verizon,Concourse,LTE,
2025-11-22 16:46:54.012000-05:00,41.6979518,-86.2331187,a0654bd3,AT&T,Bowl,NR-NSA,
2025-11-22 16:46:54.821000-05:00,41.6980206,-86.2348781,7c36e7df,Verizon,Concourse,LTE,
2025-11-22 16:46:59.014000-05:00,41.6979474,-86.233113,a0654bd3,AT&T,Bowl,NR-NSA,
2025-11-22 16:46:59.827000-05:00,41.6980087,-86.2348739,7c36e7df,Verizon,Concourse,LTE,
2025-11-22 16:47:04.011000-05:00,41.697944,-86.2331097,a0654bd3,AT&T,Bowl,NR-NSA,
2025-11-22 16:47:04.833000-05:00,41.6980087,-86.2348739,7c36e7df,Verizon,Concourse,LTE,6695.0
2025-11-22 16:47:09.026000-05:00,41.6979481,-86.2331081,a0654bd3,AT&T,Bowl,NR-NSA,
2025-11-22 16:47:09.836000-05:00,41.6978344,-86.2349359,7c36e7df,Verizon,Concourse,LTE,6695.0
2025-11-22 16:47:14.044000-05:00,41.6979494,-86.2331077,a0654bd3,AT&T,Bowl,LTE,
2025-11-22 16:47:14.854000-05:00,41.6978344,-86.2349359,7c36e7df,Verizon,Concourse,LTE,6695.0
2025-11-22 16:47:19.014000-05:00,41.6979484,-86.2330937,a0654bd3,AT&T,Bowl,LTE,
2025-11-22 16:47:19.830000-05:00,41.6980487,-86.2348822,7c36e7df,Verizon,Concourse,LTE,6695.0
2025-11-22 16:47:21.939000-05:00,41.6987099,-86.2346029,64957d65,T-Mobile,Bowl,LTE,
2025-11-22 16:47:24.017000-05:00,41.697946,-86.2330925,a0654bd3,AT&T,Bowl,LTE,
2025-11-22 16:47:24.834000-05:00,41.6980129,-86.2348663,7c36e7df,Verizon,Concourse,LTE,6695.0
2025-11-22 16:47:26.953000-05:00,41.6987097,-86.2346037,64957d65,T-Mobile,Bowl,LTE,
2025-11-22 16:47:29.027000-05:00,41.6979456,-86.2330934,a0654bd3,AT&T,Bowl,LTE,
2025-11-22 16:47:29.850000-05:00,41.6980047,-86.2348802,7c36e7df,Verizon,Concourse,LTE,6695.0
2025-11-22 16:47:31.946000-05:00,41.6987128,-86.2346118,64957d65,T-Mobile,Bowl,LTE,
2025-11-22 16:47:34.018000-05:00,41.6979448,-86.2330938,a0654bd3,AT&T,Bowl,LTE,
2025-11-22 16:47:34.837000-05:00,41.6980047,-86.2348802,7c36e7df,Verizon,Concourse,LTE,6695.0
2025-11-22 16:47:36.944000-05:00,41.6987126,-86.2346115,64957d65,T-Mobile,Bowl,LTE,
2025-11-22 16:47:39.018000-05:00,41.6979438,-86.2330941,a0654bd3,AT&T,Bowl,LTE,
2025-11-22 16:47:39.835000-05:00,41.6981029,-86.234842,7c36e7df,Verizon,Concourse,LTE,6695.0
2025-11-22 16:47:41.950000-05:00,41.6987125,-86.2346114,64957d65,T-Mobile,Bowl,LTE,
2025-11-22 16:47:44.013000-05:00,41.6979435,-86.2330946,a0654bd3,AT&T,Bowl,LTE,
2025-11-22 16:47:46.952000-05:00,41.6987139,-86.2346111,64957d65,T-Mobile,Bowl,LTE,
2025-11-22 16:47:49.021000-05:00,41.6979458,-86.2330929,a0654bd3,AT&T,Bowl,LTE,
2025-11-22 16:47:51.954000-05:00,41.6987137,-86.2346174,64957d65,T-Mobile,Bowl,LTE,
2025-11-22 16:47:54.021000-05:00,41.6979447,-86.2330944,a0654bd3,AT&T,Bowl,LTE,
2025-11-22 16:47:56.951000-05:00,41.6987136,-86.2346166,64957d65,T-Mobile,Bowl,LTE,
2025-11-22 16:47:59.029000-05:00,41.6979439,-86.2330957,a0654bd3,AT&T,Bowl,LTE,
2025-11-22 16:48:01.947000-05:00,41.6987081,-86.2346173,64957d65,T-Mobile,Bowl,NR,
2025-11-22 16:48:04.022000-05:00,41.697943,-86.2330965,a0654bd3,AT&T,Bowl,LTE,
2025-11-22 16:48:06.956000-05:00,41.6987095,-86.2346176,64957d65,T-Mobile,Bowl,NR,
2025-11-22 16:48:09.018000-05:00,41.6979423,-86.2330972,a0654bd3,AT&T,Bowl,LTE,
2025-11-22 16:48:11.959000-05:00,41.6987127,-86.2346147,64957d65,T-Mobile,Bowl,NR,
2025-11-22 16:48:14.022000-05:00,41.6979415,-86.233098,a0654bd3,AT&T,Bowl,LTE,
2025-11-22 16:48:16.955000-05:00,41.6987133,-86.2346145,64957d65,T-Mobile,Bowl,NR,
2025-11-22 16:48:19.029000-05:00,41.6979415,-86.2330986,a0654bd3,AT&T,Bowl,LTE,6695.0
2025-11-22 16:48:21.956000-05:00,41.6987132,-86.2346146,64957d65,T-Mobile,Bowl,NR,
2025-11-22 16:48:24.020000-05:00,41.6979414,-86.2331,a0654bd3,AT&T,Bowl,LTE,6695.0
2025-11-22 16:48:26.957000-05:00,41.6987126,-86.2346158,64957d65,T-Mobile,Bowl,NR,
2025-11-22 16:48:29.029000-05:00,41.6979407,-86.2331009,a0654bd3,AT&T,Bowl,LTE,
2025-11-22 16:48:31.960000-05:00,41.6987122,-86.2346164,64957d65,T-Mobile,Bowl,NR,
2025-11-22 16:48:34.084000-05:00,41.6979396,-86.2331015,a0654bd3,AT&T,Bowl,LTE,6375.0
2025-11-22 16:48:36.947000-05:00,41.6987117,-86.2346155,64957d65,T-Mobile,Bowl,NR,
2025-11-22 16:48:39.016000-05:00,41.6979389,-86.2331022,a0654bd3,AT&T,Bowl,LTE,6375.0
2025-11-22 16:48:41.954000-05:00,41.6987114,-86.2346152,64957d65,T-Mobile,Bowl,NR,
2025-11-22 16:48:42.811000-05:00,41.6989465,-86.2348081,7c36e7df,Verizon,Concourse,LTE,6775.0
2025-11-22 16:48:44.024000-05:00,41.6979433,-86.233104,a0654bd3,AT&T,Bowl,LTE,6375.0
2025-11-22 16:48:46.946000-05:00,41.6987095,-86.2346153,64957d65,T-Mobile,Bowl,NR,
2025-11-22 16:48:47.836000-05:00,41.6989542,-86.2348534,7c36e7df,Verizon,Concourse,LTE,6775.0
2025-11-22 16:48:49.026000-05:00,41.6979483,-86.2330977,a0654bd3,AT&T,Bowl,LTE,6375.0
2025-11-22 16:48:51.960000-05:00,41.6987084,-86.2346102,64957d65,T-Mobile,Bowl,NR,
2025-11-22 16:48:52.823000-05:00,41.6989207,-86.2348722,7c36e7df,Verizon,Concourse,LTE,
2025-11-22 16:48:54.023000-05:00,41.6979476,-86.2330984,a0654bd3,AT&T,Bowl,LTE,6375.0
2025-11-22 16:48:56.955000-05:00,41.6987074,-86.2346074,64957d65,T-Mobile,Bowl,NR,
2025-11-22 16:48:57.823000-05:00,41.6989047,-86.2348834,7c36e7df,Verizon,Concourse,LTE,6695.0
2025-11-22 16:48:59.024000-05:00,41.6979462,-86.2330989,a0654bd3,AT&T,Bowl,LTE,6375.0
2025-11-22 16:49:01.954000-05:00,41.6987074,-86.2346074,64957d65,T-Mobile,Bowl,NR,
2025-11-22 16:49:02.831000-05:00,41.6988775,-86.2349079,7c36e7df,Verizon,Concourse,LTE,6695.0
2025-11-22 16:49:04.029000-05:00,41.6979468,-86.233103,a0654bd3,AT&T,Bowl,LTE,6375.0
2025-11-22 16:49:06.953000-05:00,41.6987093,-86.2346138,64957d65,T-Mobile,Bowl,NR,
2025-11-22 16:49:07.832000-05:00,41.6988577,-86.2349016,7c36e7df,Verizon,Concourse,LTE,6695.0
2025-11-22 16:49:09.030000-05:00,41.6979477,-86.2331077,a0654bd3,AT&T,Bowl,LTE,6375.0
2025-11-22 16:49:11.958000-05:00,41.698708,-86.2346129,64957d65,T-Mobile,Bowl,NR,6215.0
2025-11-22 16:49:12.822000-05:00,41.69888,-86.2349218,7c36e7df,Verizon,Concourse,LTE,6695.0
2025-11-22 16:49:14.025000-05:00,41.6979471,-86.2331084,a0654bd3,AT&T,Bowl,LTE,6375.0
2025-11-22 16:49:16.958000-05:00,41.698707,-86.2346112,64957d65,T-Mobile,Bowl,NR,6215.0
2025-11-22 16:49:17.827000-05:00,41.6988806,-86.2349044,7c36e7df,Verizon,Concourse,LTE,
2025-11-22 16:49:19.030000-05:00,41.697947,-86.2331088,a0654bd3,AT&T,Bowl,LTE,6375.0
2025-11-22 16:49:21.956000-05:00,41.6987093,-86.2346102,64957d65,T-Mobile,Bowl,NR,6215.0
2025-11-22 16:49:22.823000-05:00,41.6988918,-86.2349115,7c36e7df,Verizon,Concourse,LTE,
2025-11-22 16:49:24.029000-05:00,41.6979463,-86.2331115,a0654bd3,AT&T,Bowl,LTE,6375.0
2025-11-22 16:49:26.961000-05:00,41.6987091,-86.2346103,64957d65,T-Mobile,Bowl,NR,6215.0
2025-11-22 16:49:27.824000-05:00,41.6988593,-86.2349642,7c36e7df,Verizon,Concourse,LTE,
2025-11-22 16:49:29.032000-05:00,41.6979436,-86.2331159,a0654bd3,AT&T,Bowl,LTE,6375.0
2025-11-22 16:49:31.957000-05:00,41.6987091,-86.2346102,64957d65,T-Mobile,Bowl,NR,6215.0
2025-11-22 16:49:32.825000-05:00,41.6988554,-86.2349436,7c36e7df,Verizon,Concourse,LTE,
2025-11-22 16:49:34.031000-05:00,41.6979425,-86.2331176,a0654bd3,AT&T,Bowl,LTE,6375.0
2025-11-22 16:49:36.964000-05:00,41.6987083,-86.2346113,64957d65,T-Mobile,Bowl,NR,6215.0
2025-11-22 16:49:37.832000-05:00,41.6988614,-86.2349141,7c36e7df,Verizon,Concourse,LTE,
2025-11-22 16:49:39.035000-05:00,41.6979462,-86.2331178,a0654bd3,AT&T,Bowl,LTE,6375.0
2025-11-22 16:49:41.959000-05:00,41.6987088,-86.2346112,64957d65,T-Mobile,Bowl,NR,6215.0
2025-11-22 16:49:42.822000-05:00,41.698878,-86.2349126,7c36e7df,Verizon,Concourse,LTE,
2025-11-22 16:49:44.027000-05:00,41.6979476,-86.2331166,a0654bd3,AT&T,Bowl,LTE,6375.0
2025-11-22 16:49:46.962000-05:00,41.6987101,-86.2346095,64957d65,T-Mobile,Bowl,NR,6215.0
2025-11-22 16:49:47.824000-05:00,41.6988733,-86.2349334,7c36e7df,Verizon,Concourse,LTE,
2025-11-22 16:49:49.027000-05:00,41.6979493,-86.2331159,a0654bd3,AT&T,Bowl,LTE,6375.0
2025-11-22 16:49:51.963000-05:00,41.6987115,-86.2346088,64957d65,T-Mobile,Bowl,NR,6215.0
2025-11-22 16:49:52.820000-05:00,41.6988689,-86.2349588,7c36e7df,Verizon,Concourse,LTE,
2025-11-22 16:49:54.046000-05:00,41.6979514,-86.2331153,a0654bd3,AT&T,Bowl,LTE,6375.0
2025-11-22 16:49:56.957000-05:00,41.6987114,-86.234609,64957d65,T-Mobile,Bowl,NR,6215.0
2025-11-22 16:49:57.828000-05:00,41.698853,-86.2349456,7c36e7df,Verizon,Concourse,LTE,
2025-11-22 16:49:59.034000-05:00,41.697957,-86.2331178,a0654bd3,AT&T,Bowl,LTE,6375.0
2025-11-22 16:50:01.956000-05:00,41.6987134,-86.2346085,64957d65,T-Mobile,Bowl,NR,6215.0
2025-11-22 16:50:02.826000-05:00,41.6988666,-86.2349534,7c36e7df,Verizon,Concourse,LTE,
2025-11-22 16:50:04.027000-05:00,41.6979674,-86.2331194,a0654bd3,AT&T,Bowl,LTE,6375.0
2025-11-22 16:50:06.967000-05:00,41.6987133,-86.2346089,64957d65,T-Mobile,Bowl,NR,6215.0
2025-11-22 16:50:07.829000-05:00,41.6988783,-86.2349394,7c36e7df,Verizon,Concourse,LTE,
2025-11-22 16:50:09.100000-05:00,41.6979663,-86.2331197,a0654bd3,AT&T,Bowl,LTE,6375.0
2025-11-22 16:50:11.964000-05:00,41.6987131,-86.2346089,64957d65,T-Mobile,Bowl,NR,6215.0
2025-11-22 16:50:12.828000-05:00,41.6988866,-86.2349356,7c36e7df,Verizon,Concourse,LTE,
2025-11-22 16:50:14.098000-05:00,41.6979656,-86.2331201,a0654bd3,AT&T,Bowl,LTE,6375.0
2025-11-22 16:50:16.964000-05:00,41.6987135,-86.2346065,64957d65,T-Mobile,Bowl,NR,6215.0
2025-11-22 16:50:17.831000-05:00,41.6988758,-86.2349149,7c36e7df,Verizon,Concourse,LTE,
2025-11-22 16:50:19.092000-05:00,41.6979633,-86.2331226,a0654bd3,AT&T,Bowl,LTE,6375.0
2025-11-22 16:50:21.951000-05:00,41.6987202,-86.2346017,64957d65,T-Mobile,Bowl,NR,6215.0
2025-11-22 16:50:22.829000-05:00,41.6988696,-86.2349079,7c36e7df,Verizon,Concourse,LTE,
2025-11-22 16:50:24.099000-05:00,41.6979617,-86.2331246,a0654bd3,AT&T,Bowl,LTE,6375.0
2025-11-22 16:50:26.955000-05:00,41.6987207,-86.2346025,64957d65,T-Mobile,Bowl,NR,6215.0
2025-11-22 16:50:27.828000-05:00,41.6988564,-86.2349095,7c36e7df,Verizon,Concourse,LTE,
2025-11-22 16:50:29.133000-05:00,41.6979672,-86.2331216,a0654bd3,AT&T,Bowl,LTE,6375.0
2025-11-22 16:50:31.958000-05:00,41.6987185,-86.2346045,64957d65,T-Mobile,Bowl,NR,6215.0
2025-11-22 16:50:32.825000-05:00,41.6988514,-86.2348886,7c36e7df,Verizon,Concourse,LTE,
2025-11-22 16:50:34.098000-05:00,41.6979687,-86.2331214,a0654bd3,AT&T,Bowl,LTE,6375.0
2025-11-22 16:50:36.968000-05:00,41.6987183,-86.2346046,64957d65,T-Mobile,Bowl,NR,6215.0
2025-11-22 16:50:37.831000-05:00,41.6988587,-86.2348975,7c36e7df,Verizon,Concourse,LTE,
2025-11-22 16:50:39.098000-05:00,41.6979676,-86.2331219,a0654bd3,AT&T,Bowl,LTE,6375.0
2025-11-22 16:50:41.963000-05:00,41.6987171,-86.234607,64957d65,T-Mobile,Bowl,NR,6215.0
2025-11-22 16:50:42.828000-05:00,41.6989045,-86.2349211,7c36e7df,Verizon,Concourse,LTE,
2025-11-22 16:50:44.104000-05:00,41.6979677,-86.2331228,a0654bd3,AT&T,Bowl,LTE,6375.0
2025-11-22 16:50:46.968000-05:00,41.698716,-86.2346089,64957d65,T-Mobile,Bowl,NR,6215.0
2025-11-22 16:50:47.832000-05:00,41.6988961,-86.2349225,7c36e7df,Verizon,Concourse,LTE,
2025-11-22 16:50:49.098000-05:00,41.6979675,-86.2331233,a0654bd3,AT&T,Bowl,LTE,6375.0
2025-11-22 16:50:51.961000-05:00,41.6987159,-86.234609,64957d65,T-Mobile,Bowl,NR,6215.0
2025-11-22 16:50:52.828000-05:00,41.6988954,-86.2349335,7c36e7df,Verizon,Concourse,LTE,
2025-11-22 16:50:54.098000-05:00,41.6979669,-86.2331234,a0654bd3,AT&T,Bowl,LTE,
2025-11-22 16:50:57.836000-05:00,41.6988946,-86.2349776,7c36e7df,Verizon,Concourse,LTE,
2025-11-22 16:51:02.831000-05:00,41.6988674,-86.2349336,7c36e7df,Verizon,Concourse,LTE,
2025-11-22 16:51:07.835000-05:00,41.6988761,-86.234912,7c36e7df,Verizon,Concourse,LTE,
2025-11-22 16:51:12.838000-05:00,41.6988964,-86.2349058,7c36e7df,Verizon,Concourse,LTE,
2025-11-22 16:51:17.835000-05:00,41.6988611,-86.2348834,7c36e7df,Verizon,Concourse,LTE,
2025-11-22 16:51:22.840000-05:00,41.6988758,-86.2349041,7c36e7df,Verizon,Concourse,LTE,
2025-11-22 16:51:27.832000-05:00,41.6988964,-86.2349257,7c36e7df,Verizon,Concourse,LTE,
2025-11-22 16:51:32.833000-05:00,41.6988874,-86.2349087,7c36e7df,Verizon,Concourse,LTE,
2025-11-22 16:51:37.839000-05:00,41.6988805,-86.2348974,7c36e7df,Verizon,Concourse,LTE,
2025-11-22 16:51:42.839000-05:00,41.6988696,-86.2348922,7c36e7df,Verizon,Concourse,LTE,
2025-11-22 16:51:47.840000-05:00,41.6988856,-86.2348916,7c36e7df,Verizon,Concourse,LTE,
2025-11-22 16:51:52.837000-05:00,41.6988946,-86.2348108,7c36e7df,Verizon,Concourse,LTE,6695.0
2025-11-22 16:51:57.844000-05:00,41.6989004,-86.234831,7c36e7df,Verizon,Concourse,LTE,6695.0
2025-11-22 16:52:02.843000-05:00,41.6988906,-86.2348658,7c36e7df,Verizon,Concourse,LTE,6695.0
2025-11-22 16:52:07.843000-05:00,41.6988875,-86.2348709,7c36e7df,Verizon,Concourse,LTE,6695.0
2025-11-22 16:52:12.852000-05:00,41.6989182,-86.2348548,7c36e7df,Verizon,Concourse,LTE,6695.0
2025-11-22 16:52:17.837000-05:00,41.6989202,-86.2348593,7c36e7df,Verizon,Concourse,LTE,6695.0
2025-11-22 16:52:22.841000-05:00,41.6988954,-86.2348677,7c36e7df,Verizon,Concourse,LTE,6695.0
2025-11-22 16:52:27.844000-05:00,41.6988867,-86.2348779,7c36e7df,Verizon,Concourse,LTE,6695.0
2025-11-22 16:52:32.841000-05:00,41.6988986,-86.2348836,7c36e7df,Verizon,Concourse,LTE,6695.0
2025-11-22 16:52:37.839000-05:00,41.6988992,-86.2348945,7c36e7df,Verizon,Concourse,LTE,6695.0
2025-11-22 16:52:42.855000-05:00,41.6989279,-86.234917,7c36e7df,Verizon,Concourse,LTE,6695.0
2025-11-22 16:52:47.843000-05:00,41.698921,-86.2348442,7c36e7df,Verizon,Concourse,LTE,6695.0
2025-11-22 16:52:52.846000-05:00,41.6989124,-86.2348815,7c36e7df,Verizon,Concourse,LTE,6695.0
2025-11-22 16:52:57.856000-05:00,41.6989121,-86.2348925,7c36e7df,Verizon,Concourse,LTE,6695.0
2025-11-22 16:53:02.844000-05:00,41.6989171,-86.2348868,7c36e7df,Verizon,Concourse,LTE,6695.0
2025-11-22 16:53:07.850000-05:00,41.6989049,-86.2348852,7c36e7df,Verizon,Concourse,LTE,6695.0
2025-11-22 16:53:12.848000-05:00,41.6989105,-86.2348911,7c36e7df,Verizon,Concourse,LTE,6695.0
2025-11-22 16:53:17.847000-05:00,41.6988708,-86.2349057,7c36e7df,Verizon,Concourse,LTE,6695.0
2025-11-22 16:53:22.851000-05:00,41.698905,-86.2348969,7c36e7df,Verizon,Concourse,LTE,6695.0
2025-11-22 16:53:27.859000-05:00,41.6989055,-86.234874,7c36e7df,Verizon,Concourse,LTE,6695.0
2025-11-22 16:53:33.595000-05:00,41.6987152,-86.2345162,64957d65,T-Mobile,Bowl,NR,6375.0
2025-11-22 16:53:42.314000-05:00,41.6987156,-86.2345058,64957d65,T-Mobile,Bowl,NR,
2025-11-22 16:53:47.323000-05:00,41.6987171,-86.2345064,64957d65,T-Mobile,Bowl,NR,
2025-11-22 16:53:52.323000-05:00,41.6987197,-86.2345,64957d65,T-Mobile,Bowl,NR,
2025-11-22 16:53:57.322000-05:00,41.6987194,-86.2345011,64957d65,T-Mobile,Bowl,NR,
2025-11-22 16:54:02.324000-05:00,41.6987186,-86.2345192,64957d65,T-Mobile,Bowl,NR,
2025-11-22 16:54:07.317000-05:00,41.6987174,-86.2345203,64957d65,T-Mobile,Bowl,NR,
2025-11-22 16:54:12.325000-05:00,41.6987159,-86.234521,64957d65,T-Mobile,Bowl,NR,
2025-11-22 16:54:17.327000-05:00,41.6987164,-86.2345207,64957d65,T-Mobile,Bowl,NR,
2025-11-22 16:54:22.317000-05:00,41.6987166,-86.2345207,64957d65,T-Mobile,Bowl,NR,
2025-11-22 16:54:27.329000-05:00,41.6987162,-86.2345208,64957d65,T-Mobile,Bowl,NR,
2025-11-22 16:54:32.315000-05:00,41.6987164,-86.2345232,64957d65,T-Mobile,Bowl,NR,
2025-11-22 16:54:37.528000-05:00,41.6987159,-86.234523,64957d65,T-Mobile,Bowl,NR,
2025-11-22 16:54:42.513000-05:00,41.6987172,-86.2345187,64957d65,T-Mobile,Bowl,NR,
2025-11-22 16:54:47.523000-05:00,41.6987174,-86.2345218,64957d65,T-Mobile,Bowl,NR,
2025-11-22 16:54:52.516000-05:00,41.6987168,-86.2345212,64957d65,T-Mobile,Bowl,NR,
2025-11-22 16:54:57.537000-05:00,41.6987153,-86.234522,64957d65,T-Mobile,Bowl,NR,
2025-11-22 16:55:02.515000-05:00,41.698715,-86.2345221,64957d65,T-Mobile,Bowl,NR,
2025-11-22 16:55:07.526000-05:00,41.6987161,-86.234522,64957d65,T-Mobile,Bowl,NR,
2025-11-22 16:55:12.514000-05:00,41.6987172,-86.2345212,64957d65,T-Mobile,Bowl,NR,
2025-11-22 16:55:17.530000-05:00,41.6987159,-86.2345205,64957d65,T-Mobile,Bowl,NR,
2025-11-22 16:55:22.524000-05:00,41.6987158,-86.2345212,64957d65,T-Mobile,Bowl,NR,
2025-11-22 16:55:27.524000-05:00,41.6987159,-86.2345211,64957d65,T-Mobile,Bowl,NR,
2025-11-22 16:55:32.524000-05:00,41.6987145,-86.2345194,64957d65,T-Mobile,Bowl,NR,
2025-11-22 16:55:37.522000-05:00,41.6987146,-86.2345188,64957d65,T-Mobile,Bowl,NR,6615.0
2025-11-22 16:55:42.522000-05:00,41.6987144,-86.2345173,64957d65,T-Mobile,Bowl,NR,6615.0
2025-11-22 16:55:47.520000-05:00,41.6987143,-86.2345154,64957d65,T-Mobile,Bowl,NR,6615.0
2025-11-22 16:55:52.513000-05:00,41.6987143,-86.2345151,64957d65,T-Mobile,Bowl,NR,6615.0
2025-11-22 16:55:57.541000-05:00,41.6987163,-86.2345164,64957d65,T-Mobile,Bowl,NR,6615.0
2025-11-22 16:56:02.522000-05:00,41.6987164,-86.2345157,64957d65,T-Mobile,Bowl,NR,6615.0
2025-11-22 16:56:07.526000-05:00,41.6987166,-86.2345141,64957d65,T-Mobile,Bowl,NR,6615.0
2025-11-22 16:56:12.534000-05:00,41.698713,-86.2344977,64957d65,T-Mobile,Bowl,NR,6615.0
2025-11-22 16:56:15.419000-05:00,41.6979602,-86.2344527,a0654bd3,AT&T,Bowl,LTE,
2025-11-22 16:56:17.541000-05:00,41.698708,-86.2344833,64957d65,T-Mobile,Bowl,NR,6615.0
2025-11-22 16:56:22.529000-05:00,41.6987084,-86.2344699,64957d65,T-Mobile,Bowl,NR,6615.0
2025-11-22 16:56:24.754000-05:00,41.6979602,-86.2344527,a0654bd3,AT&T,Bowl,LTE,
2025-11-22 16:56:27.525000-05:00,41.6987098,-86.2344591,64957d65,T-Mobile,Bowl,NR,6615.0
2025-11-22 16:56:29.761000-05:00,41.6979616,-86.2344512,a0654bd3,AT&T,Bowl,LTE,
2025-11-22 16:56:32.530000-05:00,41.6987103,-86.2344552,64957d65,T-Mobile,Bowl,NR,6615.0
2025-11-22 16:56:34.770000-05:00,41.6979608,-86.2344496,a0654bd3,AT&T,Bowl,LTE,
2025-11-22 16:56:37.524000-05:00,41.6987108,-86.2344531,64957d65,T-Mobile,Bowl,NR,6615.0
2025-11-22 16:56:39.765000-05:00,41.6979589,-86.2344431,a0654bd3,AT&T,Bowl,LTE,
2025-11-22 16:56:42.532000-05:00,41.6987107,-86.2344529,64957d65,T-Mobile,Bowl,NR,6615.0
2025-11-22 16:56:44.767000-05:00,41.6979564,-86.234448,a0654bd3,AT&T,Bowl,LTE,
2025-11-22 16:56:47.526000-05:00,41.6987066,-86.2344567,64957d65,T-Mobile,Bowl,NR,6615.0
2025-11-22 16:56:49.764000-05:00,41.6979545,-86.2344514,a0654bd3,AT&T,Bowl,LTE,
2025-11-22 16:56:52.523000-05:00,41.6987084,-86.2344585,64957d65,T-Mobile,Bowl,NR,6615.0
2025-11-22 16:56:54.762000-05:00,41.6979549,-86.2344524,a0654bd3,AT&T,Bowl,LTE,
2025-11-22 16:56:57.530000-05:00,41.6987075,-86.2344621,64957d65,T-Mobile,Bowl,NR,6615.0
2025-11-22 16:56:59.766000-05:00,41.6979534,-86.2344524,a0654bd3,AT&T,Bowl,LTE,
2025-11-22 16:57:02.532000-05:00,41.6987081,-86.2344582,64957d65,T-Mobile,Bowl,NR,6615.0
2025-11-22 16:57:04.771000-05:00,41.6979528,-86.2344493,a0654bd3,AT&T,Bowl,LTE,
2025-11-22 16:57:07.533000-05:00,41.6987111,-86.2344598,64957d65,T-Mobile,Bowl,NR,6615.0
2025-11-22 16:57:09.771000-05:00,41.697954,-86.2344511,a0654bd3,AT&T,Bowl,NR-NSA,
2025-11-22 16:57:10.846000-05:00,41.6987189,-86.2344809,7c36e7df,Verizon,Bowl,LTE,6135.0
2025-11-22 16:57:12.533000-05:00,41.6987141,-86.234459,64957d65,T-Mobile,Bowl,NR,6615.0
2025-11-22 16:57:14.766000-05:00,41.6979625,-86.2344654,a0654bd3,AT&T,Bowl,LTE,
2025-11-22 16:57:15.852000-05:00,41.6987221,-86.234485,7c36e7df,Verizon,Bowl,LTE,6135.0
2025-11-22 16:57:17.538000-05:00,41.6987152,-86.2344544,64957d65,T-Mobile,Bowl,NR,6615.0
2025-11-22 16:57:19.767000-05:00,41.6979615,-86.2344644,a0654bd3,AT&T,Bowl,NR-NSA,
2025-11-22 16:57:20.857000-05:00,41.6987226,-86.2344863,7c36e7df,Verizon,Bowl,LTE,6135.0
2025-11-22 16:57:22.538000-05:00,41.698715,-86.2344532,64957d65,T-Mobile,Bowl,NR,6615.0
2025-11-22 16:57:24.766000-05:00,41.6979616,-86.2344642,a0654bd3,AT&T,Bowl,NR-NSA,
2025-11-22 16:57:25.855000-05:00,41.6987261,-86.2344994,7c36e7df,Verizon,Bowl,LTE,6135.0
2025-11-22 16:57:27.528000-05:00,41.6987157,-86.234453,64957d65,T-Mobile,Bowl,NR,6615.0
2025-11-22 16:57:29.768000-05:00,41.6979616,-86.234464,a0654bd3,AT&T,Bowl,NR-NSA,
2025-11-22 16:57:30.845000-05:00,41.6987255,-86.2344993,7c36e7df,Verizon,Bowl,LTE,
2025-11-22 16:57:34.768000-05:00,41.6979616,-86.2344637,a0654bd3,AT&T,Bowl,NR-NSA,
2025-11-22 16:57:35.852000-05:00,41.6987159,-86.2344979,7c36e7df,Verizon,Bowl,LTE,
2025-11-22 16:57:39.767000-05:00,41.6979615,-86.2344636,a0654bd3,AT&T,Bowl,NR-NSA,
2025-11-22 16:57:40.859000-05:00,41.6987167,-86.2344978,7c36e7df,Verizon,Bowl,LTE,
2025-11-22 16:57:44.768000-05:00,41.6979616,-86.2344635,a0654bd3,AT&T,Bowl,NR-NSA,
2025-11-22 16:57:45.905000-05:00,41.6987173,-86.2344977,7c36e7df,Verizon,Bowl,LTE,6615.0
2025-11-22 16:57:49.769000-05:00,41.697959,-86.234476,a0654bd3,AT&T,Bowl,LTE,
2025-11-22 16:57:50.859000-05:00,41.6987141,-86.2344987,7c36e7df,Verizon,Bowl,LTE,6615.0
2025-11-22 16:57:54.770000-05:00,41.6979623,-86.2344763,a0654bd3,AT&T,Bowl,LTE,
2025-11-22 16:57:55.854000-05:00,41.6987142,-86.2344987,7c36e7df,Verizon,Bowl,LTE,6615.0
2025-11-22 16:57:59.770000-05:00,41.6979624,-86.2344762,a0654bd3,AT&T,Bowl,LTE,
2025-11-22 16:58:00.856000-05:00,41.6987146,-86.2344986,7c36e7df,Verizon,Bowl,LTE,6615.0
2025-11-22 16:58:04.773000-05:00,41.6979624,-86.2344757,a0654bd3,AT&T,Bowl,LTE,
2025-11-22 16:58:05.851000-05:00,41.6987153,-86.234498,7c36e7df,Verizon,Bowl,LTE,6615.0
2025-11-22 16:58:09.772000-05:00,41.6979608,-86.2344714,a0654bd3,AT&T,Bowl,LTE,
2025-11-22 16:58:10.852000-05:00,41.6987183,-86.2344942,7c36e7df,Verizon,Bowl,LTE,6615.0
2025-11-22 16:58:14.773000-05:00,41.6979601,-86.2344701,a0654bd3,AT&T,Bowl,NR-NSA,
2025-11-22 16:58:15.853000-05:00,41.6987207,-86.2344949,7c36e7df,Verizon,Bowl,LTE,6615.0
2025-11-22 16:58:19.776000-05:00,41.6979605,-86.2344695,a0654bd3,AT&T,Bowl,NR-NSA,
2025-11-22 16:58:20.853000-05:00,41.6987207,-86.2344947,7c36e7df,Verizon,Bowl,LTE,6615.0
2025-11-22 16:58:24.772000-05:00,41.6979599,-86.2344707,a0654bd3,AT&T,Bowl,NR-NSA,
2025-11-22 16:58:25.847000-05:00,41.6987208,-86.2344946,7c36e7df,Verizon,Bowl,LTE,6615.0
2025-11-22 16:58:29.775000-05:00,41.69796,-86.2344737,a0654bd3,AT&T,Bowl,NR-NSA,
2025-11-22 16:58:30.851000-05:00,41.6987227,-86.2344939,7c36e7df,Verizon,Bowl,LTE,6615.0
2025-11-22 16:58:34.774000-05:00,41.6979598,-86.2344741,a0654bd3,AT&T,Bowl,NR-NSA,
2025-11-22 16:58:35.847000-05:00,41.6987241,-86.2344937,7c36e7df,Verizon,Bowl,LTE,6615.0
2025-11-22 16:58:39.777000-05:00,41.6979599,-86.2344737,a0654bd3,AT&T,Bowl,NR-NSA,
2025-11-22 16:58:40.853000-05:00,41.6987241,-86.2344909,7c36e7df,Verizon,Bowl,LTE,6615.0
2025-11-22 16:58:44.783000-05:00,41.6979599,-86.2344735,a0654bd3,AT&T,Bowl,NR-NSA,
2025-11-22 16:58:45.852000-05:00,41.6987241,-86.2344907,7c36e7df,Verizon,Bowl,LTE,6615.0
2025-11-22 16:58:49.779000-05:00,41.6979599,-86.2344734,a0654bd3,AT&T,Bowl,NR-NSA,
2025-11-22 16:58:50.858000-05:00,41.698724,-86.2344907,7c36e7df,Verizon,Bowl,LTE,6615.0
2025-11-22 16:58:54.777000-05:00,41.6979597,-86.2344731,a0654bd3,AT&T,Bowl,NR-NSA,
2025-11-22 16:58:55.851000-05:00,41.698724,-86.2344907,7c36e7df,Verizon,Bowl,LTE,6615.0
2025-11-22 16:58:59.778000-05:00,41.6979598,-86.2344729,a0654bd3,AT&T,Bowl,NR-NSA,
2025-11-22 16:59:00.858000-05:00,41.6987229,-86.2344911,7c36e7df,Verizon,Bowl,LTE,6615.0
2025-11-22 16:59:04.777000-05:00,41.6979598,-86.2344725,a0654bd3,AT&T,Bowl,NR-NSA,
2025-11-22 16:59:05.920000-05:00,41.6987229,-86.2344911,7c36e7df,Verizon,Bowl,LTE,6615.0
2025-11-22 16:59:09.780000-05:00,41.6979582,-86.2344737,a0654bd3,AT&T,Bowl,NR-NSA,
2025-11-22 16:59:10.860000-05:00,41.6987229,-86.2344909,7c36e7df,Verizon,Bowl,LTE,6615.0
2025-11-22 16:59:14.780000-05:00,41.6979575,-86.2344736,a0654bd3,AT&T,Bowl,NR-NSA,
2025-11-22 16:59:15.860000-05:00,41.6987193,-86.2344835,7c36e7df,Verizon,Bowl,LTE,6615.0
2025-11-22 16:59:19.778000-05:00,41.6979577,-86.2344731,a0654bd3,AT&T,Bowl,NR-NSA,
2025-11-22 16:59:20.858000-05:00,41.6987206,-86.2344851,7c36e7df,Verizon,Bowl,LTE,6615.0
2025-11-22 16:59:24.779000-05:00,41.6979579,-86.2344727,a0654bd3,AT&T,Bowl,NR-NSA,
2025-11-22 16:59:25.869000-05:00,41.6987185,-86.2344848,7c36e7df,Verizon,Bowl,LTE,6615.0
2025-11-22 16:59:29.780000-05:00,41.6979594,-86.2344671,a0654bd3,AT&T,Bowl,LTE,
2025-11-22 16:59:30.856000-05:00,41.6987178,-86.2344855,7c36e7df,Verizon,Bowl,LTE,6615.0
2025-11-22 16:59:34.784000-05:00,41.6979717,-86.2344727,a0654bd3,AT&T,Bowl,LTE,
2025-11-22 16:59:35.868000-05:00,41.6987181,-86.2344855,7c36e7df,Verizon,Bowl,LTE,6615.0
2025-11-22 16:59:39.786000-05:00,41.6979761,-86.2344722,a0654bd3,AT&T,Bowl,LTE,
2025-11-22 16:59:40.854000-05:00,41.6987106,-86.2344877,7c36e7df,Verizon,Bowl,LTE,
2025-11-22 16:59:44.790000-05:00,41.6979763,-86.2344718,a0654bd3,AT&T,Bowl,LTE,
2025-11-22 16:59:45.853000-05:00,41.6987057,-86.2344816,7c36e7df,Verizon,Bowl,LTE,
2025-11-22 16:59:49.782000-05:00,41.6979764,-86.2344716,a0654bd3,AT&T,Bowl,NR-NSA,
2025-11-22 16:59:50.857000-05:00,41.6987059,-86.2344813,7c36e7df,Verizon,Bowl,LTE,
2025-11-22 16:59:54.798000-05:00,41.6979764,-86.2344716,a0654bd3,AT&T,Bowl,NR-NSA,
2025-11-22 16:59:55.858000-05:00,41.698706,-86.2344813,7c36e7df,Verizon,Bowl,LTE,
2025-11-22 16:59:59.794000-05:00,41.6979626,-86.2344647,a0654bd3,AT&T,Bowl,NR-NSA,
2025-11-22 17:00:00.857000-05:00,41.6987061,-86.2344812,7c36e7df,Verizon,Bowl,LTE,
2025-11-22 17:00:04.784000-05:00,41.6979656,-86.2344535,a0654bd3,AT&T,Bowl,NR-NSA,
2025-11-22 17:00:05.853000-05:00,41.6987061,-86.2344812,7c36e7df,Verizon,Bowl,LTE,
2025-11-22 17:00:09.796000-05:00,41.6979658,-86.2344539,a0654bd3,AT&T,Bowl,NR-NSA,
2025-11-22 17:00:10.854000-05:00,41.6987084,-86.2344761,7c36e7df,Verizon,Bowl,LTE,
2025-11-22 17:00:14.794000-05:00,41.6979659,-86.2344539,a0654bd3,AT&T,Bowl,NR-NSA,
2025-11-22 17:00:15.853000-05:00,41.6987095,-86.2344761,7c36e7df,Verizon,Bowl,LTE,
2025-11-22 17:00:19.784000-05:00,41.6979655,-86.2344541,a0654bd3,AT&T,Bowl,NR-NSA,
2025-11-22 17:00:20.854000-05:00,41.6987114,-86.2344771,7c36e7df,Verizon,Bowl,NR-NSA,
2025-11-22 17:00:24.782000-05:00,41.6979655,-86.2344539,a0654bd3,AT&T,Bowl,NR-NSA,
2025-11-22 17:00:25.852000-05:00,41.6987113,-86.234477,7c36e7df,Verizon,Bowl,NR-NSA,
2025-11-22 17:00:29.796000-05:00,41.697968,-86.2344698,a0654bd3,AT&T,Bowl,LTE,
2025-11-22 17:00:30.857000-05:00,41.6987113,-86.2344769,7c36e7df,Verizon,Bowl,NR-NSA,
2025-11-22 17:00:34.791000-05:00,41.6979721,-86.2344721,a0654bd3,AT&T,Bowl,LTE,
2025-11-22 17:00:35.856000-05:00,41.6987113,-86.2344769,7c36e7df,Verizon,Bowl,NR-NSA,
2025-11-22 17:00:39.790000-05:00,41.6979697,-86.2344661,a0654bd3,AT&T,Bowl,LTE,
2025-11-22 17:00:40.854000-05:00,41.6987112,-86.2344795,7c36e7df,Verizon,Bowl,NR-NSA,
2025-11-22 17:00:44.787000-05:00,41.6979699,-86.2344656,a0654bd3,AT&T,Bowl,LTE,
2025-11-22 17:00:45.857000-05:00,41.6987135,-86.2344815,7c36e7df,Verizon,Bowl,NR-NSA,
2025-11-22 17:00:49.786000-05:00,41.6979652,-86.2344619,a0654bd3,AT&T,Bowl,LTE,
2025-11-22 17:00:50.856000-05:00,41.6987147,-86.23448,7c36e7df,Verizon,Bowl,NR-NSA,
2025-11-22 17:00:54.785000-05:00,41.6979654,-86.2344617,a0654bd3,AT&T,Bowl,LTE,
2025-11-22 17:00:55.857000-05:00,41.6987176,-86.2344777,7c36e7df,Verizon,Bowl,NR-NSA,
2025-11-22 17:00:59.787000-05:00,41.6979647,-86.234461,a0654bd3,AT&T,Bowl,LTE,
2025-11-22 17:01:00.854000-05:00,41.6987139,-86.2344756,7c36e7df,Verizon,Bowl,NR-NSA,
2025-11-22 17:01:04.796000-05:00,41.6979665,-86.2344626,a0654bd3,AT&T,Bowl,LTE,
2025-11-22 17:01:05.852000-05:00,41.6987144,-86.2344767,7c36e7df,Verizon,Bowl,NR-NSA,
2025-11-22 17:01:09.790000-05:00,41.6979678,-86.2344549,a0654bd3,AT&T,Bowl,LTE,
2025-11-22 17:01:10.863000-05:00,41.6987224,-86.2344777,7c36e7df,Verizon,Bowl,LTE,
2025-11-22 17:01:14.788000-05:00,41.6979692,-86.2344555,a0654bd3,AT&T,Bowl,LTE,
2025-11-22 17:01:15.863000-05:00,41.6987224,-86.2344775,7c36e7df,Verizon,Bowl,LTE,
2025-11-22 17:01:19.787000-05:00,41.6979693,-86.2344557,a0654bd3,AT&T,Bowl,LTE,
2025-11-22 17:01:20.863000-05:00,41.6987223,-86.2344774,7c36e7df,Verizon,Bowl,LTE,
2025-11-22 17:01:24.799000-05:00,41.6979669,-86.2344569,a0654bd3,AT&T,Bowl,LTE,
2025-11-22 17:01:25.857000-05:00,41.6987223,-86.2344774,7c36e7df,Verizon,Bowl,LTE,
2025-11-22 17:01:29.796000-05:00,41.6979663,-86.234452,a0654bd3,AT&T,Bowl,LTE,6135.0
2025-11-22 17:01:30.863000-05:00,41.6987223,-86.2344773,7c36e7df,Verizon,Bowl,LTE,
2025-11-22 17:01:34.791000-05:00,41.6979664,-86.2344515,a0654bd3,AT&T,Bowl,LTE,6135.0
2025-11-22 17:01:35.863000-05:00,41.6987205,-86.2344822,7c36e7df,Verizon,Bowl,LTE,
2025-11-22 17:01:39.794000-05:00,41.6979664,-86.2344511,a0654bd3,AT&T,Bowl,LTE,6135.0
2025-11-22 17:01:40.861000-05:00,41.6987202,-86.2344825,7c36e7df,Verizon,Bowl,LTE,
2025-11-22 17:01:44.788000-05:00,41.69796,-86.2344618,a0654bd3,AT&T,Bowl,LTE,
2025-11-22 17:01:45.865000-05:00,41.6987201,-86.2344826,7c36e7df,Verizon,Bowl,LTE,
2025-11-22 17:01:49.793000-05:00,41.6979601,-86.2344642,a0654bd3,AT&T,Bowl,LTE,
2025-11-22 17:01:50.862000-05:00,41.6987201,-86.2344827,7c36e7df,Verizon,Bowl,LTE,
2025-11-22 17:01:54.795000-05:00,41.6979527,-86.234459,a0654bd3,AT&T,Bowl,LTE,6215.0
2025-11-22 17:01:55.866000-05:00,41.69872,-86.2344827,7c36e7df,Verizon,Bowl,LTE,
2025-11-22 17:01:59.784000-05:00,41.69795,-86.234459,a0654bd3,AT&T,Bowl,LTE,6215.0
2025-11-22 17:02:00.865000-05:00,41.6987209,-86.2344798,7c36e7df,Verizon,Bowl,LTE,
2025-11-22 17:02:04.790000-05:00,41.6979514,-86.2344631,a0654bd3,AT&T,Bowl,LTE,6215.0
2025-11-22 17:02:05.867000-05:00,41.6987203,-86.2344787,7c36e7df,Verizon,Bowl,LTE,
2025-11-22 17:02:09.794000-05:00,41.6979549,-86.2344596,a0654bd3,AT&T,Bowl,LTE,6215.0
2025-11-22 17:02:10.863000-05:00,41.6987201,-86.2344788,7c36e7df,Verizon,Bowl,LTE,
2025-11-22 17:02:14.799000-05:00,41.6979569,-86.2344586,a0654bd3,AT&T,Bowl,LTE,6215.0
2025-11-22 17:02:15.864000-05:00,41.69872,-86.2344789,7c36e7df,Verizon,Bowl,LTE,
2025-11-22 17:02:19.793000-05:00,41.6979534,-86.2344567,a0654bd3,AT&T,Bowl,LTE,6215.0
2025-11-22 17:02:20.864000-05:00,41.6987199,-86.2344789,7c36e7df,Verizon,Bowl,LTE,
2025-11-22 17:02:24.796000-05:00,41.6979535,-86.2344565,a0654bd3,AT&T,Bowl,LTE,6215.0
2025-11-22 17:02:25.865000-05:00,41.6987199,-86.2344789,7c36e7df,Verizon,Bowl,LTE,
2025-11-22 17:02:29.794000-05:00,41.6979535,-86.2344562,a0654bd3,AT&T,Bowl,LTE,6215.0
2025-11-22 17:02:30.866000-05:00,41.6987191,-86.2344827,7c36e7df,Verizon,Bowl,LTE,
2025-11-22 17:02:34.794000-05:00,41.6979537,-86.2344562,a0654bd3,AT&T,Bowl,LTE,6215.0
2025-11-22 17:02:35.866000-05:00,41.6987187,-86.2344831,7c36e7df,Verizon,Bowl,LTE,
2025-11-22 17:02:39.797000-05:00,41.6979542,-86.2344596,a0654bd3,AT&T,Bowl,LTE,6215.0
2025-11-22 17:02:40.872000-05:00,41.6987185,-86.234483,7c36e7df,Verizon,Bowl,LTE,
2025-11-22 17:02:44.799000-05:00,41.6979595,-86.234465,a0654bd3,AT&T,Bowl,LTE,6215.0
2025-11-22 17:02:45.867000-05:00,41.6987184,-86.2344831,7c36e7df,Verizon,Bowl,LTE,
2025-11-22 17:02:49.801000-05:00,41.6979605,-86.2344625,a0654bd3,AT&T,Bowl,LTE,6215.0
2025-11-22 17:02:50.864000-05:00,41.6987184,-86.2344826,7c36e7df,Verizon,Bowl,LTE,
2025-11-22 17:02:54.797000-05:00,41.6979619,-86.2344647,a0654bd3,AT&T,Bowl,LTE,6215.0
2025-11-22 17:02:55.863000-05:00,41.698719,-86.2344816,7c36e7df,Verizon,Bowl,LTE,
2025-11-22 17:02:59.790000-05:00,41.6979637,-86.2344653,a0654bd3,AT&T,Bowl,LTE,6215.0
2025-11-22 17:03:00.863000-05:00,41.698719,-86.2344818,7c36e7df,Verizon,Bowl,NR-NSA,
2025-11-22 17:03:04.800000-05:00,41.697964,-86.2344655,a0654bd3,AT&T,Bowl,LTE,6215.0
2025-11-22 17:03:05.864000-05:00,41.6987193,-86.2344819,7c36e7df,Verizon,Bowl,NR-NSA,
2025-11-22 17:03:09.798000-05:00,41.6979652,-86.2344641,a0654bd3,AT&T,Bowl,LTE,6215.0
2025-11-22 17:03:10.867000-05:00,41.6987246,-86.234476,7c36e7df,Verizon,Bowl,NR-NSA,
2025-11-22 17:03:14.799000-05:00,41.6979654,-86.2344635,a0654bd3,AT&T,Bowl,LTE,6375.0
2025-11-22 17:03:15.872000-05:00,41.6987246,-86.2344768,7c36e7df,Verizon,Bowl,LTE,
2025-11-22 17:03:19.797000-05:00,41.6979648,-86.2344645,a0654bd3,AT&T,Bowl,LTE,6375.0
2025-11-22 17:03:20.868000-05:00,41.6987246,-86.234477,7c36e7df,Verizon,Bowl,LTE,
2025-11-22 17:03:24.799000-05:00,41.6979644,-86.2344643,a0654bd3,AT&T,Bowl,LTE,6375.0
2025-11-22 17:03:25.868000-05:00,41.6987225,-86.2344685,7c36e7df,Verizon,Bowl,LTE,
2025-11-22 17:03:29.856000-05:00,41.6979656,-86.2344638,a0654bd3,AT&T,Bowl,LTE,6375.0
2025-11-22 17:03:30.870000-05:00,41.6987243,-86.2344743,7c36e7df,Verizon,Bowl,LTE,
2025-11-22 17:03:34.794000-05:00,41.6979656,-86.2344629,a0654bd3,AT&T,Bowl,LTE,6375.0
2025-11-22 17:03:35.882000-05:00,41.6987245,-86.2344765,7c36e7df,Verizon,Bowl,LTE,
2025-11-22 17:03:39.797000-05:00,41.697967,-86.2344594,a0654bd3,AT&T,Bowl,LTE,6375.0
2025-11-22 17:03:40.870000-05:00,41.6987245,-86.2344763,7c36e7df,Verizon,Bowl,LTE,
2025-11-22 17:03:44.798000-05:00,41.6979685,-86.2344594,a0654bd3,AT&T,Bowl,LTE,6375.0
2025-11-22 17:03:45.869000-05:00,41.6987244,-86.2344762,7c36e7df,Verizon,Bowl,LTE,
2025-11-22 17:03:49.856000-05:00,41.6979691,-86.2344591,a0654bd3,AT&T,Bowl,LTE,6375.0
2025-11-22 17:03:50.867000-05:00,41.6987244,-86.234476,7c36e7df,Verizon,Bowl,LTE,
2025-11-22 17:03:54.806000-05:00,41.6979703,-86.2344588,a0654bd3,AT&T,Bowl,LTE,6375.0
2025-11-22 17:03:55.876000-05:00,41.6987243,-86.234476,7c36e7df,Verizon,Bowl,LTE,
2025-11-22 17:03:59.832000-05:00,41.6979668,-86.2344533,a0654bd3,AT&T,Bowl,LTE,6375.0
2025-11-22 17:04:00.875000-05:00,41.6987245,-86.2344734,7c36e7df,Verizon,Bowl,LTE,
2025-11-22 17:04:04.798000-05:00,41.6979675,-86.2344519,a0654bd3,AT&T,Bowl,LTE,6375.0
2025-11-22 17:04:05.870000-05:00,41.6987224,-86.2344732,7c36e7df,Verizon,Bowl,LTE,
2025-11-22 17:04:09.821000-05:00,41.6979644,-86.2344493,a0654bd3,AT&T,Bowl,LTE,6375.0
2025-11-22 17:04:10.872000-05:00,41.6987224,-86.2344731,7c36e7df,Verizon,Bowl,LTE,
2025-11-22 17:04:14.809000-05:00,41.6979563,-86.234459,a0654bd3,AT&T,Bowl,LTE,6375.0
2025-11-22 17:04:15.867000-05:00,41.6987224,-86.2344731,7c36e7df,Verizon,Bowl,LTE,
2025-11-22 17:04:19.799000-05:00,41.6979592,-86.2344572,a0654bd3,AT&T,Bowl,LTE,6375.0
2025-11-22 17:04:20.872000-05:00,41.6987225,-86.234473,7c36e7df,Verizon,Bowl,LTE,
2025-11-22 17:04:24.803000-05:00,41.6979592,-86.2344572,a0654bd3,AT&T,Bowl,LTE,6375.0
2025-11-22 17:04:25.874000-05:00,41.6987225,-86.234473,7c36e7df,Verizon,Bowl,LTE,
2025-11-22 17:04:29.805000-05:00,41.6979595,-86.2344594,a0654bd3,AT&T,Bowl,LTE,
2025-11-22 17:04:30.871000-05:00,41.6987236,-86.2344583,7c36e7df,Verizon,Bowl,LTE,
2025-11-22 17:04:34.805000-05:00,41.6979586,-86.2344608,a0654bd3,AT&T,Bowl,LTE,
2025-11-22 17:04:35.873000-05:00,41.6987231,-86.2344595,7c36e7df,Verizon,Bowl,LTE,
2025-11-22 17:04:40.876000-05:00,41.6987231,-86.234474,7c36e7df,Verizon,Bowl,LTE,
2025-11-22 17:04:45.882000-05:00,41.6987233,-86.234475,7c36e7df,Verizon,Bowl,LTE,
2025-11-22 17:04:50.872000-05:00,41.6987234,-86.2344745,7c36e7df,Verizon,Bowl,LTE,
2025-11-22 17:04:55.871000-05:00,41.6987234,-86.2344744,7c36e7df,Verizon,Bowl,LTE,
2025-11-22 17:05:00.873000-05:00,41.6987226,-86.2344752,7c36e7df,Verizon,Bowl,LTE,
2025-11-22 17:05:05.871000-05:00,41.6987225,-86.2344752,7c36e7df,Verizon,Bowl,LTE,
2025-11-22 17:05:10.871000-05:00,41.6987193,-86.2344812,7c36e7df,Verizon,Bowl,LTE,
2025-11-22 17:05:15.878000-05:00,41.6987206,-86.2344864,7c36e7df,Verizon,Bowl,LTE,
2025-11-22 17:05:20.874000-05:00,41.6987222,-86.2344874,7c36e7df,Verizon,Bowl,LTE,
2025-11-22 17:05:25.876000-05:00,41.6987344,-86.2345479,7c36e7df,Verizon,Bowl,LTE,
2025-11-22 17:05:25.959000-05:00,41.6979409,-86.2347803,a0654bd3,AT&T,Bowl,LTE,
2025-11-22 17:05:30.886000-05:00,41.6987258,-86.2345632,7c36e7df,Verizon,Bowl,LTE,
2025-11-22 17:05:35.881000-05:00,41.6987273,-86.2345795,7c36e7df,Verizon,Bowl,LTE,
2025-11-22 17:05:40.616000-05:00,41.6979409,-86.2347803,a0654bd3,AT&T,Bowl,LTE,
2025-11-22 17:05:40.877000-05:00,41.6987238,-86.2345895,7c36e7df,Verizon,Bowl,LTE,
2025-11-22 17:05:45.619000-05:00,41.6979453,-86.2347669,a0654bd3,AT&T,Bowl,LTE,
2025-11-22 17:05:45.882000-05:00,41.6987334,-86.2345892,7c36e7df,Verizon,Bowl,LTE,
2025-11-22 17:05:50.622000-05:00,41.6979465,-86.2347655,a0654bd3,AT&T,Bowl,LTE,
2025-11-22 17:05:50.893000-05:00,41.698733,-86.2345891,7c36e7df,Verizon,Bowl,LTE,
2025-11-22 17:05:55.621000-05:00,41.6979465,-86.2347654,a0654bd3,AT&T,Bowl,LTE,
2025-11-22 17:06:00.613000-05:00,41.697941,-86.2347665,a0654bd3,AT&T,Bowl,NR-NSA,
2025-11-22 17:06:05.620000-05:00,41.6979437,-86.2347648,a0654bd3,AT&T,Bowl,NR-NSA,
2025-11-22 17:06:10.619000-05:00,41.6979473,-86.2347605,a0654bd3,AT&T,Bowl,NR-NSA,
2025-11-22 17:06:15.622000-05:00,41.6979497,-86.2347566,a0654bd3,AT&T,Bowl,NR-NSA,
2025-11-22 17:06:20.619000-05:00,41.6979551,-86.23475,a0654bd3,AT&T,Bowl,NR-NSA,
2025-11-22 17:06:25.622000-05:00,41.697956,-86.2347495,a0654bd3,AT&T,Bowl,NR-NSA,
2025-11-22 17:06:30.620000-05:00,41.6979556,-86.2347498,a0654bd3,AT&T,Bowl,NR-NSA,
2025-11-22 17:06:35.623000-05:00,41.6979555,-86.2347501,a0654bd3,AT&T,Bowl,NR-NSA,
2025-11-22 17:06:40.626000-05:00,41.6979553,-86.2347502,a0654bd3,AT&T,Bowl,NR-NSA,
2025-11-22 17:06:45.625000-05:00,41.6979552,-86.2347502,a0654bd3,AT&T,Bowl,NR-NSA,
2025-11-22 17:06:50.625000-05:00,41.6979552,-86.2347503,a0654bd3,AT&T,Bowl,NR-NSA,
2025-11-22 17:06:55.624000-05:00,41.6979551,-86.2347504,a0654bd3,AT&T,Bowl,NR-NSA,
2025-11-22 17:07:00.636000-05:00,41.6979551,-86.2347503,a0654bd3,AT&T,Bowl,NR-NSA,
2025-11-22 17:07:05.624000-05:00,41.6979551,-86.2347502,a0654bd3,AT&T,Bowl,NR-NSA,
2025-11-22 17:07:10.625000-05:00,41.6979551,-86.23475,a0654bd3,AT&T,Bowl,NR-NSA,
2025-11-22 17:07:15.627000-05:00,41.6979552,-86.2347499,a0654bd3,AT&T,Bowl,NR-NSA,
2025-11-22 17:07:20.627000-05:00,41.6979552,-86.2347499,a0654bd3,AT&T,Bowl,NR-NSA,
2025-11-22 17:07:25.624000-05:00,41.6979551,-86.2347499,a0654bd3,AT&T,Bowl,NR-NSA,
2025-11-22 17:07:30.625000-05:00,41.6979551,-86.23475,a0654bd3,AT&T,Bowl,NR-NSA,
2025-11-22 17:07:35.619000-05:00,41.6979551,-86.2347502,a0654bd3,AT&T,Bowl,NR-NSA,
2025-11-22 17:07:40.625000-05:00,41.6979551,-86.2347503,a0654bd3,AT&T,Bowl,NR-NSA,
2025-11-22 17:07:45.624000-05:00,41.6979551,-86.2347505,a0654bd3,AT&T,Bowl,NR-NSA,
2025-11-22 17:07:50.626000-05:00,41.6979552,-86.2347505,a0654bd3,AT&T,Bowl,NR-NSA,
2025-11-22 17:07:55.626000-05:00,41.6979552,-86.2347507,a0654bd3,AT&T,Bowl,NR-NSA,
2025-11-22 17:08:00.627000-05:00,41.6979551,-86.2347507,a0654bd3,AT&T,Bowl,NR-NSA,
2025-11-22 17:08:05.619000-05:00,41.6979551,-86.2347506,a0654bd3,AT&T,Bowl,NR-NSA,
2025-11-22 17:08:10.625000-05:00,41.6979551,-86.2347505,a0654bd3,AT&T,Bowl,NR-NSA,
2025-11-22 17:08:15.627000-05:00,41.6979552,-86.2347455,a0654bd3,AT&T,Bowl,NR-NSA,
2025-11-22 17:08:20.623000-05:00,41.6979545,-86.2347419,a0654bd3,AT&T,Bowl,NR-NSA,
2025-11-22 17:08:25.285000-05:00,41.6979504,-86.2333692,64957d65,T-Mobile,Bowl,LTE,
2025-11-22 17:08:25.624000-05:00,41.6979542,-86.234742,a0654bd3,AT&T,Bowl,NR-NSA,
2025-11-22 17:08:30.287000-05:00,41.6979503,-86.2333693,64957d65,T-Mobile,Bowl,LTE,
2025-11-22 17:08:30.629000-05:00,41.697954,-86.2347421,a0654bd3,AT&T,Bowl,NR-NSA,
2025-11-22 17:08:35.289000-05:00,41.6979509,-86.2333698,64957d65,T-Mobile,Bowl,LTE,
2025-11-22 17:08:35.621000-05:00,41.6979541,-86.2347419,a0654bd3,AT&T,Bowl,NR-NSA,
2025-11-22 17:08:40.294000-05:00,41.6979504,-86.2333705,64957d65,T-Mobile,Bowl,LTE,
2025-11-22 17:08:40.627000-05:00,41.697954,-86.234742,a0654bd3,AT&T,Bowl,NR-NSA,
2025-11-22 17:08:45.292000-05:00,41.6979504,-86.2333702,64957d65,T-Mobile,Bowl,LTE,
2025-11-22 17:08:45.628000-05:00,41.697954,-86.234742,a0654bd3,AT&T,Bowl,NR-NSA,
2025-11-22 17:08:50.297000-05:00,41.6979529,-86.2333708,64957d65,T-Mobile,Bowl,LTE,
2025-11-22 17:08:50.628000-05:00,41.697954,-86.2347419,a0654bd3,AT&T,Bowl,NR-NSA,
2025-11-22 17:08:55.053000-05:00,41.6981158,-86.2344996,7c36e7df,Verizon,Bowl,NR,
2025-11-22 17:08:55.297000-05:00,41.6979527,-86.2333708,64957d65,T-Mobile,Bowl,LTE,
2025-11-22 17:08:55.627000-05:00,41.6979539,-86.2347419,a0654bd3,AT&T,Bowl,NR-NSA,
2025-11-22 17:09:00.068000-05:00,41.6981034,-86.2344808,7c36e7df,Verizon,Bowl,NR,
2025-11-22 17:09:00.298000-05:00,41.6979526,-86.2333704,64957d65,T-Mobile,Bowl,LTE,
2025-11-22 17:09:00.628000-05:00,41.6979541,-86.2347418,a0654bd3,AT&T,Bowl,NR-NSA,
2025-11-22 17:09:05.066000-05:00,41.6980945,-86.2344674,7c36e7df,Verizon,Bowl,NR,6775.0
2025-11-22 17:09:05.297000-05:00,41.6979525,-86.2333704,64957d65,T-Mobile,Bowl,NR-NSA,
2025-11-22 17:09:05.628000-05:00,41.6979541,-86.2347416,a0654bd3,AT&T,Bowl,NR-NSA,
2025-11-22 17:09:10.090000-05:00,41.6980899,-86.2344617,7c36e7df,Verizon,Bowl,Wi-Fi,6775.0
2025-11-22 17:09:10.292000-05:00,41.6979497,-86.2333735,64957d65,T-Mobile,Bowl,NR,
2025-11-22 17:09:10.627000-05:00,41.6979541,-86.2347413,a0654bd3,AT&T,Bowl,NR-NSA,
2025-11-22 17:09:15.064000-05:00,41.6980837,-86.234459,7c36e7df,Verizon,Bowl,Wi-Fi,6775.0
2025-11-22 17:09:15.304000-05:00,41.6979489,-86.2333744,64957d65,T-Mobile,Bowl,NR,
2025-11-22 17:09:15.628000-05:00,41.6979541,-86.2347414,a0654bd3,AT&T,Bowl,NR-NSA,
2025-11-22 17:09:20.076000-05:00,41.6980559,-86.2344525,7c36e7df,Verizon,Bowl,LTE,6775.0
2025-11-22 17:09:20.300000-05:00,41.6979467,-86.2333702,64957d65,T-Mobile,Bowl,NR,
2025-11-22 17:09:20.630000-05:00,41.6979541,-86.2347413,a0654bd3,AT&T,Bowl,NR-NSA,
2025-11-22 17:09:25.080000-05:00,41.698054,-86.2344511,7c36e7df,Verizon,Bowl,LTE,6775.0
2025-11-22 17:09:25.297000-05:00,41.6979469,-86.23337,64957d65,T-Mobile,Bowl,NR,
2025-11-22 17:09:25.631000-05:00,41.6979542,-86.2347414,a0654bd3,AT&T,Bowl,NR-NSA,
2025-11-22 17:09:30.073000-05:00,41.6980561,-86.2344505,7c36e7df,Verizon,Bowl,LTE,6775.0
2025-11-22 17:09:30.293000-05:00,41.6979552,-86.23337,64957d65,T-Mobile,Bowl,NR,
2025-11-22 17:09:30.631000-05:00,41.6979542,-86.2347414,a0654bd3,AT&T,Bowl,NR-NSA,
2025-11-22 17:09:35.081000-05:00,41.6980563,-86.2344508,7c36e7df,Verizon,Bowl,LTE,6775.0
2025-11-22 17:09:35.295000-05:00,41.6979492,-86.2333763,64957d65,T-Mobile,Bowl,NR,
2025-11-22 17:09:35.632000-05:00,41.6979542,-86.2347412,a0654bd3,AT&T,Bowl,NR-NSA,
2025-11-22 17:09:40.077000-05:00,41.6980569,-86.2344505,7c36e7df,Verizon,Bowl,LTE,6775.0
2025-11-22 17:09:40.293000-05:00,41.6979493,-86.2333752,64957d65,T-Mobile,Bowl,NR,
2025-11-22 17:09:40.626000-05:00,41.6979541,-86.2347409,a0654bd3,AT&T,Bowl,NR-NSA,
2025-11-22 17:09:45.071000-05:00,41.698061,-86.2344482,7c36e7df,Verizon,Bowl,LTE,6775.0
2025-11-22 17:09:45.291000-05:00,41.6979492,-86.2333748,64957d65,T-Mobile,Bowl,NR,
2025-11-22 17:09:45.634000-05:00,41.697954,-86.2347407,a0654bd3,AT&T,Bowl,NR-NSA,
2025-11-22 17:09:50.072000-05:00,41.6980619,-86.2344511,7c36e7df,Verizon,Bowl,LTE,6775.0
2025-11-22 17:09:50.293000-05:00,41.6979491,-86.2333742,64957d65,T-Mobile,Bowl,NR,
2025-11-22 17:09:50.634000-05:00,41.6979509,-86.2347602,a0654bd3,AT&T,Bowl,NR-NSA,
2025-11-22 17:09:55.073000-05:00,41.6980617,-86.2344521,7c36e7df,Verizon,Bowl,LTE,6775.0
2025-11-22 17:09:55.299000-05:00,41.6979502,-86.2333751,64957d65,T-Mobile,Bowl,NR,
2025-11-22 17:09:55.633000-05:00,41.6979512,-86.2347587,a0654bd3,AT&T,Bowl,NR-NSA,
2025-11-22 17:10:00.083000-05:00,41.698061,-86.2344515,7c36e7df,Verizon,Bowl,LTE,6775.0
2025-11-22 17:10:00.296000-05:00,41.6979499,-86.2333767,64957d65,T-Mobile,Bowl,NR,
2025-11-22 17:10:00.630000-05:00,41.6979511,-86.2347584,a0654bd3,AT&T,Bowl,NR-NSA,
2025-11-22 17:10:05.072000-05:00,41.6980617,-86.234453,7c36e7df,Verizon,Bowl,LTE,6775.0
2025-11-22 17:10:05.307000-05:00,41.6979499,-86.233377,64957d65,T-Mobile,Bowl,NR,
2025-11-22 17:10:05.633000-05:00,41.6979512,-86.2347582,a0654bd3,AT&T,Bowl,NR-NSA,
2025-11-22 17:10:10.074000-05:00,41.6980615,-86.2344531,7c36e7df,Verizon,Bowl,LTE,6775.0
2025-11-22 17:10:10.303000-05:00,41.6979503,-86.2333781,64957d65,T-Mobile,Bowl,NR,
2025-11-22 17:10:10.629000-05:00,41.6979514,-86.2347579,a0654bd3,AT&T,Bowl,NR-NSA,
2025-11-22 17:10:15.076000-05:00,41.6980599,-86.2344539,7c36e7df,Verizon,Bowl,LTE,6775.0
2025-11-22 17:10:15.307000-05:00,41.6979501,-86.2333806,64957d65,T-Mobile,Bowl,NR,
2025-11-22 17:10:15.624000-05:00,41.6979516,-86.2347577,a0654bd3,AT&T,Bowl,NR-NSA,
2025-11-22 17:10:20.075000-05:00,41.6980555,-86.2344461,7c36e7df,Verizon,Bowl,LTE,6775.0
2025-11-22 17:10:20.306000-05:00,41.6979495,-86.2333804,64957d65,T-Mobile,Bowl,NR,
2025-11-22 17:10:20.628000-05:00,41.6979517,-86.2347573,a0654bd3,AT&T,Bowl,NR-NSA,
2025-11-22 17:10:25.074000-05:00,41.6980531,-86.2344458,7c36e7df,Verizon,Bowl,LTE,6775.0
2025-11-22 17:10:25.310000-05:00,41.6979507,-86.233376,64957d65,T-Mobile,Bowl,NR,
2025-11-22 17:10:25.635000-05:00,41.6979515,-86.2347567,a0654bd3,AT&T,Bowl,NR-NSA,
2025-11-22 17:10:30.078000-05:00,41.6980506,-86.2344473,7c36e7df,Verizon,Bowl,LTE,6775.0
2025-11-22 17:10:30.299000-05:00,41.6979498,-86.233375,64957d65,T-Mobile,Bowl,NR,
2025-11-22 17:10:30.629000-05:00,41.6979513,-86.2347567,a0654bd3,AT&T,Bowl,NR-NSA,
2025-11-22 17:10:35.078000-05:00,41.6980557,-86.2344483,7c36e7df,Verizon,Bowl,LTE,6775.0
2025-11-22 17:10:35.305000-05:00,41.6979492,-86.2333752,64957d65,T-Mobile,Bowl,NR,
2025-11-22 17:10:35.633000-05:00,41.6979512,-86.2347566,a0654bd3,AT&T,Bowl,NR-NSA,
2025-11-22 17:10:40.078000-05:00,41.6980544,-86.2344465,7c36e7df,Verizon,Bowl,LTE,6775.0
2025-11-22 17:10:40.296000-05:00,41.6979446,-86.2333771,64957d65,T-Mobile,Bowl,NR,
2025-11-22 17:10:40.632000-05:00,41.6979492,-86.2347541,a0654bd3,AT&T,Bowl,NR-NSA,
2025-11-22 17:10:45.081000-05:00,41.6980545,-86.2344479,7c36e7df,Verizon,Bowl,LTE,6775.0
2025-11-22 17:10:45.297000-05:00,41.6979423,-86.2333772,64957d65,T-Mobile,Bowl,NR,
2025-11-22 17:10:45.637000-05:00,41.6979482,-86.2347529,a0654bd3,AT&T,Bowl,NR-NSA,
2025-11-22 17:10:50.075000-05:00,41.6980562,-86.2344482,7c36e7df,Verizon,Bowl,LTE,6775.0
2025-11-22 17:10:50.306000-05:00,41.6979404,-86.2333819,64957d65,T-Mobile,Bowl,NR,5975.0
2025-11-22 17:10:50.630000-05:00,41.697947,-86.2347608,a0654bd3,AT&T,Bowl,NR-NSA,
2025-11-22 17:10:55.077000-05:00,41.6980577,-86.2344465,7c36e7df,Verizon,Bowl,LTE,6775.0
2025-11-22 17:10:55.307000-05:00,41.6979417,-86.2333848,64957d65,T-Mobile,Bowl,NR,5975.0
2025-11-22 17:10:55.637000-05:00,41.6979472,-86.234758,a0654bd3,AT&T,Bowl,NR-NSA,
2025-11-22 17:11:00.080000-05:00,41.6980513,-86.2344477,7c36e7df,Verizon,Bowl,LTE,6775.0
2025-11-22 17:11:00.304000-05:00,41.6979418,-86.233384,64957d65,T-Mobile,Bowl,NR,5975.0
2025-11-22 17:11:00.631000-05:00,41.69795,-86.2347516,a0654bd3,AT&T,Bowl,NR-NSA,
2025-11-22 17:11:05.081000-05:00,41.6980512,-86.2344478,7c36e7df,Verizon,Bowl,LTE,6775.0
2025-11-22 17:11:05.307000-05:00,41.6979417,-86.2333836,64957d65,T-Mobile,Bowl,NR,5975.0
2025-11-22 17:11:05.637000-05:00,41.6979494,-86.2347477,a0654bd3,AT&T,Bowl,NR-NSA,
2025-11-22 17:11:10.082000-05:00,41.6980516,-86.2344477,7c36e7df,Verizon,Bowl,LTE,6775.0
2025-11-22 17:11:10.310000-05:00,41.6979386,-86.2333848,64957d65,T-Mobile,Bowl,NR,5975.0
2025-11-22 17:11:10.634000-05:00,41.6979495,-86.2347477,a0654bd3,AT&T,Bowl,NR-NSA,
2025-11-22 17:11:15.080000-05:00,41.6980516,-86.2344475,7c36e7df,Verizon,Bowl,LTE,6775.0
2025-11-22 17:11:15.305000-05:00,41.6979388,-86.2333851,64957d65,T-Mobile,Bowl,NR,5975.0
2025-11-22 17:11:15.634000-05:00,41.6979497,-86.2347475,a0654bd3,AT&T,Bowl,NR-NSA,
2025-11-22 17:11:20.079000-05:00,41.6980516,-86.2344477,7c36e7df,Verizon,Bowl,LTE,6775.0
2025-11-22 17:11:20.308000-05:00,41.6979422,-86.233392,64957d65,T-Mobile,Bowl,NR,5975.0
2025-11-22 17:11:20.636000-05:00,41.6979497,-86.2347474,a0654bd3,AT&T,Bowl,NR-NSA,
2025-11-22 17:11:25.083000-05:00,41.6980548,-86.2344446,7c36e7df,Verizon,Bowl,LTE,6775.0
2025-11-22 17:11:25.307000-05:00,41.6979424,-86.2333919,64957d65,T-Mobile,Bowl,NR,5975.0
2025-11-22 17:11:25.640000-05:00,41.6979525,-86.234752,a0654bd3,AT&T,Bowl,NR-NSA,
2025-11-22 17:11:30.082000-05:00,41.6980522,-86.2344463,7c36e7df,Verizon,Bowl,LTE,6775.0
2025-11-22 17:11:30.312000-05:00,41.6979436,-86.2333951,64957d65,T-Mobile,Bowl,NR,5975.0
2025-11-22 17:11:30.635000-05:00,41.6979528,-86.2347527,a0654bd3,AT&T,Bowl,NR-NSA,
2025-11-22 17:11:35.082000-05:00,41.6980526,-86.2344462,7c36e7df,Verizon,Bowl,LTE,6775.0
2025-11-22 17:11:35.316000-05:00,41.6979441,-86.2333952,64957d65,T-Mobile,Bowl,NR,5975.0
2025-11-22 17:11:35.649000-05:00,41.6979526,-86.2347526,a0654bd3,AT&T,Bowl,NR-NSA,
2025-11-22 17:11:40.086000-05:00,41.6980513,-86.2344425,7c36e7df,Verizon,Bowl,LTE,6775.0
2025-11-22 17:11:40.314000-05:00,41.697944,-86.2333946,64957d65,T-Mobile,Bowl,NR,5975.0
2025-11-22 17:11:40.637000-05:00,41.6979526,-86.2347525,a0654bd3,AT&T,Bowl,NR-NSA,
2025-11-22 17:11:45.086000-05:00,41.6980511,-86.2344445,7c36e7df,Verizon,Bowl,LTE,6775.0
2025-11-22 17:11:45.313000-05:00,41.697944,-86.2333939,64957d65,T-Mobile,Bowl,NR,5975.0
2025-11-22 17:11:45.641000-05:00,41.6979526,-86.2347524,a0654bd3,AT&T,Bowl,NR-NSA,
2025-11-22 17:11:50.087000-05:00,41.6980517,-86.2344444,7c36e7df,Verizon,Bowl,LTE,6775.0
2025-11-22 17:11:50.309000-05:00,41.697944,-86.2333936,64957d65,T-Mobile,Bowl,NR,5975.0
2025-11-22 17:11:50.652000-05:00,41.6979524,-86.2347521,a0654bd3,AT&T,Bowl,NR-NSA,
2025-11-22 17:11:55.080000-05:00,41.6980504,-86.2344471,7c36e7df,Verizon,Bowl,LTE,6775.0
2025-11-22 17:11:55.316000-05:00,41.6979441,-86.2333932,64957d65,T-Mobile,Bowl,NR,5975.0
2025-11-22 17:11:55.641000-05:00,41.6979523,-86.2347519,a0654bd3,AT&T,Bowl,NR-NSA,
2025-11-22 17:12:00.085000-05:00,41.6980482,-86.234447,7c36e7df,Verizon,Bowl,LTE,6775.0
2025-11-22 17:12:00.315000-05:00,41.6979441,-86.233393,64957d65,T-Mobile,Bowl,NR,5975.0
2025-11-22 17:12:00.653000-05:00,41.6979506,-86.2347546,a0654bd3,AT&T,Bowl,NR-NSA,
2025-11-22 17:12:05.086000-05:00,41.6980497,-86.2344487,7c36e7df,Verizon,Bowl,LTE,6775.0
2025-11-22 17:12:05.305000-05:00,41.6979441,-86.2333926,64957d65,T-Mobile,Bowl,NR,5975.0
2025-11-22 17:12:05.646000-05:00,41.6979499,-86.2347577,a0654bd3,AT&T,Bowl,NR-NSA,6775.0
2025-11-22 17:12:10.086000-05:00,41.6980511,-86.2344484,7c36e7df,Verizon,Bowl,LTE,6775.0
2025-11-22 17:12:10.317000-05:00,41.6979441,-86.233392,64957d65,T-Mobile,Bowl,NR,5975.0
2025-11-22 17:12:10.648000-05:00,41.6979502,-86.2347568,a0654bd3,AT&T,Bowl,NR-NSA,6775.0
2025-11-22 17:12:15.078000-05:00,41.698051,-86.2344483,7c36e7df,Verizon,Bowl,LTE,6775.0
2025-11-22 17:12:15.312000-05:00,41.6979444,-86.2333913,64957d65,T-Mobile,Bowl,NR,5975.0
2025-11-22 17:12:15.642000-05:00,41.6979514,-86.2347547,a0654bd3,AT&T,Bowl,NR-NSA,6775.0
2025-11-22 17:12:20.081000-05:00,41.6980511,-86.2344481,7c36e7df,Verizon,Bowl,LTE,6775.0
2025-11-22 17:12:20.317000-05:00,41.6979445,-86.2333908,64957d65,T-Mobile,Bowl,NR,5975.0
2025-11-22 17:12:20.669000-05:00,41.6979535,-86.2347561,a0654bd3,AT&T,Bowl,NR-NSA,6775.0
2025-11-22 17:12:25.080000-05:00,41.698051,-86.234448,7c36e7df,Verizon,Bowl,LTE,6775.0
2025-11-22 17:12:25.318000-05:00,41.6979445,-86.2333903,64957d65,T-Mobile,Bowl,NR,5975.0
2025-11-22 17:12:25.642000-05:00,41.6979535,-86.2347561,a0654bd3,AT&T,Bowl,NR-NSA,6775.0
2025-11-22 17:12:30.094000-05:00,41.698051,-86.2344478,7c36e7df,Verizon,Bowl,LTE,6775.0
2025-11-22 17:12:30.316000-05:00,41.6979443,-86.2333906,64957d65,T-Mobile,Bowl,NR,5975.0
2025-11-22 17:12:30.646000-05:00,41.6979536,-86.234756,a0654bd3,AT&T,Bowl,NR-NSA,6775.0
2025-11-22 17:12:35.081000-05:00,41.6980483,-86.2344417,7c36e7df,Verizon,Bowl,LTE,6775.0
2025-11-22 17:12:35.307000-05:00,41.6979444,-86.2333907,64957d65,T-Mobile,Bowl,NR,5975.0
2025-11-22 17:12:35.648000-05:00,41.6979525,-86.2347609,a0654bd3,AT&T,Bowl,NR-NSA,6775.0
2025-11-22 17:12:40.087000-05:00,41.6980512,-86.2344399,7c36e7df,Verizon,Bowl,LTE,6775.0
2025-11-22 17:12:40.318000-05:00,41.6979444,-86.2333904,64957d65,T-Mobile,Bowl,NR,5975.0
2025-11-22 17:12:40.643000-05:00,41.697954,-86.2347595,a0654bd3,AT&T,Bowl,NR-NSA,6775.0
2025-11-22 17:12:45.085000-05:00,41.6980535,-86.2344386,7c36e7df,Verizon,Bowl,LTE,6775.0
2025-11-22 17:12:45.321000-05:00,41.6979446,-86.2333896,64957d65,T-Mobile,Bowl,NR,5975.0
2025-11-22 17:12:45.646000-05:00,41.6979541,-86.2347591,a0654bd3,AT&T,Bowl,NR-NSA,6775.0
2025-11-22 17:12:50.086000-05:00,41.6980535,-86.2344385,7c36e7df,Verizon,Bowl,LTE,6775.0
2025-11-22 17:12:50.315000-05:00,41.6979446,-86.2333896,64957d65,T-Mobile,Bowl,NR,5975.0
2025-11-22 17:12:50.644000-05:00,41.6979541,-86.2347588,a0654bd3,AT&T,Bowl,NR-NSA,6775.0
2025-11-22 17:12:55.092000-05:00,41.6980536,-86.2344384,7c36e7df,Verizon,Bowl,LTE,6775.0
2025-11-22 17:12:55.313000-05:00,41.6979449,-86.2333897,64957d65,T-Mobile,Bowl,NR,5975.0
2025-11-22 17:12:55.645000-05:00,41.6979527,-86.2347581,a0654bd3,AT&T,Bowl,NR-NSA,6775.0
2025-11-22 17:13:00.089000-05:00,41.6980555,-86.2344376,7c36e7df,Verizon,Bowl,LTE,6775.0
2025-11-22 17:13:00.316000-05:00,41.6979448,-86.2333896,64957d65,T-Mobile,Bowl,NR,5975.0
2025-11-22 17:13:00.642000-05:00,41.6979526,-86.2347778,a0654bd3,AT&T,Bowl,NR-NSA,6775.0
2025-11-22 17:13:05.105000-05:00,41.6980582,-86.2344441,7c36e7df,Verizon,Bowl,LTE,6775.0
2025-11-22 17:13:05.431000-05:00,41.6979447,-86.2333895,64957d65,T-Mobile,Bowl,NR,5975.0
2025-11-22 17:13:05.648000-05:00,41.697942,-86.2347781,a0654bd3,AT&T,Bowl,NR-NSA,6775.0
2025-11-22 17:13:10.085000-05:00,41.6980571,-86.2344442,7c36e7df,Verizon,Bowl,LTE,6775.0
2025-11-22 17:13:10.429000-05:00,41.6979466,-86.2333967,64957d65,T-Mobile,Bowl,NR,5975.0
2025-11-22 17:13:10.643000-05:00,41.6979279,-86.2347962,a0654bd3,AT&T,Bowl,NR-NSA,6775.0
2025-11-22 17:13:15.097000-05:00,41.6980571,-86.2344443,7c36e7df,Verizon,Bowl,LTE,6775.0
2025-11-22 17:13:15.434000-05:00,41.6979474,-86.2333913,64957d65,T-Mobile,Bowl,NR,5975.0
2025-11-22 17:13:15.769000-05:00,41.6979296,-86.2347943,a0654bd3,AT&T,Bowl,NR-NSA,6775.0
2025-11-22 17:13:20.089000-05:00,41.6980571,-86.2344443,7c36e7df,Verizon,Bowl,LTE,6775.0
2025-11-22 17:13:20.428000-05:00,41.6979468,-86.2333908,64957d65,T-Mobile,Bowl,NR,5975.0
2025-11-22 17:13:20.707000-05:00,41.6979426,-86.2347855,a0654bd3,AT&T,Bowl,NR-NSA,6775.0
2025-11-22 17:13:25.088000-05:00,41.698057,-86.2344443,7c36e7df,Verizon,Bowl,LTE,6775.0
2025-11-22 17:13:25.440000-05:00,41.697947,-86.2333904,64957d65,T-Mobile,Bowl,NR,5975.0
2025-11-22 17:13:25.706000-05:00,41.6979455,-86.2347804,a0654bd3,AT&T,Bowl,LTE,6775.0
2025-11-22 17:13:30.088000-05:00,41.6980571,-86.2344444,7c36e7df,Verizon,Bowl,LTE,
2025-11-22 17:13:30.436000-05:00,41.697947,-86.2333899,64957d65,T-Mobile,Bowl,NR,5975.0
2025-11-22 17:13:30.716000-05:00,41.6979451,-86.2347808,a0654bd3,AT&T,Bowl,LTE,6775.0
2025-11-22 17:13:35.088000-05:00,41.698057,-86.2344444,7c36e7df,Verizon,Bowl,LTE,
2025-11-22 17:13:35.434000-05:00,41.6979463,-86.2333881,64957d65,T-Mobile,Bowl,NR,5975.0
2025-11-22 17:13:35.711000-05:00,41.6979453,-86.2347803,a0654bd3,AT&T,Bowl,LTE,6775.0
2025-11-22 17:13:40.092000-05:00,41.6980571,-86.2344443,7c36e7df,Verizon,Bowl,LTE,
2025-11-22 17:13:40.429000-05:00,41.6979425,-86.2333832,64957d65,T-Mobile,Bowl,NR,5975.0
2025-11-22 17:13:40.704000-05:00,41.6979492,-86.2347766,a0654bd3,AT&T,Bowl,LTE,6775.0
2025-11-22 17:13:45.086000-05:00,41.6980571,-86.2344441,7c36e7df,Verizon,Bowl,LTE,
2025-11-22 17:13:45.423000-05:00,41.6979419,-86.2333815,64957d65,T-Mobile,Bowl,NR,5975.0
2025-11-22 17:13:45.713000-05:00,41.69795,-86.2347714,a0654bd3,AT&T,Bowl,LTE,6775.0
2025-11-22 17:13:50.084000-05:00,41.6980572,-86.2344439,7c36e7df,Verizon,Bowl,NR-NSA,
2025-11-22 17:13:50.438000-05:00,41.6979425,-86.2333802,64957d65,T-Mobile,Bowl,NR,5975.0
2025-11-22 17:13:50.710000-05:00,41.6979429,-86.2347788,a0654bd3,AT&T,Bowl,LTE,6775.0
2025-11-22 17:13:55.085000-05:00,41.6980572,-86.2344435,7c36e7df,Verizon,Bowl,NR-NSA,
2025-11-22 17:13:55.438000-05:00,41.6979426,-86.2333795,64957d65,T-Mobile,Bowl,NR,5975.0
2025-11-22 17:13:55.720000-05:00,41.6979479,-86.2347716,a0654bd3,AT&T,Bowl,LTE,6775.0
2025-11-22 17:14:00.090000-05:00,41.6980574,-86.2344432,7c36e7df,Verizon,Bowl,NR-NSA,
2025-11-22 17:14:00.439000-05:00,41.6979425,-86.2333791,64957d65,T-Mobile,Bowl,NR,5975.0
2025-11-22 17:14:00.711000-05:00,41.697946,-86.2347625,a0654bd3,AT&T,Bowl,LTE,6775.0
2025-11-22 17:14:05.091000-05:00,41.6980575,-86.2344428,7c36e7df,Verizon,Bowl,NR-NSA,
2025-11-22 17:14:05.714000-05:00,41.6979482,-86.2347614,a0654bd3,AT&T,Bowl,LTE,6775.0
2025-11-22 17:14:10.086000-05:00,41.6980574,-86.2344426,7c36e7df,Verizon,Bowl,NR-NSA,
2025-11-22 17:14:10.713000-05:00,41.6979483,-86.2347611,a0654bd3,AT&T,Bowl,LTE,
2025-11-22 17:14:15.090000-05:00,41.6980575,-86.2344427,7c36e7df,Verizon,Bowl,NR-NSA,
2025-11-22 17:14:20.086000-05:00,41.6980575,-86.2344425,7c36e7df,Verizon,Bowl,NR-NSA,
2025-11-22 17:14:25.086000-05:00,41.6980576,-86.234442,7c36e7df,Verizon,Bowl,NR-NSA,
2025-11-22 17:14:30.085000-05:00,41.6980575,-86.234442,7c36e7df,Verizon,Bowl,NR-NSA,
2025-11-22 17:14:35.090000-05:00,41.6980575,-86.2344417,7c36e7df,Verizon,Bowl,NR-NSA,
2025-11-22 17:14:40.086000-05:00,41.6980576,-86.2344416,7c36e7df,Verizon,Bowl,NR-NSA,
2025-11-22 17:14:41.007000-05:00,41.697987,-86.2332524,64957d65,T-Mobile,Bowl,NR,
2025-11-22 17:14:45.090000-05:00,41.6980579,-86.2344414,7c36e7df,Verizon,Bowl,NR-NSA,
2025-11-22 17:14:46.019000-05:00,41.6979848,-86.2332514,64957d65,T-Mobile,Bowl,LTE,
2025-11-22 17:14:50.089000-05:00,41.6980581,-86.2344414,7c36e7df,Verizon,Bowl,NR-NSA,
2025-11-22 17:14:51.023000-05:00,41.6979869,-86.2332524,64957d65,T-Mobile,Bowl,LTE,
2025-11-22 17:14:55.088000-05:00,41.6980581,-86.2344414,7c36e7df,Verizon,Bowl,NR-NSA,
2025-11-22 17:14:56.025000-05:00,41.6979861,-86.2332507,64957d65,T-Mobile,Bowl,LTE,
2025-11-22 17:15:00.087000-05:00,41.6980582,-86.2344412,7c36e7df,Verizon,Bowl,NR-NSA,
2025-11-22 17:15:01.019000-05:00,41.6979853,-86.2332537,64957d65,T-Mobile,Bowl,LTE,
2025-11-22 17:15:05.087000-05:00,41.6980581,-86.2344409,7c36e7df,Verizon,Bowl,NR-NSA,
2025-11-22 17:15:06.009000-05:00,41.6979872,-86.2332536,64957d65,T-Mobile,Bowl,LTE,
2025-11-22 17:15:10.089000-05:00,41.6980579,-86.2344406,7c36e7df,Verizon,Bowl,NR-NSA,
2025-11-22 17:15:11.021000-05:00,41.6979877,-86.2332537,64957d65,T-Mobile,Bowl,LTE,
2025-11-22 17:15:15.089000-05:00,41.6980579,-86.2344403,7c36e7df,Verizon,Bowl,NR-NSA,
2025-11-22 17:15:16.013000-05:00,41.6979874,-86.2332537,64957d65,T-Mobile,Bowl,LTE,
2025-11-22 17:15:20.094000-05:00,41.6980581,-86.2344402,7c36e7df,Verizon,Bowl,NR-NSA,
2025-11-22 17:15:21.011000-05:00,41.6979821,-86.2332493,64957d65,T-Mobile,Bowl,LTE,
2025-11-22 17:15:25.090000-05:00,41.698058,-86.2344398,7c36e7df,Verizon,Bowl,LTE,
2025-11-22 17:15:26.018000-05:00,41.6979853,-86.2332537,64957d65,T-Mobile,Bowl,LTE,
2025-11-22 17:15:30.089000-05:00,41.6980581,-86.2344397,7c36e7df,Verizon,Bowl,NR-NSA,
2025-11-22 17:15:31.036000-05:00,41.6979874,-86.2332545,64957d65,T-Mobile,Bowl,NR,
2025-11-22 17:15:35.090000-05:00,41.698058,-86.2344396,7c36e7df,Verizon,Bowl,NR-NSA,
2025-11-22 17:15:36.019000-05:00,41.6979916,-86.2332519,64957d65,T-Mobile,Bowl,NR,
2025-11-22 17:15:40.093000-05:00,41.6980581,-86.2344395,7c36e7df,Verizon,Bowl,LTE,
2025-11-22 17:15:41.024000-05:00,41.6979914,-86.2332519,64957d65,T-Mobile,Bowl,NR,
2025-11-22 17:15:45.090000-05:00,41.6980582,-86.2344394,7c36e7df,Verizon,Bowl,NR-NSA,
2025-11-22 17:15:46.031000-05:00,41.6979867,-86.2332558,64957d65,T-Mobile,Bowl,NR,
2025-11-22 17:15:50.091000-05:00,41.6980583,-86.2344394,7c36e7df,Verizon,Bowl,NR-NSA,
2025-11-22 17:15:51.027000-05:00,41.6979867,-86.2332552,64957d65,T-Mobile,Bowl,NR,
2025-11-22 17:15:55.089000-05:00,41.6980582,-86.2344392,7c36e7df,Verizon,Bowl,NR-NSA,
2025-11-22 17:15:56.022000-05:00,41.697983,-86.2332581,64957d65,T-Mobile,Bowl,NR,
2025-11-22 17:16:00.095000-05:00,41.6980581,-86.2344392,7c36e7df,Verizon,Bowl,NR-NSA,
2025-11-22 17:16:01.022000-05:00,41.6979813,-86.2332551,64957d65,T-Mobile,Bowl,NR,
2025-11-22 17:16:05.095000-05:00,41.698058,-86.2344391,7c36e7df,Verizon,Bowl,NR-NSA,
2025-11-22 17:16:06.028000-05:00,41.6979831,-86.233255,64957d65,T-Mobile,Bowl,NR,
2025-11-22 17:16:10.103000-05:00,41.698066,-86.2344384,7c36e7df,Verizon,Bowl,NR-NSA,
2025-11-22 17:16:11.022000-05:00,41.6979834,-86.2332545,64957d65,T-Mobile,Bowl,NR,
2025-11-22 17:16:15.094000-05:00,41.6980633,-86.2344443,7c36e7df,Verizon,Bowl,NR-NSA,
2025-11-22 17:16:16.027000-05:00,41.6979833,-86.2332546,64957d65,T-Mobile,Bowl,NR,
2025-11-22 17:16:20.097000-05:00,41.6980626,-86.234444,7c36e7df,Verizon,Bowl,NR-NSA,
2025-11-22 17:16:21.022000-05:00,41.6979844,-86.2332618,64957d65,T-Mobile,Bowl,NR,
2025-11-22 17:16:25.098000-05:00,41.6980629,-86.2344438,7c36e7df,Verizon,Bowl,NR-NSA,
2025-11-22 17:16:26.021000-05:00,41.6979839,-86.2332625,64957d65,T-Mobile,Bowl,NR,
2025-11-22 17:16:30.094000-05:00,41.6980629,-86.2344436,7c36e7df,Verizon,Bowl,NR-NSA,
2025-11-22 17:16:31.029000-05:00,41.6979721,-86.2332556,64957d65,T-Mobile,Bowl,NR,6055.0
2025-11-22 17:16:35.101000-05:00,41.698063,-86.2344437,7c36e7df,Verizon,Bowl,NR-NSA,
2025-11-22 17:16:36.026000-05:00,41.6979722,-86.2332558,64957d65,T-Mobile,Bowl,NR,6055.0
2025-11-22 17:16:40.098000-05:00,41.6980634,-86.2344432,7c36e7df,Verizon,Bowl,NR-NSA,
2025-11-22 17:16:41.025000-05:00,41.6979774,-86.2332575,64957d65,T-Mobile,Bowl,NR,6055.0
2025-11-22 17:16:45.096000-05:00,41.6980635,-86.2344431,7c36e7df,Verizon,Bowl,NR-NSA,
2025-11-22 17:16:46.031000-05:00,41.6979817,-86.2332579,64957d65,T-Mobile,Bowl,NR,6055.0
2025-11-22 17:16:50.106000-05:00,41.6980632,-86.2344428,7c36e7df,Verizon,Bowl,NR-NSA,
2025-11-22 17:16:51.020000-05:00,41.6979838,-86.2332632,64957d65,T-Mobile,Bowl,NR,6055.0
2025-11-22 17:16:56.024000-05:00,41.6979838,-86.2332656,64957d65,T-Mobile,Bowl,NR,6055.0
2025-11-22 17:17:01.021000-05:00,41.6979839,-86.2332655,64957d65,T-Mobile,Bowl,NR,6055.0
2025-11-22 17:17:06.029000-05:00,41.6979879,-86.2332505,64957d65,T-Mobile,Bowl,NR,6055.0
2025-11-22 17:17:11.031000-05:00,41.697986,-86.2332523,64957d65,T-Mobile,Bowl,NR,6055.0
2025-11-22 17:17:16.031000-05:00,41.6979837,-86.2332532,64957d65,T-Mobile,Bowl,NR,6055.0
2025-11-22 17:17:21.024000-05:00,41.6979831,-86.2332535,64957d65,T-Mobile,Bowl,NR,6055.0
2025-11-22 17:17:26.027000-05:00,41.6979824,-86.2332545,64957d65,T-Mobile,Bowl,NR,6055.0
2025-11-22 17:17:31.031000-05:00,41.6979826,-86.233255,64957d65,T-Mobile,Bowl,NR,6055.0
2025-11-22 17:17:35.724000-05:00,41.6980756,-86.2347548,7c36e7df,Verizon,Bowl,LTE,
2025-11-22 17:17:36.031000-05:00,41.6979826,-86.233255,64957d65,T-Mobile,Bowl,NR,6055.0
2025-11-22 17:17:40.725000-05:00,41.6980827,-86.2347324,7c36e7df,Verizon,Bowl,LTE,
2025-11-22 17:17:41.023000-05:00,41.6979856,-86.2332541,64957d65,T-Mobile,Bowl,NR,6055.0
2025-11-22 17:17:45.742000-05:00,41.6980845,-86.2347351,7c36e7df,Verizon,Bowl,LTE,
2025-11-22 17:17:46.020000-05:00,41.6979865,-86.2332537,64957d65,T-Mobile,Bowl,NR,6055.0
2025-11-22 17:17:50.737000-05:00,41.6980854,-86.2347382,7c36e7df,Verizon,Bowl,LTE,
2025-11-22 17:17:51.020000-05:00,41.6979892,-86.2332601,64957d65,T-Mobile,Bowl,NR,6055.0
2025-11-22 17:17:55.732000-05:00,41.6980852,-86.2347285,7c36e7df,Verizon,Bowl,LTE,
2025-11-22 17:17:56.034000-05:00,41.6979907,-86.233258,64957d65,T-Mobile,Bowl,NR,6055.0
2025-11-22 17:18:00.735000-05:00,41.6980851,-86.234728,7c36e7df,Verizon,Bowl,NR-NSA,
2025-11-22 17:18:01.030000-05:00,41.697989,-86.2332567,64957d65,T-Mobile,Bowl,NR,6055.0
2025-11-22 17:18:05.734000-05:00,41.6980828,-86.2347297,7c36e7df,Verizon,Bowl,NR-NSA,
2025-11-22 17:18:06.024000-05:00,41.6979912,-86.2332568,64957d65,T-Mobile,Bowl,NR,6055.0
2025-11-22 17:18:10.746000-05:00,41.6980807,-86.2347206,7c36e7df,Verizon,Bowl,NR-NSA,
2025-11-22 17:18:11.035000-05:00,41.6979915,-86.2332584,64957d65,T-Mobile,Bowl,NR,6055.0
2025-11-22 17:18:15.730000-05:00,41.6980809,-86.2347185,7c36e7df,Verizon,Bowl,NR-NSA,
2025-11-22 17:18:16.026000-05:00,41.6979885,-86.2332596,64957d65,T-Mobile,Bowl,NR,6055.0
2025-11-22 17:18:20.737000-05:00,41.6980844,-86.2347182,7c36e7df,Verizon,Bowl,NR-NSA,
2025-11-22 17:18:25.737000-05:00,41.6980845,-86.2347174,7c36e7df,Verizon,Bowl,NR-NSA,
2025-11-22 17:18:30.731000-05:00,41.6980846,-86.2347167,7c36e7df,Verizon,Bowl,LTE,
2025-11-22 17:18:35.737000-05:00,41.6980854,-86.2347184,7c36e7df,Verizon,Bowl,NR-NSA,
2025-11-22 17:18:40.738000-05:00,41.6980929,-86.2347072,7c36e7df,Verizon,Bowl,NR-NSA,
2025-11-22 17:18:45.737000-05:00,41.6980929,-86.2347063,7c36e7df,Verizon,Bowl,LTE,
2025-11-22 17:18:50.739000-05:00,41.6980931,-86.2347055,7c36e7df,Verizon,Bowl,NR-NSA,
2025-11-22 17:18:55.736000-05:00,41.6980931,-86.234705,7c36e7df,Verizon,Bowl,NR-NSA,
2025-11-22 17:19:00.737000-05:00,41.6980931,-86.2347045,7c36e7df,Verizon,Bowl,NR-NSA,
2025-11-22 17:19:05.743000-05:00,41.6980978,-86.2347081,7c36e7df,Verizon,Bowl,NR-NSA,
2025-11-22 17:19:06.581000-05:00,41.6989976,-86.2343795,a0654bd3,AT&T,Bowl,LTE,
2025-11-22 17:19:10.744000-05:00,41.6981032,-86.2347117,7c36e7df,Verizon,Bowl,NR-NSA,
2025-11-22 17:19:15.741000-05:00,41.6980995,-86.2347164,7c36e7df,Verizon,Bowl,NR-NSA,
2025-11-22 17:19:15.954000-05:00,41.6989903,-86.234368,a0654bd3,AT&T,Bowl,LTE,
2025-11-22 17:19:20.738000-05:00,41.6980999,-86.2347159,7c36e7df,Verizon,Bowl,NR-NSA,
2025-11-22 17:19:25.742000-05:00,41.6981,-86.2347155,7c36e7df,Verizon,Bowl,NR-NSA,
2025-11-22 17:19:25.994000-05:00,41.6989943,-86.2343687,a0654bd3,AT&T,Bowl,LTE,
2025-11-22 17:19:30.746000-05:00,41.6980998,-86.2347157,7c36e7df,Verizon,Bowl,NR-NSA,
2025-11-22 17:19:31.648000-05:00,41.6990007,-86.2343535,a0654bd3,AT&T,Bowl,LTE,
2025-11-22 17:19:35.748000-05:00,41.6980957,-86.2347182,7c36e7df,Verizon,Bowl,NR-NSA,
2025-11-22 17:19:38.501000-05:00,41.6990026,-86.2343499,a0654bd3,AT&T,Bowl,LTE,
2025-11-22 17:19:40.747000-05:00,41.6980944,-86.2347139,7c36e7df,Verizon,Bowl,NR-NSA,
2025-11-22 17:19:45.749000-05:00,41.6980914,-86.2347109,7c36e7df,Verizon,Bowl,LTE,
2025-11-22 17:19:45.884000-05:00,41.6990009,-86.2343479,a0654bd3,AT&T,Bowl,LTE,
2025-11-22 17:19:50.750000-05:00,41.6980919,-86.2347107,7c36e7df,Verizon,Bowl,LTE,
2025-11-22 17:19:53.164000-05:00,41.6990007,-86.2343475,a0654bd3,AT&T,Bowl,LTE,
2025-11-22 17:19:55.752000-05:00,41.6980921,-86.2347106,7c36e7df,Verizon,Bowl,LTE,6135.0
2025-11-22 17:19:59.205000-05:00,41.6990003,-86.2343472,a0654bd3,AT&T,Bowl,LTE,
2025-11-22 17:20:00.747000-05:00,41.6980923,-86.2347064,7c36e7df,Verizon,Bowl,LTE,6135.0
2025-11-22 17:20:04.478000-05:00,41.6989997,-86.2343465,a0654bd3,AT&T,Bowl,LTE,
2025-11-22 17:20:05.746000-05:00,41.6980932,-86.234703,7c36e7df,Verizon,Bowl,LTE,6135.0
2025-11-22 17:20:09.494000-05:00,41.698999,-86.2343458,a0654bd3,AT&T,Bowl,LTE,
2025-11-22 17:20:10.746000-05:00,41.6980939,-86.2347012,7c36e7df,Verizon,Bowl,LTE,6135.0
2025-11-22 17:20:14.779000-05:00,41.6989988,-86.2343455,a0654bd3,AT&T,Bowl,LTE,
2025-11-22 17:20:15.747000-05:00,41.6980936,-86.2347003,7c36e7df,Verizon,Bowl,LTE,6135.0
2025-11-22 17:20:19.780000-05:00,41.6989984,-86.23435,a0654bd3,AT&T,Bowl,NR-NSA,
2025-11-22 17:20:20.749000-05:00,41.6980936,-86.2347004,7c36e7df,Verizon,Bowl,LTE,6135.0
2025-11-22 17:20:24.778000-05:00,41.6989946,-86.2343533,a0654bd3,AT&T,Bowl,NR-NSA,
2025-11-22 17:20:25.754000-05:00,41.6980948,-86.2347011,7c36e7df,Verizon,Bowl,LTE,6135.0
2025-11-22 17:20:29.781000-05:00,41.6989919,-86.2343573,a0654bd3,AT&T,Bowl,LTE,
2025-11-22 17:20:30.755000-05:00,41.6980953,-86.2347004,7c36e7df,Verizon,Bowl,LTE,6135.0
2025-11-22 17:20:34.781000-05:00,41.6989918,-86.2343559,a0654bd3,AT&T,Bowl,LTE,
2025-11-22 17:20:35.753000-05:00,41.6980952,-86.2346999,7c36e7df,Verizon,Bowl,LTE,6135.0
2025-11-22 17:20:39.782000-05:00,41.6989913,-86.2343562,a0654bd3,AT&T,Bowl,NR-NSA,
2025-11-22 17:20:40.754000-05:00,41.6980952,-86.2346997,7c36e7df,Verizon,Bowl,LTE,6135.0
2025-11-22 17:20:44.785000-05:00,41.6989888,-86.234352,a0654bd3,AT&T,Bowl,LTE,
2025-11-22 17:20:45.745000-05:00,41.6980953,-86.2346992,7c36e7df,Verizon,Bowl,LTE,6135.0
2025-11-22 17:20:49.781000-05:00,41.6989881,-86.2343613,a0654bd3,AT&T,Bowl,LTE,
2025-11-22 17:20:50.752000-05:00,41.6980954,-86.2346989,7c36e7df,Verizon,Bowl,LTE,6135.0
2025-11-22 17:20:54.783000-05:00,41.6989924,-86.2343731,a0654bd3,AT&T,Bowl,LTE,
2025-11-22 17:20:55.752000-05:00,41.6980956,-86.2346986,7c36e7df,Verizon,Bowl,LTE,6135.0
2025-11-22 17:20:59.786000-05:00,41.6989966,-86.2343792,a0654bd3,AT&T,Bowl,LTE,
2025-11-22 17:21:00.748000-05:00,41.6980958,-86.2346982,7c36e7df,Verizon,Bowl,LTE,6135.0
2025-11-22 17:21:04.780000-05:00,41.6989998,-86.2343807,a0654bd3,AT&T,Bowl,NR-NSA,
2025-11-22 17:21:05.757000-05:00,41.6981004,-86.2346954,7c36e7df,Verizon,Bowl,LTE,6135.0
2025-11-22 17:21:09.781000-05:00,41.6990028,-86.2343823,a0654bd3,AT&T,Bowl,NR-NSA,
2025-11-22 17:21:10.749000-05:00,41.6981054,-86.2347016,7c36e7df,Verizon,Bowl,LTE,6135.0
2025-11-22 17:21:14.782000-05:00,41.6990029,-86.2343798,a0654bd3,AT&T,Bowl,NR-NSA,
2025-11-22 17:21:16.269000-05:00,41.6981086,-86.2347002,7c36e7df,Verizon,Bowl,LTE,6135.0
2025-11-22 17:21:19.788000-05:00,41.6990027,-86.2343754,a0654bd3,AT&T,Bowl,LTE,
2025-11-22 17:21:20.750000-05:00,41.6981088,-86.2346999,7c36e7df,Verizon,Bowl,LTE,6135.0
2025-11-22 17:21:24.787000-05:00,41.6990027,-86.2343754,a0654bd3,AT&T,Bowl,LTE,
2025-11-22 17:21:25.759000-05:00,41.6981088,-86.2346997,7c36e7df,Verizon,Bowl,LTE,6135.0
2025-11-22 17:21:29.787000-05:00,41.6990027,-86.234373,a0654bd3,AT&T,Bowl,LTE,
2025-11-22 17:21:30.760000-05:00,41.6981068,-86.2346989,7c36e7df,Verizon,Bowl,LTE,6135.0
2025-11-22 17:21:34.783000-05:00,41.6990023,-86.2343724,a0654bd3,AT&T,Bowl,LTE,
2025-11-22 17:21:35.763000-05:00,41.6981078,-86.2346964,7c36e7df,Verizon,Bowl,LTE,6135.0
2025-11-22 17:21:39.786000-05:00,41.699002,-86.2343723,a0654bd3,AT&T,Bowl,LTE,
2025-11-22 17:21:40.758000-05:00,41.6981105,-86.2346919,7c36e7df,Verizon,Bowl,LTE,6135.0
2025-11-22 17:21:44.784000-05:00,41.699001,-86.2343719,a0654bd3,AT&T,Bowl,LTE,
2025-11-22 17:21:45.758000-05:00,41.6981102,-86.234692,7c36e7df,Verizon,Bowl,LTE,6135.0
2025-11-22 17:21:49.783000-05:00,41.699001,-86.2343719,a0654bd3,AT&T,Bowl,LTE,
2025-11-22 17:21:54.782000-05:00,41.6990005,-86.2343719,a0654bd3,AT&T,Bowl,LTE,
2025-11-22 17:21:59.792000-05:00,41.6989995,-86.2343716,a0654bd3,AT&T,Bowl,LTE,
2025-11-22 17:22:04.790000-05:00,41.6989995,-86.2343716,a0654bd3,AT&T,Bowl,LTE,
2025-11-22 17:22:09.781000-05:00,41.6989916,-86.2343671,a0654bd3,AT&T,Bowl,LTE,
2025-11-22 17:22:14.791000-05:00,41.6989749,-86.2343621,a0654bd3,AT&T,Bowl,LTE,
2025-11-22 17:22:15.412000-05:00,41.698351,-86.2333712,64957d65,T-Mobile,Bowl,NR,
2025-11-22 17:22:19.790000-05:00,41.6989861,-86.2343681,a0654bd3,AT&T,Bowl,LTE,
2025-11-22 17:22:20.440000-05:00,41.6983504,-86.2333751,64957d65,T-Mobile,Bowl,NR,
2025-11-22 17:22:24.798000-05:00,41.6989861,-86.2343681,a0654bd3,AT&T,Bowl,LTE,
2025-11-22 17:22:25.423000-05:00,41.6983514,-86.2333762,64957d65,T-Mobile,Bowl,NR,
2025-11-22 17:22:29.788000-05:00,41.6989906,-86.2343681,a0654bd3,AT&T,Bowl,LTE,
2025-11-22 17:22:30.417000-05:00,41.6983512,-86.2333808,64957d65,T-Mobile,Bowl,NR,
2025-11-22 17:22:34.783000-05:00,41.6989928,-86.2343635,a0654bd3,AT&T,Bowl,LTE,
2025-11-22 17:22:35.424000-05:00,41.6983523,-86.2333806,64957d65,T-Mobile,Bowl,NR,
2025-11-22 17:22:39.787000-05:00,41.6989879,-86.2343678,a0654bd3,AT&T,Bowl,LTE,
2025-11-22 17:22:40.433000-05:00,41.6983549,-86.2333665,64957d65,T-Mobile,Bowl,NR,
2025-11-22 17:22:44.794000-05:00,41.6989879,-86.2343678,a0654bd3,AT&T,Bowl,LTE,
2025-11-22 17:22:45.425000-05:00,41.6983558,-86.2333655,64957d65,T-Mobile,Bowl,NR,
2025-11-22 17:22:49.796000-05:00,41.6989883,-86.2343659,a0654bd3,AT&T,Bowl,LTE,
2025-11-22 17:22:50.425000-05:00,41.6983544,-86.2333649,64957d65,T-Mobile,Bowl,NR,
2025-11-22 17:22:55.101000-05:00,41.6989881,-86.2343652,a0654bd3,AT&T,Bowl,LTE,
2025-11-22 17:22:55.426000-05:00,41.6983544,-86.2333652,64957d65,T-Mobile,Bowl,NR,
2025-11-22 17:22:59.793000-05:00,41.6989877,-86.2343672,a0654bd3,AT&T,Bowl,LTE,
2025-11-22 17:23:00.429000-05:00,41.6983544,-86.2333652,64957d65,T-Mobile,Bowl,NR,
2025-11-22 17:23:04.801000-05:00,41.6989858,-86.2343623,a0654bd3,AT&T,Bowl,LTE,6295.0
2025-11-22 17:23:05.425000-05:00,41.6983574,-86.233367,64957d65,T-Mobile,Bowl,NR,
2025-11-22 17:23:09.792000-05:00,41.6989848,-86.2343638,a0654bd3,AT&T,Bowl,LTE,6295.0
2025-11-22 17:23:10.426000-05:00,41.6983572,-86.233367,64957d65,T-Mobile,Bowl,NR,
2025-11-22 17:23:14.799000-05:00,41.6989854,-86.2343655,a0654bd3,AT&T,Bowl,LTE,6295.0
2025-11-22 17:23:15.419000-05:00,41.6983573,-86.2333661,64957d65,T-Mobile,Bowl,NR,
2025-11-22 17:23:19.796000-05:00,41.6989848,-86.2343647,a0654bd3,AT&T,Bowl,LTE,6295.0
2025-11-22 17:23:20.418000-05:00,41.6983588,-86.2333646,64957d65,T-Mobile,Bowl,NR,
2025-11-22 17:23:24.787000-05:00,41.6989866,-86.234359,a0654bd3,AT&T,Bowl,LTE,6295.0
2025-11-22 17:23:25.591000-05:00,41.6983718,-86.2333608,64957d65,T-Mobile,Bowl,NR,
2025-11-22 17:23:29.793000-05:00,41.6989895,-86.234357,a0654bd3,AT&T,Bowl,LTE,6295.0
2025-11-22 17:23:30.602000-05:00,41.6983704,-86.2333617,64957d65,T-Mobile,Bowl,NR,
2025-11-22 17:23:34.800000-05:00,41.6989783,-86.2343565,a0654bd3,AT&T,Bowl,LTE,6295.0
2025-11-22 17:23:35.605000-05:00,41.6983695,-86.2333621,64957d65,T-Mobile,Bowl,NR,
2025-11-22 17:23:39.793000-05:00,41.6989801,-86.2343571,a0654bd3,AT&T,Bowl,LTE,6295.0
2025-11-22 17:23:40.601000-05:00,41.6983695,-86.2333621,64957d65,T-Mobile,Bowl,NR,
2025-11-22 17:23:44.795000-05:00,41.6989804,-86.2343568,a0654bd3,AT&T,Bowl,LTE,6295.0
2025-11-22 17:23:45.599000-05:00,41.6983707,-86.2333621,64957d65,T-Mobile,Bowl,NR,
2025-11-22 17:23:49.799000-05:00,41.6989803,-86.234357,a0654bd3,AT&T,Bowl,LTE,6295.0
2025-11-22 17:23:50.602000-05:00,41.6983703,-86.2333627,64957d65,T-Mobile,Bowl,NR,
2025-11-22 17:23:54.795000-05:00,41.6989792,-86.2343579,a0654bd3,AT&T,Bowl,LTE,6295.0
2025-11-22 17:23:55.601000-05:00,41.6983702,-86.2333627,64957d65,T-Mobile,Bowl,NR,
2025-11-22 17:23:59.797000-05:00,41.6989804,-86.2343606,a0654bd3,AT&T,Bowl,LTE,6295.0
2025-11-22 17:24:00.606000-05:00,41.6983697,-86.2333624,64957d65,T-Mobile,Bowl,NR,
2025-11-22 17:24:04.794000-05:00,41.6989866,-86.2343577,a0654bd3,AT&T,Bowl,LTE,6295.0
2025-11-22 17:24:05.596000-05:00,41.6983688,-86.2333664,64957d65,T-Mobile,Bowl,NR,
2025-11-22 17:24:09.793000-05:00,41.6989885,-86.2343571,a0654bd3,AT&T,Bowl,LTE,6295.0
2025-11-22 17:24:10.601000-05:00,41.6983687,-86.2333655,64957d65,T-Mobile,Bowl,NR,6055.0
2025-11-22 17:24:14.794000-05:00,41.6989844,-86.2343536,a0654bd3,AT&T,Bowl,LTE,6295.0
2025-11-22 17:24:15.600000-05:00,41.6983662,-86.2333635,64957d65,T-Mobile,Bowl,NR,6055.0
2025-11-22 17:24:19.803000-05:00,41.6989836,-86.2343574,a0654bd3,AT&T,Bowl,LTE,6295.0
2025-11-22 17:24:20.616000-05:00,41.6983645,-86.2333664,64957d65,T-Mobile,Bowl,NR,
2025-11-22 17:24:24.802000-05:00,41.698972,-86.2343585,a0654bd3,AT&T,Bowl,LTE,6295.0
2025-11-22 17:24:25.612000-05:00,41.6983646,-86.2333679,64957d65,T-Mobile,Bowl,NR,6375.0
2025-11-22 17:24:29.804000-05:00,41.6989687,-86.2343464,a0654bd3,AT&T,Bowl,LTE,6295.0
2025-11-22 17:24:30.608000-05:00,41.6983646,-86.2333654,64957d65,T-Mobile,Bowl,NR,6375.0
2025-11-22 17:24:34.867000-05:00,41.6989672,-86.2343346,a0654bd3,AT&T,Bowl,LTE,6295.0
2025-11-22 17:24:35.626000-05:00,41.6983645,-86.2333654,64957d65,T-Mobile,Bowl,NR,6375.0
2025-11-22 17:24:39.819000-05:00,41.6989733,-86.2343416,a0654bd3,AT&T,Bowl,LTE,6295.0
2025-11-22 17:24:40.613000-05:00,41.6983645,-86.2333654,64957d65,T-Mobile,Bowl,NR,6375.0
2025-11-22 17:24:44.798000-05:00,41.6989844,-86.234344,a0654bd3,AT&T,Bowl,LTE,6295.0
2025-11-22 17:24:45.602000-05:00,41.6983645,-86.2333654,64957d65,T-Mobile,Bowl,NR,6375.0
2025-11-22 17:24:49.801000-05:00,41.6989869,-86.2343472,a0654bd3,AT&T,Bowl,LTE,6295.0
2025-11-22 17:24:50.609000-05:00,41.6983648,-86.233365,64957d65,T-Mobile,Bowl,NR,6375.0
2025-11-22 17:24:54.801000-05:00,41.6989771,-86.2343615,a0654bd3,AT&T,Bowl,LTE,6295.0
2025-11-22 17:24:55.614000-05:00,41.6983647,-86.2333643,64957d65,T-Mobile,Bowl,NR,6375.0
2025-11-22 17:24:59.800000-05:00,41.6989771,-86.2343604,a0654bd3,AT&T,Bowl,LTE,6295.0
2025-11-22 17:25:00.616000-05:00,41.6983646,-86.2333642,64957d65,T-Mobile,Bowl,NR,6375.0
2025-11-22 17:25:04.800000-05:00,41.6989822,-86.234359,a0654bd3,AT&T,Bowl,LTE,6295.0
2025-11-22 17:25:05.610000-05:00,41.6983647,-86.2333644,64957d65,T-Mobile,Bowl,NR,6375.0
2025-11-22 17:25:09.801000-05:00,41.6989839,-86.2343596,a0654bd3,AT&T,Bowl,LTE,6295.0
2025-11-22 17:25:10.612000-05:00,41.6983556,-86.233373,64957d65,T-Mobile,Bowl,NR,6375.0
2025-11-22 17:25:14.812000-05:00,41.6989832,-86.2343595,a0654bd3,AT&T,Bowl,LTE,6295.0
2025-11-22 17:25:15.615000-05:00,41.6983566,-86.2333725,64957d65,T-Mobile,Bowl,NR,6375.0
2025-11-22 17:25:19.807000-05:00,41.6989826,-86.2343594,a0654bd3,AT&T,Bowl,LTE,6295.0
2025-11-22 17:25:20.610000-05:00,41.6983534,-86.2333725,64957d65,T-Mobile,Bowl,NR,6375.0
2025-11-22 17:25:24.797000-05:00,41.698982,-86.2343591,a0654bd3,AT&T,Bowl,LTE,6295.0
2025-11-22 17:25:25.613000-05:00,41.6983539,-86.2333719,64957d65,T-Mobile,Bowl,NR,6375.0
2025-11-22 17:25:29.806000-05:00,41.6989832,-86.234361,a0654bd3,AT&T,Bowl,LTE,
2025-11-22 17:25:30.617000-05:00,41.6983541,-86.2333714,64957d65,T-Mobile,Bowl,NR,6375.0
2025-11-22 17:25:34.808000-05:00,41.6990006,-86.2343648,a0654bd3,AT&T,Bowl,LTE,
2025-11-22 17:25:35.612000-05:00,41.6983556,-86.2333708,64957d65,T-Mobile,Bowl,NR,6375.0
2025-11-22 17:25:39.800000-05:00,41.6990023,-86.2343637,a0654bd3,AT&T,Bowl,LTE,
2025-11-22 17:25:40.613000-05:00,41.6983539,-86.2333697,64957d65,T-Mobile,Bowl,NR,6375.0
2025-11-22 17:25:44.799000-05:00,41.6989999,-86.2343601,a0654bd3,AT&T,Bowl,LTE,
2025-11-22 17:25:45.616000-05:00,41.6983542,-86.2333698,64957d65,T-Mobile,Bowl,NR,6375.0
2025-11-22 17:25:50.617000-05:00,41.6983542,-86.2333697,64957d65,T-Mobile,Bowl,NR,6375.0
2025-11-22 17:25:55.616000-05:00,41.6983541,-86.2333696,64957d65,T-Mobile,Bowl,NR,6375.0
2025-11-22 17:26:00.618000-05:00,41.6983537,-86.2333657,64957d65,T-Mobile,Bowl,NR,6375.0
2025-11-22 17:26:05.617000-05:00,41.6983533,-86.2333636,64957d65,T-Mobile,Bowl,NR,6375.0
2025-11-22 17:26:10.607000-05:00,41.6983587,-86.2333561,64957d65,T-Mobile,Bowl,NR,6375.0
2025-11-22 17:26:15.610000-05:00,41.69836,-86.2333548,64957d65,T-Mobile,Bowl,NR,6375.0
2025-11-22 17:26:20.617000-05:00,41.6983636,-86.2333602,64957d65,T-Mobile,Bowl,NR,6375.0
2025-11-22 17:26:25.623000-05:00,41.6983692,-86.2333561,64957d65,T-Mobile,Bowl,NR,6375.0
2025-11-22 17:26:30.621000-05:00,41.698366,-86.233357,64957d65,T-Mobile,Bowl,NR,6375.0
2025-11-22 17:26:35.697000-05:00,41.6983661,-86.2333584,64957d65,T-Mobile,Bowl,NR,6375.0
2025-11-22 17:26:39.079000-05:00,41.6991635,-86.2345991,a0654bd3,AT&T,Bowl,LTE,
2025-11-22 17:26:40.613000-05:00,41.698365,-86.2333612,64957d65,T-Mobile,Bowl,NR,6375.0
2025-11-22 17:26:44.505000-05:00,41.6991635,-86.2345991,a0654bd3,AT&T,Bowl,LTE,
2025-11-22 17:26:45.614000-05:00,41.6983622,-86.2333611,64957d65,T-Mobile,Bowl,NR,6375.0
2025-11-22 17:26:49.521000-05:00,41.6991535,-86.2345698,a0654bd3,AT&T,Bowl,LTE,
2025-11-22 17:26:50.621000-05:00,41.698359,-86.2333595,64957d65,T-Mobile,Bowl,NR,6375.0
2025-11-22 17:26:54.520000-05:00,41.6991437,-86.2345779,a0654bd3,AT&T,Bowl,LTE,
2025-11-22 17:26:55.618000-05:00,41.6983598,-86.2333598,64957d65,T-Mobile,Bowl,NR,6375.0
2025-11-22 17:26:59.519000-05:00,41.6991437,-86.2345779,a0654bd3,AT&T,Bowl,LTE,
2025-11-22 17:27:00.622000-05:00,41.6983596,-86.2333602,64957d65,T-Mobile,Bowl,NR,6375.0
2025-11-22 17:27:04.519000-05:00,41.6991438,-86.2345776,a0654bd3,AT&T,Bowl,LTE,
2025-11-22 17:27:05.615000-05:00,41.6983578,-86.2333647,64957d65,T-Mobile,Bowl,NR,6375.0
2025-11-22 17:27:09.520000-05:00,41.6991461,-86.2345817,a0654bd3,AT&T,Bowl,LTE,
2025-11-22 17:27:10.620000-05:00,41.6983578,-86.2333647,64957d65,T-Mobile,Bowl,NR,6375.0
2025-11-22 17:27:13.265000-05:00,41.697928,-86.2333274,7c36e7df,Verizon,Bowl,LTE,6615.0
2025-11-22 17:27:14.515000-05:00,41.6991473,-86.2345752,a0654bd3,AT&T,Bowl,LTE,
2025-11-22 17:27:18.269000-05:00,41.6979403,-86.2333407,7c36e7df,Verizon,Bowl,LTE,6615.0
2025-11-22 17:27:19.518000-05:00,41.6991456,-86.2345722,a0654bd3,AT&T,Bowl,NR-NSA,
2025-11-22 17:27:23.277000-05:00,41.6979425,-86.233341,7c36e7df,Verizon,Bowl,LTE,6615.0
2025-11-22 17:27:24.520000-05:00,41.69915,-86.2345777,a0654bd3,AT&T,Bowl,NR-NSA,
2025-11-22 17:27:28.273000-05:00,41.6979444,-86.2333442,7c36e7df,Verizon,Bowl,LTE,6615.0
2025-11-22 17:27:29.526000-05:00,41.6991515,-86.2345726,a0654bd3,AT&T,Bowl,NR-NSA,
2025-11-22 17:27:33.282000-05:00,41.6979444,-86.2333391,7c36e7df,Verizon,Bowl,LTE,6615.0
2025-11-22 17:27:34.519000-05:00,41.6991517,-86.2345715,a0654bd3,AT&T,Bowl,NR-NSA,
2025-11-22 17:27:38.302000-05:00,41.6979461,-86.2333443,7c36e7df,Verizon,Bowl,LTE,6615.0
2025-11-22 17:27:39.522000-05:00,41.6991514,-86.2345661,a0654bd3,AT&T,Bowl,NR-NSA,
2025-11-22 17:27:43.274000-05:00,41.6979462,-86.2333447,7c36e7df,Verizon,Bowl,LTE,6615.0
2025-11-22 17:27:44.539000-05:00,41.6991515,-86.2345662,a0654bd3,AT&T,Bowl,LTE,
2025-11-22 17:27:48.280000-05:00,41.6979478,-86.2333454,7c36e7df,Verizon,Bowl,LTE,6615.0
2025-11-22 17:27:49.471000-05:00,41.6983372,-86.2332197,64957d65,T-Mobile,Bowl,NR,
2025-11-22 17:27:49.549000-05:00,41.6991514,-86.2345663,a0654bd3,AT&T,Bowl,LTE,
2025-11-22 17:27:53.278000-05:00,41.6979479,-86.2333454,7c36e7df,Verizon,Bowl,LTE,6615.0
2025-11-22 17:27:54.469000-05:00,41.6983394,-86.2332285,64957d65,T-Mobile,Bowl,NR,
2025-11-22 17:27:54.521000-05:00,41.6991495,-86.2345665,a0654bd3,AT&T,Bowl,LTE,
2025-11-22 17:27:58.274000-05:00,41.697948,-86.2333452,7c36e7df,Verizon,Bowl,LTE,6615.0
2025-11-22 17:27:59.477000-05:00,41.6983368,-86.2332268,64957d65,T-Mobile,Bowl,NR,
2025-11-22 17:27:59.539000-05:00,41.6991537,-86.2345647,a0654bd3,AT&T,Bowl,LTE,
2025-11-22 17:28:03.278000-05:00,41.697947,-86.2333461,7c36e7df,Verizon,Bowl,LTE,6615.0
2025-11-22 17:28:04.481000-05:00,41.6983383,-86.2332349,64957d65,T-Mobile,Bowl,NR,
2025-11-22 17:28:04.530000-05:00,41.6991544,-86.2345639,a0654bd3,AT&T,Bowl,LTE,
2025-11-22 17:28:08.278000-05:00,41.6979442,-86.2333502,7c36e7df,Verizon,Bowl,LTE,6615.0
2025-11-22 17:28:09.479000-05:00,41.6983385,-86.2332286,64957d65,T-Mobile,Bowl,NR,
2025-11-22 17:28:09.527000-05:00,41.6991563,-86.2345614,a0654bd3,AT&T,Bowl,LTE,
2025-11-22 17:28:13.275000-05:00,41.6979441,-86.2333504,7c36e7df,Verizon,Bowl,LTE,6615.0
2025-11-22 17:28:14.478000-05:00,41.6983418,-86.2332382,64957d65,T-Mobile,Bowl,NR,
2025-11-22 17:28:14.538000-05:00,41.6991552,-86.2345599,a0654bd3,AT&T,Bowl,LTE,
2025-11-22 17:28:18.733000-05:00,41.6979443,-86.2333506,7c36e7df,Verizon,Bowl,LTE,6615.0
2025-11-22 17:28:19.475000-05:00,41.6983421,-86.2332423,64957d65,T-Mobile,Bowl,NR,
2025-11-22 17:28:19.527000-05:00,41.6991543,-86.2345581,a0654bd3,AT&T,Bowl,LTE,
2025-11-22 17:28:23.277000-05:00,41.6979415,-86.2333474,7c36e7df,Verizon,Bowl,LTE,6615.0
2025-11-22 17:28:24.479000-05:00,41.6983406,-86.2332462,64957d65,T-Mobile,Bowl,NR,
2025-11-22 17:28:24.536000-05:00,41.6991627,-86.2345703,a0654bd3,AT&T,Bowl,LTE,
2025-11-22 17:28:28.298000-05:00,41.6979459,-86.2333524,7c36e7df,Verizon,Bowl,LTE,6615.0
2025-11-22 17:28:29.481000-05:00,41.698339,-86.2332412,64957d65,T-Mobile,Bowl,NR,
2025-11-22 17:28:29.535000-05:00,41.6991581,-86.2345566,a0654bd3,AT&T,Bowl,LTE,
2025-11-22 17:28:33.298000-05:00,41.6979468,-86.2333527,7c36e7df,Verizon,Bowl,LTE,6615.0
2025-11-22 17:28:34.471000-05:00,41.6983417,-86.2332401,64957d65,T-Mobile,Bowl,NR,
2025-11-22 17:28:34.562000-05:00,41.6991539,-86.2345433,a0654bd3,AT&T,Bowl,LTE,
2025-11-22 17:28:38.479000-05:00,41.697954,-86.2333565,7c36e7df,Verizon,Bowl,LTE,6615.0
2025-11-22 17:28:39.475000-05:00,41.6983441,-86.2332187,64957d65,T-Mobile,Bowl,NR,
2025-11-22 17:28:39.530000-05:00,41.699146,-86.2345281,a0654bd3,AT&T,Bowl,LTE,
2025-11-22 17:28:43.483000-05:00,41.697961,-86.2333504,7c36e7df,Verizon,Bowl,LTE,6615.0
2025-11-22 17:28:44.475000-05:00,41.6983441,-86.2332185,64957d65,T-Mobile,Bowl,NR,
2025-11-22 17:28:44.540000-05:00,41.6991448,-86.2345267,a0654bd3,AT&T,Bowl,LTE,
2025-11-22 17:28:48.474000-05:00,41.6979601,-86.2333499,7c36e7df,Verizon,Bowl,LTE,6615.0
2025-11-22 17:28:49.474000-05:00,41.6983459,-86.2332123,64957d65,T-Mobile,Bowl,NR,
2025-11-22 17:28:49.533000-05:00,41.6991458,-86.2345261,a0654bd3,AT&T,Bowl,LTE,
2025-11-22 17:28:53.481000-05:00,41.6979599,-86.2333498,7c36e7df,Verizon,Bowl,LTE,6615.0
2025-11-22 17:28:54.477000-05:00,41.6983489,-86.233216,64957d65,T-Mobile,Bowl,NR,
2025-11-22 17:28:54.530000-05:00,41.6991446,-86.2345229,a0654bd3,AT&T,Bowl,LTE,
2025-11-22 17:28:58.478000-05:00,41.6979616,-86.2333461,7c36e7df,Verizon,Bowl,LTE,6615.0
2025-11-22 17:28:59.486000-05:00,41.6983482,-86.2332125,64957d65,T-Mobile,Bowl,NR,
2025-11-22 17:28:59.539000-05:00,41.6991446,-86.2345232,a0654bd3,AT&T,Bowl,LTE,
2025-11-22 17:29:03.478000-05:00,41.6979628,-86.2333436,7c36e7df,Verizon,Bowl,LTE,6615.0
2025-11-22 17:29:04.474000-05:00,41.6983481,-86.2332132,64957d65,T-Mobile,Bowl,NR,
2025-11-22 17:29:04.538000-05:00,41.6991439,-86.2345281,a0654bd3,AT&T,Bowl,LTE,
2025-11-22 17:29:08.491000-05:00,41.6979628,-86.2333437,7c36e7df,Verizon,Bowl,LTE,6615.0
2025-11-22 17:29:09.487000-05:00,41.6983487,-86.2332143,64957d65,T-Mobile,Bowl,NR,
2025-11-22 17:29:09.532000-05:00,41.6991438,-86.2345285,a0654bd3,AT&T,Bowl,LTE,
2025-11-22 17:29:13.479000-05:00,41.697965,-86.2333425,7c36e7df,Verizon,Bowl,LTE,
2025-11-22 17:29:14.488000-05:00,41.6983489,-86.2332147,64957d65,T-Mobile,Bowl,NR,
2025-11-22 17:29:14.541000-05:00,41.6991432,-86.2345271,a0654bd3,AT&T,Bowl,LTE,
2025-11-22 17:29:18.476000-05:00,41.6979666,-86.2333411,7c36e7df,Verizon,Bowl,LTE,
2025-11-22 17:29:19.488000-05:00,41.6983491,-86.2332142,64957d65,T-Mobile,Bowl,NR,
2025-11-22 17:29:19.532000-05:00,41.6991435,-86.2345274,a0654bd3,AT&T,Bowl,LTE,6295.0
2025-11-22 17:29:23.479000-05:00,41.6979665,-86.2333411,7c36e7df,Verizon,Bowl,LTE,
2025-11-22 17:29:24.473000-05:00,41.6983475,-86.233218,64957d65,T-Mobile,Bowl,NR,
2025-11-22 17:29:24.539000-05:00,41.6991436,-86.2345277,a0654bd3,AT&T,Bowl,LTE,6295.0
2025-11-22 17:29:28.474000-05:00,41.6979666,-86.2333411,7c36e7df,Verizon,Bowl,LTE,
2025-11-22 17:29:29.476000-05:00,41.6983455,-86.2332177,64957d65,T-Mobile,Bowl,NR,
2025-11-22 17:29:29.539000-05:00,41.6991457,-86.2345269,a0654bd3,AT&T,Bowl,LTE,6295.0
2025-11-22 17:29:33.475000-05:00,41.6979666,-86.2333411,7c36e7df,Verizon,Bowl,LTE,
2025-11-22 17:29:34.474000-05:00,41.6983444,-86.2332166,64957d65,T-Mobile,Bowl,NR,
2025-11-22 17:29:34.541000-05:00,41.6991446,-86.234525,a0654bd3,AT&T,Bowl,LTE,6295.0
2025-11-22 17:29:38.481000-05:00,41.6979749,-86.2333524,7c36e7df,Verizon,Bowl,NR-NSA,
2025-11-22 17:29:39.495000-05:00,41.6983468,-86.2332156,64957d65,T-Mobile,Bowl,NR,6695.0
2025-11-22 17:29:39.537000-05:00,41.6991446,-86.2345251,a0654bd3,AT&T,Bowl,LTE,6295.0
2025-11-22 17:29:43.476000-05:00,41.6979716,-86.2333563,7c36e7df,Verizon,Bowl,NR-NSA,
2025-11-22 17:29:44.481000-05:00,41.6983449,-86.2332144,64957d65,T-Mobile,Bowl,NR,6695.0
2025-11-22 17:29:44.544000-05:00,41.6991462,-86.2345254,a0654bd3,AT&T,Bowl,LTE,6295.0
2025-11-22 17:29:48.479000-05:00,41.6979726,-86.2333555,7c36e7df,Verizon,Bowl,NR-NSA,
2025-11-22 17:29:49.482000-05:00,41.6983432,-86.2332162,64957d65,T-Mobile,Bowl,NR,6695.0
2025-11-22 17:29:49.529000-05:00,41.6991471,-86.2345345,a0654bd3,AT&T,Bowl,LTE,6295.0
2025-11-22 17:29:53.482000-05:00,41.6979754,-86.2333566,7c36e7df,Verizon,Bowl,LTE,
2025-11-22 17:29:54.485000-05:00,41.6983437,-86.2332234,64957d65,T-Mobile,Bowl,NR,6695.0
2025-11-22 17:29:54.542000-05:00,41.6991466,-86.234534,a0654bd3,AT&T,Bowl,LTE,6295.0
2025-11-22 17:29:58.480000-05:00,41.6979782,-86.2333562,7c36e7df,Verizon,Bowl,LTE,
2025-11-22 17:29:59.482000-05:00,41.6983452,-86.2332243,64957d65,T-Mobile,Bowl,NR,6695.0
2025-11-22 17:29:59.541000-05:00,41.6991447,-86.234542,a0654bd3,AT&T,Bowl,LTE,6295.0
2025-11-22 17:30:03.480000-05:00,41.6979765,-86.2333541,7c36e7df,Verizon,Bowl,LTE,
2025-11-22 17:30:04.491000-05:00,41.6983437,-86.2332174,64957d65,T-Mobile,Bowl,NR,6695.0
2025-11-22 17:30:04.553000-05:00,41.6991473,-86.2345368,a0654bd3,AT&T,Bowl,LTE,6295.0
2025-11-22 17:30:08.484000-05:00,41.6979764,-86.2333538,7c36e7df,Verizon,Bowl,LTE,
2025-11-22 17:30:09.486000-05:00,41.6983442,-86.2332201,64957d65,T-Mobile,Bowl,NR,6695.0
2025-11-22 17:30:09.543000-05:00,41.6991481,-86.2345379,a0654bd3,AT&T,Bowl,LTE,6295.0
2025-11-22 17:30:13.483000-05:00,41.6979762,-86.2333538,7c36e7df,Verizon,Bowl,LTE,
2025-11-22 17:30:14.481000-05:00,41.6983443,-86.2332202,64957d65,T-Mobile,Bowl,NR,6695.0
2025-11-22 17:30:14.555000-05:00,41.6991493,-86.234538,a0654bd3,AT&T,Bowl,LTE,6295.0
2025-11-22 17:30:18.481000-05:00,41.6979762,-86.2333537,7c36e7df,Verizon,Bowl,LTE,
2025-11-22 17:30:19.473000-05:00,41.6983447,-86.2332228,64957d65,T-Mobile,Bowl,NR,6695.0
2025-11-22 17:30:19.544000-05:00,41.6991523,-86.2345348,a0654bd3,AT&T,Bowl,LTE,6295.0
2025-11-22 17:30:23.485000-05:00,41.6979762,-86.2333536,7c36e7df,Verizon,Bowl,LTE,
2025-11-22 17:30:24.482000-05:00,41.6983451,-86.2332212,64957d65,T-Mobile,Bowl,NR,6695.0
2025-11-22 17:30:24.534000-05:00,41.6991559,-86.2345349,a0654bd3,AT&T,Bowl,LTE,6295.0
2025-11-22 17:30:28.483000-05:00,41.6979846,-86.2333647,7c36e7df,Verizon,Bowl,LTE,
2025-11-22 17:30:29.478000-05:00,41.6983451,-86.2332204,64957d65,T-Mobile,Bowl,NR,6695.0
2025-11-22 17:30:29.557000-05:00,41.6991561,-86.2345351,a0654bd3,AT&T,Bowl,LTE,6295.0
2025-11-22 17:30:33.484000-05:00,41.697982,-86.2333653,7c36e7df,Verizon,Bowl,LTE,
2025-11-22 17:30:34.480000-05:00,41.6983443,-86.2332204,64957d65,T-Mobile,Bowl,NR,6695.0
2025-11-22 17:30:34.540000-05:00,41.6991553,-86.2345379,a0654bd3,AT&T,Bowl,LTE,6295.0
2025-11-22 17:30:38.481000-05:00,41.6979779,-86.2333611,7c36e7df,Verizon,Bowl,NR-NSA,
2025-11-22 17:30:39.478000-05:00,41.698343,-86.2332137,64957d65,T-Mobile,Bowl,NR,6695.0
2025-11-22 17:30:39.539000-05:00,41.6991453,-86.2345471,a0654bd3,AT&T,Bowl,LTE,6295.0
2025-11-22 17:30:43.483000-05:00,41.6979766,-86.2333657,7c36e7df,Verizon,Bowl,LTE,
2025-11-22 17:30:44.486000-05:00,41.698342,-86.2332135,64957d65,T-Mobile,Bowl,NR,6695.0
2025-11-22 17:30:44.560000-05:00,41.6991456,-86.2345468,a0654bd3,AT&T,Bowl,LTE,6295.0
2025-11-22 17:30:48.481000-05:00,41.6979704,-86.2333546,7c36e7df,Verizon,Bowl,LTE,
2025-11-22 17:30:49.495000-05:00,41.6983365,-86.2332133,64957d65,T-Mobile,Bowl,NR,6695.0
2025-11-22 17:30:49.534000-05:00,41.6991336,-86.2345805,a0654bd3,AT&T,Bowl,LTE,6295.0
2025-11-22 17:30:53.482000-05:00,41.6979675,-86.2333515,7c36e7df,Verizon,Bowl,LTE,
2025-11-22 17:30:54.489000-05:00,41.698337,-86.2332133,64957d65,T-Mobile,Bowl,NR,6695.0
2025-11-22 17:30:54.551000-05:00,41.6991396,-86.2346006,a0654bd3,AT&T,Bowl,LTE,6295.0
2025-11-22 17:30:58.486000-05:00,41.6979674,-86.2333516,7c36e7df,Verizon,Bowl,LTE,
2025-11-22 17:30:59.488000-05:00,41.6983393,-86.233216,64957d65,T-Mobile,Bowl,NR,6695.0
2025-11-22 17:30:59.555000-05:00,41.6991377,-86.2345705,a0654bd3,AT&T,Bowl,LTE,6295.0
2025-11-22 17:31:03.483000-05:00,41.6979659,-86.2333519,7c36e7df,Verizon,Bowl,LTE,
2025-11-22 17:31:04.485000-05:00,41.6983394,-86.2332161,64957d65,T-Mobile,Bowl,NR,6695.0
2025-11-22 17:31:04.544000-05:00,41.6991418,-86.2345591,a0654bd3,AT&T,Bowl,LTE,6295.0
2025-11-22 17:31:08.486000-05:00,41.6979666,-86.233364,7c36e7df,Verizon,Bowl,LTE,
2025-11-22 17:31:09.493000-05:00,41.6983386,-86.2332165,64957d65,T-Mobile,Bowl,NR,6695.0
2025-11-22 17:31:09.548000-05:00,41.6991307,-86.2345585,a0654bd3,AT&T,Bowl,LTE,6295.0
2025-11-22 17:31:13.485000-05:00,41.6979696,-86.233363,7c36e7df,Verizon,Bowl,NR-NSA,
2025-11-22 17:31:14.561000-05:00,41.6991326,-86.2345589,a0654bd3,AT&T,Bowl,LTE,6295.0
2025-11-22 17:31:18.487000-05:00,41.6979687,-86.2333588,7c36e7df,Verizon,Bowl,LTE,
2025-11-22 17:31:19.547000-05:00,41.6991408,-86.2345472,a0654bd3,AT&T,Bowl,LTE,6295.0
2025-11-22 17:31:23.486000-05:00,41.6979722,-86.2333605,7c36e7df,Verizon,Bowl,LTE,
2025-11-22 17:31:24.546000-05:00,41.699142,-86.234545,a0654bd3,AT&T,Bowl,LTE,6295.0
2025-11-22 17:31:28.486000-05:00,41.6979741,-86.2333633,7c36e7df,Verizon,Bowl,NR-NSA,
2025-11-22 17:31:29.543000-05:00,41.6991418,-86.2345454,a0654bd3,AT&T,Bowl,LTE,6295.0
2025-11-22 17:31:33.487000-05:00,41.6979646,-86.2333526,7c36e7df,Verizon,Bowl,NR-NSA,
2025-11-22 17:31:34.547000-05:00,41.6991417,-86.2345455,a0654bd3,AT&T,Bowl,LTE,6295.0
2025-11-22 17:31:38.482000-05:00,41.6979642,-86.2333529,7c36e7df,Verizon,Bowl,NR-NSA,
2025-11-22 17:31:39.555000-05:00,41.6991429,-86.2345589,a0654bd3,AT&T,Bowl,LTE,
2025-11-22 17:31:43.488000-05:00,41.6979643,-86.2333525,7c36e7df,Verizon,Bowl,LTE,
2025-11-22 17:31:48.490000-05:00,41.6979643,-86.2333525,7c36e7df,Verizon,Bowl,LTE,
2025-11-22 17:31:53.486000-05:00,41.6979642,-86.2333523,7c36e7df,Verizon,Bowl,LTE,
2025-11-22 17:31:58.716000-05:00,41.69797,-86.2333554,7c36e7df,Verizon,Bowl,LTE,
2025-11-22 17:32:03.710000-05:00,41.6979722,-86.2333542,7c36e7df,Verizon,Bowl,LTE,
2025-11-22 17:32:08.711000-05:00,41.6979715,-86.2333538,7c36e7df,Verizon,Bowl,LTE,
2025-11-22 17:32:13.713000-05:00,41.6979715,-86.2333539,7c36e7df,Verizon,Bowl,NR-NSA,
2025-11-22 17:32:18.704000-05:00,41.6979711,-86.2333535,7c36e7df,Verizon,Bowl,LTE,
2025-11-22 17:32:23.709000-05:00,41.6979726,-86.2333569,7c36e7df,Verizon,Bowl,LTE,
2025-11-22 17:32:28.709000-05:00,41.6979785,-86.2333645,7c36e7df,Verizon,Bowl,NR-NSA,
2025-11-22 17:32:33.719000-05:00,41.6979765,-86.2333627,7c36e7df,Verizon,Bowl,NR-NSA,
2025-11-22 17:32:38.734000-05:00,41.6979785,-86.2333639,7c36e7df,Verizon,Bowl,NR-NSA,
2025-11-22 17:32:43.713000-05:00,41.6979773,-86.2333617,7c36e7df,Verizon,Bowl,NR-NSA,
2025-11-22 17:32:48.716000-05:00,41.6979782,-86.2333451,7c36e7df,Verizon,Bowl,LTE,
2025-11-22 17:32:53.715000-05:00,41.6979784,-86.2333475,7c36e7df,Verizon,Bowl,LTE,
2025-11-22 17:32:58.715000-05:00,41.6979784,-86.2333497,7c36e7df,Verizon,Bowl,LTE,
2025-11-22 17:33:03.708000-05:00,41.6979695,-86.2333432,7c36e7df,Verizon,Bowl,LTE,
2025-11-22 17:33:08.713000-05:00,41.6979196,-86.2332881,7c36e7df,Verizon,Bowl,LTE,
2025-11-22 17:33:13.720000-05:00,41.6978902,-86.233212,7c36e7df,Verizon,Bowl,LTE,
2025-11-22 17:33:18.723000-05:00,41.6979613,-86.2331037,7c36e7df,Verizon,Bowl,LTE,
2025-11-22 17:33:23.716000-05:00,41.6979733,-86.233114,7c36e7df,Verizon,Bowl,LTE,
2025-11-22 17:33:28.718000-05:00,41.6979691,-86.2331157,7c36e7df,Verizon,Bowl,LTE,
2025-11-22 17:33:33.714000-05:00,41.6979634,-86.2331151,7c36e7df,Verizon,Bowl,LTE,
2025-11-22 17:33:38.719000-05:00,41.6979608,-86.2331133,7c36e7df,Verizon,Bowl,LTE,
2025-11-22 17:33:43.721000-05:00,41.6979526,-86.2331036,7c36e7df,Verizon,Bowl,LTE,
2025-11-22 17:33:48.718000-05:00,41.69794,-86.2330865,7c36e7df,Verizon,Bowl,LTE,
2025-11-22 17:33:53.719000-05:00,41.69794,-86.2330865,7c36e7df,Verizon,Bowl,LTE,
2025-11-22 17:33:58.717000-05:00,41.6979448,-86.2331007,7c36e7df,Verizon,Bowl,LTE,
2025-11-22 17:34:03.718000-05:00,41.6979386,-86.2330884,7c36e7df,Verizon,Bowl,LTE,
2025-11-22 17:34:08.717000-05:00,41.6979386,-86.2330884,7c36e7df,Verizon,Bowl,LTE,
2025-11-22 17:34:13.723000-05:00,41.6979435,-86.2330889,7c36e7df,Verizon,Bowl,NR-NSA,
2025-11-22 17:34:18.722000-05:00,41.6979435,-86.2330892,7c36e7df,Verizon,Bowl,LTE,
2025-11-22 17:34:23.719000-05:00,41.6979433,-86.2330898,7c36e7df,Verizon,Bowl,LTE,
2025-11-22 17:34:28.721000-05:00,41.6979431,-86.23309,7c36e7df,Verizon,Bowl,LTE,
2025-11-22 17:34:33.721000-05:00,41.6979431,-86.23309,7c36e7df,Verizon,Bowl,NR-NSA,
2025-11-22 17:34:38.734000-05:00,41.6979374,-86.2330902,7c36e7df,Verizon,Bowl,NR-NSA,
2025-11-22 17:34:43.731000-05:00,41.6979429,-86.2330892,7c36e7df,Verizon,Bowl,NR-NSA,
2025-11-22 17:34:48.730000-05:00,41.6979429,-86.2330892,7c36e7df,Verizon,Bowl,NR-NSA,
2025-11-22 17:34:52.651000-05:00,41.6984703,-86.2344241,a0654bd3,AT&T,Bowl,LTE,
2025-11-22 17:34:53.727000-05:00,41.6979521,-86.2330893,7c36e7df,Verizon,Bowl,NR-NSA,
2025-11-22 17:34:58.725000-05:00,41.697952,-86.2330971,7c36e7df,Verizon,Bowl,NR-NSA,
2025-11-22 17:35:03.731000-05:00,41.6979566,-86.2330873,7c36e7df,Verizon,Bowl,NR-NSA,
2025-11-22 17:35:08.728000-05:00,41.6979606,-86.2330848,7c36e7df,Verizon,Bowl,NR-NSA,
2025-11-22 17:35:09.241000-05:00,41.6984703,-86.2344241,a0654bd3,AT&T,Bowl,LTE,
2025-11-22 17:35:10.885000-05:00,41.6989378,-86.2333702,64957d65,T-Mobile,Bowl,NR,
2025-11-22 17:35:13.724000-05:00,41.6979636,-86.2330844,7c36e7df,Verizon,Bowl,NR-NSA,
2025-11-22 17:35:14.243000-05:00,41.6984707,-86.234424,a0654bd3,AT&T,Bowl,LTE,
2025-11-22 17:35:15.893000-05:00,41.6989327,-86.2333658,64957d65,T-Mobile,Bowl,NR,
2025-11-22 17:35:18.733000-05:00,41.697963,-86.2330853,7c36e7df,Verizon,Bowl,NR-NSA,
2025-11-22 17:35:19.240000-05:00,41.6984704,-86.2344237,a0654bd3,AT&T,Bowl,LTE,
2025-11-22 17:35:20.894000-05:00,41.6989331,-86.2333656,64957d65,T-Mobile,Bowl,NR,
2025-11-22 17:35:23.725000-05:00,41.6979627,-86.233086,7c36e7df,Verizon,Bowl,NR-NSA,
2025-11-22 17:35:24.248000-05:00,41.6984766,-86.2344272,a0654bd3,AT&T,Bowl,LTE,
2025-11-22 17:35:25.897000-05:00,41.6989351,-86.2333653,64957d65,T-Mobile,Bowl,NR,
2025-11-22 17:35:28.732000-05:00,41.6979624,-86.2330865,7c36e7df,Verizon,Bowl,NR-NSA,
2025-11-22 17:35:29.248000-05:00,41.6984831,-86.2344204,a0654bd3,AT&T,Bowl,LTE,
2025-11-22 17:35:30.892000-05:00,41.6989351,-86.2333614,64957d65,T-Mobile,Bowl,NR,
2025-11-22 17:35:33.728000-05:00,41.6979604,-86.2330856,7c36e7df,Verizon,Bowl,NR-NSA,
2025-11-22 17:35:34.244000-05:00,41.6984785,-86.2344278,a0654bd3,AT&T,Bowl,LTE,
2025-11-22 17:35:35.897000-05:00,41.6989373,-86.2333595,64957d65,T-Mobile,Bowl,NR,
2025-11-22 17:35:38.726000-05:00,41.6979531,-86.2330931,7c36e7df,Verizon,Bowl,NR-NSA,
2025-11-22 17:35:39.244000-05:00,41.6984786,-86.2344277,a0654bd3,AT&T,Bowl,LTE,
2025-11-22 17:35:40.897000-05:00,41.6989373,-86.2333608,64957d65,T-Mobile,Bowl,NR,
2025-11-22 17:35:43.729000-05:00,41.697954,-86.2331016,7c36e7df,Verizon,Bowl,NR-NSA,
2025-11-22 17:35:44.245000-05:00,41.698481,-86.2344241,a0654bd3,AT&T,Bowl,LTE,
2025-11-22 17:35:45.892000-05:00,41.6989347,-86.233358,64957d65,T-Mobile,Bowl,NR,
2025-11-22 17:35:48.725000-05:00,41.6979575,-86.2331022,7c36e7df,Verizon,Bowl,LTE,
2025-11-22 17:35:49.255000-05:00,41.6984813,-86.2344199,a0654bd3,AT&T,Bowl,NR-NSA,
2025-11-22 17:35:50.904000-05:00,41.6989346,-86.2333582,64957d65,T-Mobile,Bowl,NR,
2025-11-22 17:35:53.738000-05:00,41.6979639,-86.2331001,7c36e7df,Verizon,Bowl,LTE,
2025-11-22 17:35:54.245000-05:00,41.6984765,-86.2344298,a0654bd3,AT&T,Bowl,LTE,
2025-11-22 17:35:55.899000-05:00,41.6989341,-86.2333584,64957d65,T-Mobile,Bowl,NR,
2025-11-22 17:35:58.727000-05:00,41.6979649,-86.2330979,7c36e7df,Verizon,Bowl,LTE,6695.0
2025-11-22 17:35:59.255000-05:00,41.6984768,-86.2344319,a0654bd3,AT&T,Bowl,NR-NSA,
2025-11-22 17:36:00.893000-05:00,41.6989347,-86.2333594,64957d65,T-Mobile,Bowl,NR,
2025-11-22 17:36:03.734000-05:00,41.6979676,-86.2331069,7c36e7df,Verizon,Bowl,LTE,6695.0
2025-11-22 17:36:04.248000-05:00,41.698477,-86.2344319,a0654bd3,AT&T,Bowl,NR-NSA,
2025-11-22 17:36:05.897000-05:00,41.6989368,-86.2333621,64957d65,T-Mobile,Bowl,NR,
2025-11-22 17:36:08.726000-05:00,41.6979676,-86.2331069,7c36e7df,Verizon,Bowl,LTE,6695.0
2025-11-22 17:36:09.246000-05:00,41.698477,-86.2344319,a0654bd3,AT&T,Bowl,NR-NSA,
2025-11-22 17:36:10.898000-05:00,41.6989375,-86.2333615,64957d65,T-Mobile,Bowl,NR,
2025-11-22 17:36:13.729000-05:00,41.6979779,-86.2330826,7c36e7df,Verizon,Bowl,LTE,6695.0
2025-11-22 17:36:14.247000-05:00,41.6984813,-86.2344282,a0654bd3,AT&T,Bowl,NR-NSA,
2025-11-22 17:36:15.897000-05:00,41.6989384,-86.2333616,64957d65,T-Mobile,Bowl,NR,
2025-11-22 17:36:18.741000-05:00,41.6979778,-86.2330831,7c36e7df,Verizon,Bowl,LTE,6695.0
2025-11-22 17:36:19.245000-05:00,41.6984814,-86.234428,a0654bd3,AT&T,Bowl,NR-NSA,
2025-11-22 17:36:20.904000-05:00,41.6989454,-86.2333559,64957d65,T-Mobile,Bowl,NR,
2025-11-22 17:36:23.736000-05:00,41.6979772,-86.2330854,7c36e7df,Verizon,Bowl,LTE,6695.0
2025-11-22 17:36:24.246000-05:00,41.6984784,-86.2344277,a0654bd3,AT&T,Bowl,NR-NSA,
2025-11-22 17:36:25.899000-05:00,41.6989454,-86.2333567,64957d65,T-Mobile,Bowl,NR,
2025-11-22 17:36:28.791000-05:00,41.6979772,-86.2330854,7c36e7df,Verizon,Bowl,LTE,6695.0
2025-11-22 17:36:29.246000-05:00,41.6984726,-86.2344259,a0654bd3,AT&T,Bowl,NR-NSA,
2025-11-22 17:36:30.897000-05:00,41.6989443,-86.2333589,64957d65,T-Mobile,Bowl,NR,
2025-11-22 17:36:33.722000-05:00,41.6979788,-86.233073,7c36e7df,Verizon,Bowl,LTE,6695.0
2025-11-22 17:36:34.245000-05:00,41.6984725,-86.2344258,a0654bd3,AT&T,Bowl,NR-NSA,
2025-11-22 17:36:35.905000-05:00,41.6989423,-86.2333632,64957d65,T-Mobile,Bowl,NR,
2025-11-22 17:36:38.726000-05:00,41.6979786,-86.2330746,7c36e7df,Verizon,Bowl,LTE,6695.0
2025-11-22 17:36:39.253000-05:00,41.6984706,-86.2344261,a0654bd3,AT&T,Bowl,NR-NSA,
2025-11-22 17:36:40.901000-05:00,41.6989392,-86.233361,64957d65,T-Mobile,Bowl,NR,
2025-11-22 17:36:43.738000-05:00,41.6979802,-86.2330931,7c36e7df,Verizon,Bowl,LTE,6695.0
2025-11-22 17:36:44.246000-05:00,41.698468,-86.2344272,a0654bd3,AT&T,Bowl,NR-NSA,
2025-11-22 17:36:45.905000-05:00,41.6989398,-86.2333608,64957d65,T-Mobile,Bowl,NR,
2025-11-22 17:36:48.726000-05:00,41.6979859,-86.2330962,7c36e7df,Verizon,Bowl,LTE,6695.0
2025-11-22 17:36:49.256000-05:00,41.6984684,-86.2344251,a0654bd3,AT&T,Bowl,NR-NSA,
2025-11-22 17:36:50.898000-05:00,41.6989408,-86.2333591,64957d65,T-Mobile,Bowl,NR,6135.0
2025-11-22 17:36:53.736000-05:00,41.6979859,-86.2330962,7c36e7df,Verizon,Bowl,LTE,6695.0
2025-11-22 17:36:54.251000-05:00,41.6984685,-86.2344252,a0654bd3,AT&T,Bowl,NR-NSA,
2025-11-22 17:36:55.907000-05:00,41.6989372,-86.233358,64957d65,T-Mobile,Bowl,NR,6135.0
2025-11-22 17:36:58.733000-05:00,41.6979827,-86.2331001,7c36e7df,Verizon,Bowl,LTE,6695.0
2025-11-22 17:36:59.257000-05:00,41.6984685,-86.2344252,a0654bd3,AT&T,Bowl,NR-NSA,
2025-11-22 17:37:00.906000-05:00,41.6989363,-86.2333584,64957d65,T-Mobile,Bowl,NR,6135.0
2025-11-22 17:37:03.731000-05:00,41.697987,-86.2331075,7c36e7df,Verizon,Bowl,LTE,6695.0
2025-11-22 17:37:04.248000-05:00,41.6984682,-86.2344252,a0654bd3,AT&T,Bowl,NR-NSA,
2025-11-22 17:37:05.904000-05:00,41.6989353,-86.2333584,64957d65,T-Mobile,Bowl,NR,6135.0
2025-11-22 17:37:08.739000-05:00,41.6979876,-86.2331103,7c36e7df,Verizon,Bowl,LTE,6695.0
2025-11-22 17:37:09.260000-05:00,41.6984682,-86.2344252,a0654bd3,AT&T,Bowl,NR-NSA,
2025-11-22 17:37:10.902000-05:00,41.6989353,-86.2333548,64957d65,T-Mobile,Bowl,NR,6135.0
2025-11-22 17:37:13.730000-05:00,41.6979865,-86.2331175,7c36e7df,Verizon,Bowl,LTE,6695.0
2025-11-22 17:37:14.251000-05:00,41.6984683,-86.2344253,a0654bd3,AT&T,Bowl,NR-NSA,
2025-11-22 17:37:15.907000-05:00,41.6989372,-86.2333575,64957d65,T-Mobile,Bowl,NR,6135.0
2025-11-22 17:37:18.737000-05:00,41.697971,-86.2331035,7c36e7df,Verizon,Bowl,LTE,6695.0
2025-11-22 17:37:19.253000-05:00,41.6984684,-86.2344253,a0654bd3,AT&T,Bowl,NR-NSA,
2025-11-22 17:37:20.908000-05:00,41.6989383,-86.2333621,64957d65,T-Mobile,Bowl,NR,6135.0
2025-11-22 17:37:23.739000-05:00,41.6979669,-86.2331014,7c36e7df,Verizon,Bowl,LTE,6695.0
2025-11-22 17:37:24.251000-05:00,41.6984682,-86.2344252,a0654bd3,AT&T,Bowl,NR-NSA,
2025-11-22 17:37:25.904000-05:00,41.6989394,-86.2333663,64957d65,T-Mobile,Bowl,NR,6135.0
2025-11-22 17:37:28.734000-05:00,41.697964,-86.2331054,7c36e7df,Verizon,Bowl,LTE,6695.0
2025-11-22 17:37:29.254000-05:00,41.6984681,-86.2344253,a0654bd3,AT&T,Bowl,NR-NSA,
2025-11-22 17:37:30.898000-05:00,41.6989415,-86.2333637,64957d65,T-Mobile,Bowl,NR,6135.0
2025-11-22 17:37:34.252000-05:00,41.6984682,-86.2344255,a0654bd3,AT&T,Bowl,NR-NSA,
2025-11-22 17:37:35.905000-05:00,41.6989415,-86.233364,64957d65,T-Mobile,Bowl,NR,6135.0
2025-11-22 17:37:39.251000-05:00,41.6984681,-86.2344253,a0654bd3,AT&T,Bowl,NR-NSA,
2025-11-22 17:37:40.904000-05:00,41.6989415,-86.2333644,64957d65,T-Mobile,Bowl,NR,6135.0
2025-11-22 17:37:44.253000-05:00,41.6984681,-86.2344253,a0654bd3,AT&T,Bowl,NR-NSA,
2025-11-22 17:37:45.901000-05:00,41.6989414,-86.2333652,64957d65,T-Mobile,Bowl,NR,6135.0
2025-11-22 17:37:49.252000-05:00,41.6984682,-86.2344254,a0654bd3,AT&T,Bowl,NR-NSA,
2025-11-22 17:37:50.898000-05:00,41.6989417,-86.2333654,64957d65,T-Mobile,Bowl,NR,6135.0
2025-11-22 17:37:54.251000-05:00,41.6984683,-86.2344252,a0654bd3,AT&T,Bowl,LTE,
2025-11-22 17:37:55.907000-05:00,41.6989415,-86.2333655,64957d65,T-Mobile,Bowl,NR,6135.0
2025-11-22 17:37:59.255000-05:00,41.6984733,-86.2344305,a0654bd3,AT&T,Bowl,LTE,
2025-11-22 17:38:00.904000-05:00,41.6989416,-86.2333689,64957d65,T-Mobile,Bowl,NR,6135.0
2025-11-22 17:38:04.254000-05:00,41.6984736,-86.2344296,a0654bd3,AT&T,Bowl,LTE,
2025-11-22 17:38:05.903000-05:00,41.6989441,-86.2333641,64957d65,T-Mobile,Bowl,NR,6135.0
2025-11-22 17:38:09.255000-05:00,41.6984755,-86.2344398,a0654bd3,AT&T,Bowl,LTE,
2025-11-22 17:38:10.912000-05:00,41.6989437,-86.2333669,64957d65,T-Mobile,Bowl,NR,6135.0
2025-11-22 17:38:14.255000-05:00,41.6984755,-86.2344398,a0654bd3,AT&T,Bowl,LTE,
2025-11-22 17:38:15.902000-05:00,41.6989447,-86.2333695,64957d65,T-Mobile,Bowl,NR,6135.0
2025-11-22 17:38:19.258000-05:00,41.6984783,-86.2344365,a0654bd3,AT&T,Bowl,NR-NSA,
2025-11-22 17:38:20.908000-05:00,41.6989455,-86.2333694,64957d65,T-Mobile,Bowl,NR,6135.0
2025-11-22 17:38:24.258000-05:00,41.6984752,-86.2344405,a0654bd3,AT&T,Bowl,NR-NSA,
2025-11-22 17:38:25.909000-05:00,41.6989426,-86.2333736,64957d65,T-Mobile,Bowl,NR,6135.0
2025-11-22 17:38:29.253000-05:00,41.698458,-86.2344541,a0654bd3,AT&T,Bowl,NR-NSA,
2025-11-22 17:38:30.907000-05:00,41.6989426,-86.2333737,64957d65,T-Mobile,Bowl,NR,6135.0
2025-11-22 17:38:34.254000-05:00,41.6984621,-86.234445,a0654bd3,AT&T,Bowl,NR-NSA,
2025-11-22 17:38:35.912000-05:00,41.6989442,-86.2333685,64957d65,T-Mobile,Bowl,NR,6135.0
2025-11-22 17:38:39.267000-05:00,41.698478,-86.2344273,a0654bd3,AT&T,Bowl,LTE,
2025-11-22 17:38:40.910000-05:00,41.698943,-86.2333699,64957d65,T-Mobile,Bowl,NR,6135.0
2025-11-22 17:38:44.259000-05:00,41.6984799,-86.2344428,a0654bd3,AT&T,Bowl,LTE,
2025-11-22 17:38:49.255000-05:00,41.6984879,-86.2344572,a0654bd3,AT&T,Bowl,NR-NSA,
2025-11-22 17:38:54.259000-05:00,41.6984864,-86.2344466,a0654bd3,AT&T,Bowl,NR-NSA,
2025-11-22 17:38:59.269000-05:00,41.6984805,-86.2344434,a0654bd3,AT&T,Bowl,NR-NSA,
2025-11-22 17:39:04.263000-05:00,41.698481,-86.2344352,a0654bd3,AT&T,Bowl,LTE,
2025-11-22 17:39:09.264000-05:00,41.698478,-86.2344333,a0654bd3,AT&T,Bowl,LTE,
2025-11-22 17:39:14.265000-05:00,41.6984773,-86.234433,a0654bd3,AT&T,Bowl,LTE,
2025-11-22 17:39:19.270000-05:00,41.6984791,-86.2344306,a0654bd3,AT&T,Bowl,LTE,
2025-11-22 17:39:24.263000-05:00,41.6984804,-86.2344213,a0654bd3,AT&T,Bowl,LTE,6215.0
2025-11-22 17:39:25.698000-05:00,41.6990053,-86.2332084,64957d65,T-Mobile,Bowl,NR,
2025-11-22 17:39:29.272000-05:00,41.6984776,-86.2344193,a0654bd3,AT&T,Bowl,LTE,6215.0
2025-11-22 17:39:30.705000-05:00,41.6990028,-86.2332115,64957d65,T-Mobile,Bowl,LTE,
2025-11-22 17:39:34.276000-05:00,41.6984772,-86.2344184,a0654bd3,AT&T,Bowl,LTE,6215.0
2025-11-22 17:39:35.701000-05:00,41.6990013,-86.2332133,64957d65,T-Mobile,Bowl,LTE,
2025-11-22 17:39:39.273000-05:00,41.6984661,-86.2344201,a0654bd3,AT&T,Bowl,LTE,6215.0
2025-11-22 17:39:40.508000-05:00,41.6983863,-86.2333021,7c36e7df,Verizon,Bowl,LTE,6055.0
2025-11-22 17:39:40.706000-05:00,41.6990016,-86.2332117,64957d65,T-Mobile,Bowl,LTE,
2025-11-22 17:39:44.268000-05:00,41.6984664,-86.2344194,a0654bd3,AT&T,Bowl,LTE,6215.0
2025-11-22 17:39:45.532000-05:00,41.6983867,-86.2332978,7c36e7df,Verizon,Bowl,LTE,
2025-11-22 17:39:45.708000-05:00,41.699002,-86.2332084,64957d65,T-Mobile,Bowl,LTE,
2025-11-22 17:39:49.263000-05:00,41.6984665,-86.2344191,a0654bd3,AT&T,Bowl,LTE,6215.0
2025-11-22 17:39:50.518000-05:00,41.6983795,-86.2332847,7c36e7df,Verizon,Bowl,LTE,
2025-11-22 17:39:50.709000-05:00,41.698994,-86.2332113,64957d65,T-Mobile,Bowl,LTE,
2025-11-22 17:39:54.264000-05:00,41.6984641,-86.2344192,a0654bd3,AT&T,Bowl,LTE,6215.0
2025-11-22 17:39:55.519000-05:00,41.6983777,-86.2332836,7c36e7df,Verizon,Bowl,LTE,6055.0
2025-11-22 17:39:55.709000-05:00,41.6989988,-86.2332098,64957d65,T-Mobile,Bowl,LTE,
2025-11-22 17:39:59.282000-05:00,41.6984644,-86.2344282,a0654bd3,AT&T,Bowl,LTE,6215.0
2025-11-22 17:40:00.527000-05:00,41.6983781,-86.2332853,7c36e7df,Verizon,Bowl,LTE,6055.0
2025-11-22 17:40:00.713000-05:00,41.6989968,-86.2332111,64957d65,T-Mobile,Bowl,LTE,
2025-11-22 17:40:04.269000-05:00,41.6984644,-86.2344283,a0654bd3,AT&T,Bowl,LTE,6215.0
2025-11-22 17:40:05.529000-05:00,41.6983764,-86.2332829,7c36e7df,Verizon,Bowl,LTE,6055.0
2025-11-22 17:40:05.709000-05:00,41.699002,-86.233212,64957d65,T-Mobile,Bowl,LTE,
2025-11-22 17:40:09.264000-05:00,41.6984645,-86.2344281,a0654bd3,AT&T,Bowl,LTE,6215.0
2025-11-22 17:40:10.520000-05:00,41.6983739,-86.2332789,7c36e7df,Verizon,Bowl,LTE,6055.0
2025-11-22 17:40:10.707000-05:00,41.6990021,-86.233212,64957d65,T-Mobile,Bowl,LTE,
2025-11-22 17:40:14.270000-05:00,41.6984626,-86.2344309,a0654bd3,AT&T,Bowl,LTE,6215.0
2025-11-22 17:40:15.532000-05:00,41.6983732,-86.2332791,7c36e7df,Verizon,Bowl,LTE,6055.0
2025-11-22 17:40:15.704000-05:00,41.6990021,-86.2332118,64957d65,T-Mobile,Bowl,NR,
2025-11-22 17:40:19.267000-05:00,41.6984583,-86.2344309,a0654bd3,AT&T,Bowl,LTE,6215.0
2025-11-22 17:40:20.525000-05:00,41.6983712,-86.233273,7c36e7df,Verizon,Bowl,LTE,6055.0
2025-11-22 17:40:20.704000-05:00,41.6990022,-86.2332114,64957d65,T-Mobile,Bowl,NR,
2025-11-22 17:40:24.272000-05:00,41.6984586,-86.2344348,a0654bd3,AT&T,Bowl,LTE,6215.0
2025-11-22 17:40:25.520000-05:00,41.6983727,-86.2332838,7c36e7df,Verizon,Bowl,LTE,6055.0
2025-11-22 17:40:25.711000-05:00,41.6990024,-86.2332111,64957d65,T-Mobile,Bowl,NR,
2025-11-22 17:40:29.275000-05:00,41.6984586,-86.2344348,a0654bd3,AT&T,Bowl,LTE,6215.0
2025-11-22 17:40:30.529000-05:00,41.69837,-86.2332844,7c36e7df,Verizon,Bowl,LTE,6055.0
2025-11-22 17:40:30.708000-05:00,41.699004,-86.2332101,64957d65,T-Mobile,Bowl,NR,
2025-11-22 17:40:34.269000-05:00,41.6984588,-86.2344346,a0654bd3,AT&T,Bowl,LTE,6215.0
2025-11-22 17:40:35.526000-05:00,41.6983689,-86.2332816,7c36e7df,Verizon,Bowl,LTE,6055.0
2025-11-22 17:40:35.707000-05:00,41.6990046,-86.2332112,64957d65,T-Mobile,Bowl,NR,
2025-11-22 17:40:39.269000-05:00,41.6984589,-86.2344344,a0654bd3,AT&T,Bowl,LTE,6215.0
2025-11-22 17:40:40.527000-05:00,41.6983702,-86.2332879,7c36e7df,Verizon,Bowl,LTE,6055.0
2025-11-22 17:40:40.713000-05:00,41.6990075,-86.2332099,64957d65,T-Mobile,Bowl,NR,
2025-11-22 17:40:44.274000-05:00,41.6984575,-86.2344325,a0654bd3,AT&T,Bowl,LTE,6215.0
2025-11-22 17:40:45.528000-05:00,41.6983684,-86.2332876,7c36e7df,Verizon,Bowl,LTE,6055.0
2025-11-22 17:40:45.711000-05:00,41.6990069,-86.2332117,64957d65,T-Mobile,Bowl,NR,
2025-11-22 17:40:49.270000-05:00,41.6984598,-86.2344303,a0654bd3,AT&T,Bowl,LTE,6215.0
2025-11-22 17:40:50.529000-05:00,41.6983676,-86.2332836,7c36e7df,Verizon,Bowl,LTE,6055.0
2025-11-22 17:40:50.712000-05:00,41.6990097,-86.233213,64957d65,T-Mobile,Bowl,NR,
2025-11-22 17:40:54.269000-05:00,41.6984598,-86.2344303,a0654bd3,AT&T,Bowl,LTE,6215.0
2025-11-22 17:40:55.528000-05:00,41.6983674,-86.2332841,7c36e7df,Verizon,Bowl,LTE,6055.0
2025-11-22 17:40:55.714000-05:00,41.6990094,-86.2332143,64957d65,T-Mobile,Bowl,NR,6375.0
2025-11-22 17:40:59.272000-05:00,41.6984595,-86.2344303,a0654bd3,AT&T,Bowl,LTE,6215.0
2025-11-22 17:41:00.527000-05:00,41.6983674,-86.2332842,7c36e7df,Verizon,Bowl,LTE,6055.0
2025-11-22 17:41:00.713000-05:00,41.699009,-86.2332135,64957d65,T-Mobile,Bowl,NR,6375.0
2025-11-22 17:41:04.265000-05:00,41.6984593,-86.2344298,a0654bd3,AT&T,Bowl,LTE,6215.0
2025-11-22 17:41:05.605000-05:00,41.6983674,-86.2332844,7c36e7df,Verizon,Bowl,LTE,6055.0
2025-11-22 17:41:05.706000-05:00,41.6990088,-86.2332125,64957d65,T-Mobile,Bowl,NR,6375.0
2025-11-22 17:41:09.272000-05:00,41.6984619,-86.2344713,a0654bd3,AT&T,Bowl,LTE,6215.0
2025-11-22 17:41:10.526000-05:00,41.6983674,-86.2332845,7c36e7df,Verizon,Bowl,LTE,6055.0
2025-11-22 17:41:10.716000-05:00,41.6990059,-86.2332138,64957d65,T-Mobile,Bowl,NR,6375.0
2025-11-22 17:41:14.317000-05:00,41.6984637,-86.2344655,a0654bd3,AT&T,Bowl,LTE,6215.0
2025-11-22 17:41:15.529000-05:00,41.6983672,-86.2332847,7c36e7df,Verizon,Bowl,LTE,6055.0
2025-11-22 17:41:15.714000-05:00,41.6990074,-86.2332121,64957d65,T-Mobile,Bowl,LTE,6375.0
2025-11-22 17:41:19.271000-05:00,41.6984627,-86.2344632,a0654bd3,AT&T,Bowl,LTE,6215.0
2025-11-22 17:41:20.527000-05:00,41.6983677,-86.2332851,7c36e7df,Verizon,Bowl,LTE,6055.0
2025-11-22 17:41:20.715000-05:00,41.6990063,-86.2332142,64957d65,T-Mobile,Bowl,LTE,6375.0
2025-11-22 17:41:24.267000-05:00,41.6984629,-86.2344623,a0654bd3,AT&T,Bowl,LTE,6215.0
2025-11-22 17:41:25.527000-05:00,41.6983689,-86.2332874,7c36e7df,Verizon,Bowl,LTE,6055.0
2025-11-22 17:41:25.721000-05:00,41.6990055,-86.2332119,64957d65,T-Mobile,Bowl,LTE,6375.0
2025-11-22 17:41:29.280000-05:00,41.6984647,-86.234473,a0654bd3,AT&T,Bowl,LTE,6375.0
2025-11-22 17:41:30.522000-05:00,41.6983709,-86.2332867,7c36e7df,Verizon,Bowl,LTE,6055.0
2025-11-22 17:41:30.719000-05:00,41.6990054,-86.2332118,64957d65,T-Mobile,Bowl,LTE,6375.0
2025-11-22 17:41:34.273000-05:00,41.6984638,-86.234464,a0654bd3,AT&T,Bowl,LTE,6375.0
2025-11-22 17:41:35.529000-05:00,41.6983713,-86.2332866,7c36e7df,Verizon,Bowl,LTE,6055.0
2025-11-22 17:41:35.720000-05:00,41.6990054,-86.2332116,64957d65,T-Mobile,Bowl,NR,6375.0
2025-11-22 17:41:39.275000-05:00,41.6984621,-86.2344584,a0654bd3,AT&T,Bowl,LTE,6375.0
2025-11-22 17:41:40.560000-05:00,41.6983712,-86.2332864,7c36e7df,Verizon,Bowl,LTE,6055.0
2025-11-22 17:41:40.718000-05:00,41.6990049,-86.2332119,64957d65,T-Mobile,Bowl,NR,6375.0
2025-11-22 17:41:44.276000-05:00,41.6984567,-86.2344559,a0654bd3,AT&T,Bowl,LTE,
2025-11-22 17:41:45.583000-05:00,41.6983665,-86.233264,7c36e7df,Verizon,Bowl,LTE,6055.0
2025-11-22 17:41:45.718000-05:00,41.6990049,-86.2332119,64957d65,T-Mobile,Bowl,NR,6375.0
2025-11-22 17:41:50.537000-05:00,41.6983727,-86.2332664,7c36e7df,Verizon,Bowl,LTE,6055.0
2025-11-22 17:41:50.725000-05:00,41.6990056,-86.2332133,64957d65,T-Mobile,Bowl,NR,6375.0
2025-11-22 17:41:55.545000-05:00,41.6983724,-86.2332667,7c36e7df,Verizon,Bowl,LTE,6055.0
2025-11-22 17:41:55.720000-05:00,41.6990057,-86.2332125,64957d65,T-Mobile,Bowl,NR,6375.0
2025-11-22 17:42:00.528000-05:00,41.6983727,-86.2332614,7c36e7df,Verizon,Bowl,LTE,6055.0
2025-11-22 17:42:00.724000-05:00,41.6990056,-86.233213,64957d65,T-Mobile,Bowl,NR,6375.0
2025-11-22 17:42:05.533000-05:00,41.6983677,-86.2332647,7c36e7df,Verizon,Bowl,LTE,6055.0
2025-11-22 17:42:05.720000-05:00,41.6990052,-86.2332132,64957d65,T-Mobile,Bowl,NR,6375.0
2025-11-22 17:42:10.673000-05:00,41.6983677,-86.2332651,7c36e7df,Verizon,Bowl,LTE,
2025-11-22 17:42:10.725000-05:00,41.6990055,-86.233213,64957d65,T-Mobile,Bowl,NR,6375.0
2025-11-22 17:42:15.525000-05:00,41.6983677,-86.2332652,7c36e7df,Verizon,Bowl,LTE,
2025-11-22 17:42:15.725000-05:00,41.6990054,-86.2332131,64957d65,T-Mobile,Bowl,NR,6375.0
2025-11-22 17:42:20.524000-05:00,41.6983678,-86.2332652,7c36e7df,Verizon,Bowl,LTE,
2025-11-22 17:42:20.723000-05:00,41.6990054,-86.2332136,64957d65,T-Mobile,Bowl,NR,6375.0
2025-11-22 17:42:25.532000-05:00,41.6983678,-86.2332653,7c36e7df,Verizon,Bowl,LTE,
2025-11-22 17:42:25.723000-05:00,41.6990059,-86.2332135,64957d65,T-Mobile,Bowl,NR,6375.0
2025-11-22 17:42:30.524000-05:00,41.6983688,-86.2332688,7c36e7df,Verizon,Bowl,LTE,
2025-11-22 17:42:30.723000-05:00,41.6990061,-86.2332135,64957d65,T-Mobile,Bowl,NR,6375.0
2025-11-22 17:42:35.531000-05:00,41.6983669,-86.2332733,7c36e7df,Verizon,Bowl,LTE,
2025-11-22 17:42:35.724000-05:00,41.6990058,-86.2332137,64957d65,T-Mobile,Bowl,NR,6375.0
2025-11-22 17:42:40.531000-05:00,41.698365,-86.2332728,7c36e7df,Verizon,Bowl,LTE,
2025-11-22 17:42:40.729000-05:00,41.6990057,-86.2332144,64957d65,T-Mobile,Bowl,NR,6375.0
2025-11-22 17:42:41.697000-05:00,41.6984503,-86.2347357,a0654bd3,AT&T,Bowl,LTE,
2025-11-22 17:42:45.531000-05:00,41.6983623,-86.2332736,7c36e7df,Verizon,Bowl,LTE,
2025-11-22 17:42:45.725000-05:00,41.6990068,-86.2332138,64957d65,T-Mobile,Bowl,NR,6375.0
2025-11-22 17:42:47.106000-05:00,41.6984503,-86.2347357,a0654bd3,AT&T,Bowl,LTE,
2025-11-22 17:42:50.526000-05:00,41.6983613,-86.2332728,7c36e7df,Verizon,Bowl,LTE,
2025-11-22 17:42:50.723000-05:00,41.6990074,-86.2332126,64957d65,T-Mobile,Bowl,NR,6375.0
2025-11-22 17:42:52.129000-05:00,41.6984503,-86.2347278,a0654bd3,AT&T,Bowl,LTE,
2025-11-22 17:42:55.527000-05:00,41.6983634,-86.2332726,7c36e7df,Verizon,Bowl,NR-NSA,
2025-11-22 17:42:55.727000-05:00,41.6990071,-86.2332129,64957d65,T-Mobile,Bowl,NR,6375.0
2025-11-22 17:42:57.122000-05:00,41.6984521,-86.2347218,a0654bd3,AT&T,Bowl,LTE,
2025-11-22 17:43:00.531000-05:00,41.698367,-86.2332733,7c36e7df,Verizon,Bowl,LTE,
2025-11-22 17:43:00.728000-05:00,41.6990071,-86.233213,64957d65,T-Mobile,Bowl,NR,6375.0
2025-11-22 17:43:02.134000-05:00,41.6984508,-86.2347206,a0654bd3,AT&T,Bowl,LTE,
2025-11-22 17:43:05.530000-05:00,41.6983671,-86.2332735,7c36e7df,Verizon,Bowl,LTE,
2025-11-22 17:43:05.732000-05:00,41.6990074,-86.2332128,64957d65,T-Mobile,Bowl,NR,6375.0
2025-11-22 17:43:07.123000-05:00,41.6984509,-86.2347199,a0654bd3,AT&T,Bowl,LTE,
2025-11-22 17:43:10.531000-05:00,41.698367,-86.2332738,7c36e7df,Verizon,Bowl,LTE,
2025-11-22 17:43:10.728000-05:00,41.6990068,-86.2332131,64957d65,T-Mobile,Bowl,NR,6375.0
2025-11-22 17:43:12.123000-05:00,41.698451,-86.2347258,a0654bd3,AT&T,Bowl,LTE,
2025-11-22 17:43:15.526000-05:00,41.6983669,-86.233274,7c36e7df,Verizon,Bowl,LTE,
2025-11-22 17:43:15.732000-05:00,41.6989991,-86.2332083,64957d65,T-Mobile,Bowl,NR,6375.0
2025-11-22 17:43:17.116000-05:00,41.6984511,-86.234725,a0654bd3,AT&T,Bowl,LTE,
2025-11-22 17:43:20.532000-05:00,41.6983669,-86.2332739,7c36e7df,Verizon,Bowl,LTE,
2025-11-22 17:43:20.730000-05:00,41.6989994,-86.2332082,64957d65,T-Mobile,Bowl,NR,6375.0
2025-11-22 17:43:22.127000-05:00,41.6984542,-86.2347325,a0654bd3,AT&T,Bowl,LTE,
2025-11-22 17:43:25.533000-05:00,41.6983668,-86.2332738,7c36e7df,Verizon,Bowl,LTE,
2025-11-22 17:43:25.725000-05:00,41.6989993,-86.2332085,64957d65,T-Mobile,Bowl,NR,6375.0
2025-11-22 17:43:27.126000-05:00,41.698454,-86.2347314,a0654bd3,AT&T,Bowl,LTE,
2025-11-22 17:43:30.526000-05:00,41.6983667,-86.233274,7c36e7df,Verizon,Bowl,LTE,
2025-11-22 17:43:30.727000-05:00,41.6990019,-86.2332087,64957d65,T-Mobile,Bowl,NR,6375.0
2025-11-22 17:43:32.125000-05:00,41.6984538,-86.2347208,a0654bd3,AT&T,Bowl,LTE,
2025-11-22 17:43:35.536000-05:00,41.6983666,-86.2332744,7c36e7df,Verizon,Bowl,LTE,
2025-11-22 17:43:35.735000-05:00,41.6989997,-86.2332095,64957d65,T-Mobile,Bowl,NR,6375.0
2025-11-22 17:43:37.128000-05:00,41.6984562,-86.234716,a0654bd3,AT&T,Bowl,LTE,
2025-11-22 17:43:40.544000-05:00,41.6983667,-86.2332745,7c36e7df,Verizon,Bowl,LTE,
2025-11-22 17:43:40.732000-05:00,41.6989996,-86.2332094,64957d65,T-Mobile,Bowl,NR,6375.0
2025-11-22 17:43:42.124000-05:00,41.6984625,-86.2347172,a0654bd3,AT&T,Bowl,LTE,
2025-11-22 17:43:45.533000-05:00,41.6983667,-86.2332745,7c36e7df,Verizon,Bowl,LTE,
2025-11-22 17:43:45.719000-05:00,41.6989972,-86.2332116,64957d65,T-Mobile,Bowl,NR,6375.0
2025-11-22 17:43:47.127000-05:00,41.6984656,-86.2347172,a0654bd3,AT&T,Bowl,LTE,
2025-11-22 17:43:50.536000-05:00,41.6983684,-86.233259,7c36e7df,Verizon,Bowl,LTE,
2025-11-22 17:43:50.733000-05:00,41.698999,-86.233209,64957d65,T-Mobile,Bowl,LTE,6375.0
2025-11-22 17:43:52.118000-05:00,41.6984688,-86.2347174,a0654bd3,AT&T,Bowl,NR-NSA,
2025-11-22 17:43:55.534000-05:00,41.6983693,-86.2332586,7c36e7df,Verizon,Bowl,LTE,
2025-11-22 17:43:55.729000-05:00,41.6989989,-86.2332088,64957d65,T-Mobile,Bowl,LTE,6375.0
2025-11-22 17:43:57.125000-05:00,41.6984685,-86.2347167,a0654bd3,AT&T,Bowl,NR-NSA,
2025-11-22 17:44:00.537000-05:00,41.6983694,-86.233259,7c36e7df,Verizon,Bowl,LTE,
2025-11-22 17:44:00.729000-05:00,41.6989987,-86.2332094,64957d65,T-Mobile,Bowl,LTE,6375.0
2025-11-22 17:44:02.122000-05:00,41.6984665,-86.2347251,a0654bd3,AT&T,Bowl,NR-NSA,
2025-11-22 17:44:05.536000-05:00,41.6983693,-86.2332594,7c36e7df,Verizon,Bowl,LTE,
2025-11-22 17:44:05.733000-05:00,41.6989989,-86.2332092,64957d65,T-Mobile,Bowl,LTE,6375.0
2025-11-22 17:44:07.120000-05:00,41.6984652,-86.2347224,a0654bd3,AT&T,Bowl,NR-NSA,
2025-11-22 17:44:10.538000-05:00,41.6983693,-86.2332594,7c36e7df,Verizon,Bowl,LTE,
2025-11-22 17:44:10.732000-05:00,41.6989992,-86.2332058,64957d65,T-Mobile,Bowl,LTE,6375.0
2025-11-22 17:44:12.123000-05:00,41.6984757,-86.2347086,a0654bd3,AT&T,Bowl,NR-NSA,
2025-11-22 17:44:15.535000-05:00,41.6983693,-86.2332595,7c36e7df,Verizon,Bowl,LTE,
2025-11-22 17:44:15.730000-05:00,41.6989986,-86.2332062,64957d65,T-Mobile,Bowl,LTE,6375.0
2025-11-22 17:44:17.123000-05:00,41.698473,-86.2347222,a0654bd3,AT&T,Bowl,NR-NSA,
2025-11-22 17:44:20.545000-05:00,41.6983693,-86.2332596,7c36e7df,Verizon,Bowl,LTE,
2025-11-22 17:44:20.729000-05:00,41.6989985,-86.2332073,64957d65,T-Mobile,Bowl,LTE,6375.0
2025-11-22 17:44:22.124000-05:00,41.6984678,-86.2347163,a0654bd3,AT&T,Bowl,NR-NSA,
2025-11-22 17:44:25.544000-05:00,41.6983693,-86.2332599,7c36e7df,Verizon,Bowl,LTE,
2025-11-22 17:44:25.732000-05:00,41.6989985,-86.2332082,64957d65,T-Mobile,Bowl,LTE,6375.0
2025-11-22 17:44:27.127000-05:00,41.6984525,-86.2346949,a0654bd3,AT&T,Bowl,NR-NSA,
2025-11-22 17:44:30.538000-05:00,41.6983691,-86.23326,7c36e7df,Verizon,Bowl,LTE,
2025-11-22 17:44:30.734000-05:00,41.6989979,-86.2332074,64957d65,T-Mobile,Bowl,LTE,6375.0
2025-11-22 17:44:32.137000-05:00,41.6984548,-86.2346879,a0654bd3,AT&T,Bowl,NR-NSA,
2025-11-22 17:44:35.540000-05:00,41.698369,-86.2332601,7c36e7df,Verizon,Bowl,LTE,
2025-11-22 17:44:35.737000-05:00,41.6989978,-86.2332074,64957d65,T-Mobile,Bowl,LTE,6375.0
2025-11-22 17:44:37.127000-05:00,41.6984543,-86.2346963,a0654bd3,AT&T,Bowl,NR-NSA,
2025-11-22 17:44:40.539000-05:00,41.6983689,-86.2332603,7c36e7df,Verizon,Bowl,LTE,
2025-11-22 17:44:40.731000-05:00,41.698998,-86.2332076,64957d65,T-Mobile,Bowl,LTE,6375.0
2025-11-22 17:44:42.127000-05:00,41.6984587,-86.2346952,a0654bd3,AT&T,Bowl,LTE,
2025-11-22 17:44:45.541000-05:00,41.6983688,-86.2332605,7c36e7df,Verizon,Bowl,LTE,
2025-11-22 17:44:45.733000-05:00,41.698998,-86.2332061,64957d65,T-Mobile,Bowl,LTE,6375.0
2025-11-22 17:44:47.143000-05:00,41.6984662,-86.2347205,a0654bd3,AT&T,Bowl,LTE,
2025-11-22 17:44:50.540000-05:00,41.6983685,-86.2332606,7c36e7df,Verizon,Bowl,LTE,
2025-11-22 17:44:50.734000-05:00,41.6989978,-86.2332073,64957d65,T-Mobile,Bowl,LTE,6375.0
2025-11-22 17:44:52.133000-05:00,41.698502,-86.2347097,a0654bd3,AT&T,Bowl,LTE,
2025-11-22 17:44:55.546000-05:00,41.6983682,-86.2332607,7c36e7df,Verizon,Bowl,LTE,
2025-11-22 17:44:55.731000-05:00,41.6989974,-86.2332092,64957d65,T-Mobile,Bowl,LTE,6375.0
2025-11-22 17:44:57.131000-05:00,41.6984858,-86.2347041,a0654bd3,AT&T,Bowl,LTE,
2025-11-22 17:45:00.550000-05:00,41.6983679,-86.2332607,7c36e7df,Verizon,Bowl,LTE,
2025-11-22 17:45:00.739000-05:00,41.6989972,-86.2332114,64957d65,T-Mobile,Bowl,LTE,6375.0
2025-11-22 17:45:02.134000-05:00,41.6984832,-86.2347027,a0654bd3,AT&T,Bowl,LTE,
2025-11-22 17:45:05.544000-05:00,41.6983677,-86.2332607,7c36e7df,Verizon,Bowl,LTE,
2025-11-22 17:45:05.726000-05:00,41.6989996,-86.2332065,64957d65,T-Mobile,Bowl,LTE,6375.0
2025-11-22 17:45:07.136000-05:00,41.6984832,-86.234703,a0654bd3,AT&T,Bowl,LTE,6775.0
2025-11-22 17:45:10.547000-05:00,41.6983676,-86.2332609,7c36e7df,Verizon,Bowl,LTE,
2025-11-22 17:45:10.724000-05:00,41.698999,-86.2332076,64957d65,T-Mobile,Bowl,LTE,6375.0
2025-11-22 17:45:12.133000-05:00,41.6984835,-86.2346986,a0654bd3,AT&T,Bowl,LTE,6775.0
2025-11-22 17:45:15.548000-05:00,41.6983673,-86.2332611,7c36e7df,Verizon,Bowl,LTE,
2025-11-22 17:45:15.724000-05:00,41.6989987,-86.2332091,64957d65,T-Mobile,Bowl,LTE,6375.0
2025-11-22 17:45:17.142000-05:00,41.6984782,-86.2346975,a0654bd3,AT&T,Bowl,LTE,6775.0
2025-11-22 17:45:20.550000-05:00,41.6983672,-86.233261,7c36e7df,Verizon,Bowl,LTE,
2025-11-22 17:45:20.759000-05:00,41.6989995,-86.2331993,64957d65,T-Mobile,Bowl,LTE,6375.0
2025-11-22 17:45:22.125000-05:00,41.6984777,-86.2346932,a0654bd3,AT&T,Bowl,LTE,6775.0
2025-11-22 17:45:25.537000-05:00,41.6983671,-86.2332609,7c36e7df,Verizon,Bowl,LTE,
2025-11-22 17:45:25.728000-05:00,41.6990008,-86.2331898,64957d65,T-Mobile,Bowl,LTE,6375.0
2025-11-22 17:45:27.132000-05:00,41.6984784,-86.2346907,a0654bd3,AT&T,Bowl,LTE,6775.0
2025-11-22 17:45:30.735000-05:00,41.6990016,-86.2331897,64957d65,T-Mobile,Bowl,LTE,6375.0
2025-11-22 17:45:32.130000-05:00,41.6984775,-86.2346897,a0654bd3,AT&T,Bowl,LTE,6775.0
2025-11-22 17:45:35.736000-05:00,41.6990026,-86.2331919,64957d65,T-Mobile,Bowl,LTE,6375.0
2025-11-22 17:45:37.135000-05:00,41.6984722,-86.2346924,a0654bd3,AT&T,Bowl,LTE,6775.0
2025-11-22 17:45:40.725000-05:00,41.6990043,-86.2331924,64957d65,T-Mobile,Bowl,LTE,6375.0
2025-11-22 17:45:42.139000-05:00,41.6984719,-86.2346927,a0654bd3,AT&T,Bowl,LTE,6775.0
2025-11-22 17:45:45.741000-05:00,41.699002,-86.2331923,64957d65,T-Mobile,Bowl,LTE,6375.0
2025-11-22 17:45:47.138000-05:00,41.698472,-86.2346943,a0654bd3,AT&T,Bowl,LTE,6775.0
2025-11-22 17:45:50.745000-05:00,41.6990032,-86.2331935,64957d65,T-Mobile,Bowl,LTE,6375.0
2025-11-22 17:45:52.132000-05:00,41.6984729,-86.2346905,a0654bd3,AT&T,Bowl,LTE,6775.0
2025-11-22 17:45:55.743000-05:00,41.6990043,-86.2331937,64957d65,T-Mobile,Bowl,NR,6375.0
2025-11-22 17:45:57.138000-05:00,41.6984726,-86.23469,a0654bd3,AT&T,Bowl,LTE,6775.0
2025-11-22 17:45:59.196000-05:00,41.6983133,-86.2331332,7c36e7df,Verizon,Bowl,LTE,
2025-11-22 17:46:00.738000-05:00,41.699005,-86.2331946,64957d65,T-Mobile,Bowl,NR,6375.0
2025-11-22 17:46:02.131000-05:00,41.6984725,-86.2346896,a0654bd3,AT&T,Bowl,LTE,6775.0
2025-11-22 17:46:04.205000-05:00,41.6983141,-86.2331338,7c36e7df,Verizon,Bowl,LTE,
2025-11-22 17:46:05.734000-05:00,41.6990068,-86.2331992,64957d65,T-Mobile,Bowl,NR,6375.0
2025-11-22 17:46:07.134000-05:00,41.6984724,-86.2346891,a0654bd3,AT&T,Bowl,LTE,6775.0
2025-11-22 17:46:09.202000-05:00,41.6983158,-86.2331422,7c36e7df,Verizon,Bowl,LTE,
2025-11-22 17:46:10.726000-05:00,41.6990066,-86.2332042,64957d65,T-Mobile,Bowl,NR,6375.0
2025-11-22 17:46:12.142000-05:00,41.6984723,-86.2346885,a0654bd3,AT&T,Bowl,LTE,6775.0
2025-11-22 17:46:14.200000-05:00,41.6983161,-86.2331373,7c36e7df,Verizon,Bowl,LTE,
2025-11-22 17:46:15.737000-05:00,41.6990078,-86.2332037,64957d65,T-Mobile,Bowl,NR,6375.0
2025-11-22 17:46:17.135000-05:00,41.6984718,-86.2346885,a0654bd3,AT&T,Bowl,LTE,6775.0
2025-11-22 17:46:19.203000-05:00,41.6983203,-86.2331386,7c36e7df,Verizon,Bowl,LTE,
2025-11-22 17:46:20.732000-05:00,41.6990078,-86.2332038,64957d65,T-Mobile,Bowl,NR,6375.0
2025-11-22 17:46:22.146000-05:00,41.6984785,-86.2346844,a0654bd3,AT&T,Bowl,LTE,6775.0
2025-11-22 17:46:24.203000-05:00,41.6983224,-86.2331401,7c36e7df,Verizon,Bowl,NR-NSA,
2025-11-22 17:46:25.802000-05:00,41.6990081,-86.2332041,64957d65,T-Mobile,Bowl,NR,6375.0
2025-11-22 17:46:27.132000-05:00,41.6984784,-86.2346841,a0654bd3,AT&T,Bowl,LTE,6775.0
2025-11-22 17:46:29.203000-05:00,41.6983231,-86.2331388,7c36e7df,Verizon,Bowl,NR-NSA,
2025-11-22 17:46:30.740000-05:00,41.6990079,-86.233204,64957d65,T-Mobile,Bowl,NR,6375.0
2025-11-22 17:46:32.134000-05:00,41.6984795,-86.2346807,a0654bd3,AT&T,Bowl,LTE,6775.0
2025-11-22 17:46:34.208000-05:00,41.6983227,-86.2331375,7c36e7df,Verizon,Bowl,NR-NSA,
2025-11-22 17:46:35.762000-05:00,41.6990081,-86.2332042,64957d65,T-Mobile,Bowl,NR,6375.0
2025-11-22 17:46:37.139000-05:00,41.6984817,-86.2346852,a0654bd3,AT&T,Bowl,LTE,6775.0
2025-11-22 17:46:39.202000-05:00,41.6983248,-86.2331382,7c36e7df,Verizon,Bowl,NR-NSA,
2025-11-22 17:46:40.739000-05:00,41.6990081,-86.2332043,64957d65,T-Mobile,Bowl,NR,6375.0
2025-11-22 17:46:42.175000-05:00,41.6984782,-86.234692,a0654bd3,AT&T,Bowl,LTE,6775.0
2025-11-22 17:46:44.208000-05:00,41.6983254,-86.2331376,7c36e7df,Verizon,Bowl,NR-NSA,
2025-11-22 17:46:45.746000-05:00,41.6990081,-86.2332043,64957d65,T-Mobile,Bowl,NR,6375.0
2025-11-22 17:46:47.140000-05:00,41.6984819,-86.2346931,a0654bd3,AT&T,Bowl,LTE,6775.0
2025-11-22 17:46:49.207000-05:00,41.6983245,-86.2331379,7c36e7df,Verizon,Bowl,LTE,
2025-11-22 17:46:50.743000-05:00,41.6990092,-86.2332065,64957d65,T-Mobile,Bowl,NR,6375.0
2025-11-22 17:46:52.142000-05:00,41.6984748,-86.2346877,a0654bd3,AT&T,Bowl,LTE,6775.0
2025-11-22 17:46:54.208000-05:00,41.6983279,-86.2331367,7c36e7df,Verizon,Bowl,LTE,
2025-11-22 17:46:55.744000-05:00,41.6990084,-86.2332061,64957d65,T-Mobile,Bowl,NR,6375.0
2025-11-22 17:46:57.143000-05:00,41.6984746,-86.2346878,a0654bd3,AT&T,Bowl,LTE,6775.0
2025-11-22 17:46:59.203000-05:00,41.6983256,-86.2331396,7c36e7df,Verizon,Bowl,LTE,
2025-11-22 17:47:00.745000-05:00,41.6990051,-86.2331977,64957d65,T-Mobile,Bowl,NR,6375.0
2025-11-22 17:47:02.139000-05:00,41.6984748,-86.234696,a0654bd3,AT&T,Bowl,LTE,6775.0
2025-11-22 17:47:04.209000-05:00,41.6983273,-86.2331501,7c36e7df,Verizon,Bowl,LTE,
2025-11-22 17:47:05.739000-05:00,41.6990046,-86.2331988,64957d65,T-Mobile,Bowl,NR,6375.0
2025-11-22 17:47:07.132000-05:00,41.6984747,-86.2346955,a0654bd3,AT&T,Bowl,LTE,6775.0
2025-11-22 17:47:09.204000-05:00,41.6983258,-86.2331424,7c36e7df,Verizon,Bowl,LTE,
2025-11-22 17:47:12.141000-05:00,41.6984747,-86.2346957,a0654bd3,AT&T,Bowl,LTE,6775.0
2025-11-22 17:47:14.213000-05:00,41.6983247,-86.2331461,7c36e7df,Verizon,Bowl,LTE,
2025-11-22 17:47:17.140000-05:00,41.6984746,-86.2346957,a0654bd3,AT&T,Bowl,LTE,6775.0
2025-11-22 17:47:19.214000-05:00,41.6983272,-86.2331505,7c36e7df,Verizon,Bowl,LTE,
2025-11-22 17:47:22.141000-05:00,41.6984737,-86.2346923,a0654bd3,AT&T,Bowl,LTE,6775.0
2025-11-22 17:47:24.208000-05:00,41.6983272,-86.2331498,7c36e7df,Verizon,Bowl,NR-NSA,
2025-11-22 17:47:27.149000-05:00,41.698473,-86.2346912,a0654bd3,AT&T,Bowl,LTE,6775.0
2025-11-22 17:47:29.208000-05:00,41.698329,-86.2331467,7c36e7df,Verizon,Bowl,NR-NSA,
2025-11-22 17:47:32.145000-05:00,41.6984739,-86.2346913,a0654bd3,AT&T,Bowl,LTE,6775.0
2025-11-22 17:47:34.217000-05:00,41.6983311,-86.2331532,7c36e7df,Verizon,Bowl,NR-NSA,
2025-11-22 17:47:37.144000-05:00,41.6984738,-86.2346906,a0654bd3,AT&T,Bowl,LTE,
2025-11-22 17:47:39.202000-05:00,41.698333,-86.2331576,7c36e7df,Verizon,Bowl,NR-NSA,
2025-11-22 17:47:42.149000-05:00,41.6984738,-86.2346902,a0654bd3,AT&T,Bowl,LTE,
2025-11-22 17:47:44.213000-05:00,41.6983328,-86.2331594,7c36e7df,Verizon,Bowl,NR-NSA,
2025-11-22 17:47:49.218000-05:00,41.6983328,-86.2331598,7c36e7df,Verizon,Bowl,NR-NSA,
2025-11-22 17:47:54.217000-05:00,41.6983315,-86.2331633,7c36e7df,Verizon,Bowl,NR-NSA,
2025-11-22 17:47:59.211000-05:00,41.6983327,-86.2331626,7c36e7df,Verizon,Bowl,NR-NSA,
2025-11-22 17:48:04.214000-05:00,41.6983297,-86.2331619,7c36e7df,Verizon,Bowl,NR-NSA,
2025-11-22 17:48:09.213000-05:00,41.6983282,-86.2331664,7c36e7df,Verizon,Bowl,NR-NSA,
2025-11-22 17:48:14.217000-05:00,41.6983327,-86.2331646,7c36e7df,Verizon,Bowl,NR-NSA,
2025-11-22 17:48:19.214000-05:00,41.6983324,-86.2331648,7c36e7df,Verizon,Bowl,NR-NSA,
2025-11-22 17:48:24.212000-05:00,41.6983323,-86.2331647,7c36e7df,Verizon,Bowl,NR-NSA,
2025-11-22 17:48:29.219000-05:00,41.6983323,-86.2331645,7c36e7df,Verizon,Bowl,NR-NSA,
2025-11-22 17:48:34.214000-05:00,41.6983324,-86.2331646,7c36e7df,Verizon,Bowl,NR-NSA,
2025-11-22 17:48:39.208000-05:00,41.6983324,-86.2331647,7c36e7df,Verizon,Bowl,NR-NSA,
2025-11-22 17:48:44.223000-05:00,41.6983323,-86.2331648,7c36e7df,Verizon,Bowl,LTE,
2025-11-22 17:48:49.217000-05:00,41.6983323,-86.2331649,7c36e7df,Verizon,Bowl,LTE,
2025-11-22 17:48:54.227000-05:00,41.6983339,-86.2331636,7c36e7df,Verizon,Bowl,LTE,
2025-11-22 17:48:59.215000-05:00,41.6983338,-86.2331634,7c36e7df,Verizon,Bowl,LTE,
2025-11-22 17:49:04.213000-05:00,41.6983337,-86.2331632,7c36e7df,Verizon,Bowl,LTE,
2025-11-22 17:49:09.218000-05:00,41.6983337,-86.233163,7c36e7df,Verizon,Bowl,LTE,
2025-11-22 17:49:14.216000-05:00,41.6983339,-86.2331629,7c36e7df,Verizon,Bowl,NR-NSA,
2025-11-22 17:49:19.216000-05:00,41.6983338,-86.2331628,7c36e7df,Verizon,Bowl,NR-NSA,
2025-11-22 17:49:24.222000-05:00,41.6983325,-86.2331717,7c36e7df,Verizon,Bowl,LTE,
2025-11-22 17:49:29.226000-05:00,41.6983325,-86.2331714,7c36e7df,Verizon,Bowl,LTE,
2025-11-22 17:49:34.224000-05:00,41.6983324,-86.2331714,7c36e7df,Verizon,Bowl,LTE,
2025-11-22 17:49:39.223000-05:00,41.6983324,-86.2331713,7c36e7df,Verizon,Bowl,LTE,6215.0
2025-11-22 17:49:44.213000-05:00,41.6983294,-86.2331701,7c36e7df,Verizon,Bowl,LTE,6215.0
2025-11-22 17:49:49.220000-05:00,41.6983242,-86.2331734,7c36e7df,Verizon,Bowl,LTE,6215.0
2025-11-22 17:49:54.217000-05:00,41.6983238,-86.2331723,7c36e7df,Verizon,Bowl,LTE,6215.0
2025-11-22 17:49:59.219000-05:00,41.6983235,-86.2331715,7c36e7df,Verizon,Bowl,LTE,6215.0
2025-11-22 17:50:04.224000-05:00,41.6983239,-86.2331713,7c36e7df,Verizon,Bowl,LTE,6215.0
2025-11-22 17:50:09.222000-05:00,41.6983237,-86.233174,7c36e7df,Verizon,Bowl,LTE,6215.0
2025-11-22 17:50:14.220000-05:00,41.6983237,-86.2331745,7c36e7df,Verizon,Bowl,LTE,6215.0
2025-11-22 17:50:19.226000-05:00,41.6983236,-86.2331746,7c36e7df,Verizon,Bowl,LTE,6215.0
2025-11-22 17:50:24.232000-05:00,41.6983256,-86.2331746,7c36e7df,Verizon,Bowl,LTE,6215.0
2025-11-22 17:50:29.231000-05:00,41.6983244,-86.2331754,7c36e7df,Verizon,Bowl,LTE,6215.0
2025-11-22 17:50:34.224000-05:00,41.6983238,-86.2331744,7c36e7df,Verizon,Bowl,LTE,6215.0
2025-11-22 17:50:39.220000-05:00,41.6983239,-86.2331745,7c36e7df,Verizon,Bowl,LTE,6215.0
2025-11-22 17:50:44.219000-05:00,41.6983239,-86.2331744,7c36e7df,Verizon,Bowl,LTE,6215.0
2025-11-22 17:50:49.240000-05:00,41.6983239,-86.2331744,7c36e7df,Verizon,Bowl,LTE,6215.0
2025-11-22 17:50:54.226000-05:00,41.6983196,-86.2331731,7c36e7df,Verizon,Bowl,LTE,6215.0
2025-11-22 17:50:59.521000-05:00,41.6983213,-86.2331784,7c36e7df,Verizon,Bowl,LTE,6215.0
2025-11-22 17:51:04.505000-05:00,41.6983216,-86.2331783,7c36e7df,Verizon,Bowl,LTE,6215.0
2025-11-22 17:51:09.502000-05:00,41.6983219,-86.2331783,7c36e7df,Verizon,Bowl,LTE,6215.0
2025-11-22 17:51:14.506000-05:00,41.6983273,-86.2331719,7c36e7df,Verizon,Bowl,LTE,6215.0
2025-11-22 17:51:19.497000-05:00,41.6983282,-86.2331728,7c36e7df,Verizon,Bowl,LTE,6215.0
2025-11-22 17:51:24.499000-05:00,41.6983282,-86.2331726,7c36e7df,Verizon,Bowl,LTE,6215.0
2025-11-22 17:51:29.506000-05:00,41.6983282,-86.2331727,7c36e7df,Verizon,Bowl,LTE,6215.0
2025-11-22 17:51:34.504000-05:00,41.6983281,-86.2331729,7c36e7df,Verizon,Bowl,LTE,6215.0
2025-11-22 17:51:39.497000-05:00,41.6983281,-86.233173,7c36e7df,Verizon,Bowl,LTE,6215.0
2025-11-22 17:53:01.452000-05:00,41.6983479,-86.2333763,a0654bd3,AT&T,Bowl,LTE,
2025-11-22 17:53:07.101000-05:00,41.6983479,-86.2333763,a0654bd3,AT&T,Bowl,LTE,
2025-11-22 17:53:12.109000-05:00,41.6983452,-86.2333762,a0654bd3,AT&T,Bowl,LTE,
2025-11-22 17:53:17.109000-05:00,41.6983463,-86.2333699,a0654bd3,AT&T,Bowl,LTE,
2025-11-22 17:53:22.106000-05:00,41.6983458,-86.2333691,a0654bd3,AT&T,Bowl,LTE,
2025-11-22 17:53:27.106000-05:00,41.6983519,-86.2333815,a0654bd3,AT&T,Bowl,LTE,
2025-11-22 17:53:32.108000-05:00,41.6983515,-86.2333816,a0654bd3,AT&T,Bowl,LTE,
2025-11-22 17:53:37.101000-05:00,41.6983458,-86.233386,a0654bd3,AT&T,Bowl,LTE,
2025-11-22 17:53:37.596000-05:00,41.6989638,-86.2334459,7c36e7df,Verizon,Bowl,LTE,
2025-11-22 17:53:42.107000-05:00,41.6983444,-86.2333873,a0654bd3,AT&T,Bowl,NR-NSA,
2025-11-22 17:53:42.613000-05:00,41.698968,-86.2334404,7c36e7df,Verizon,Bowl,LTE,
2025-11-22 17:53:47.107000-05:00,41.6983437,-86.2333945,a0654bd3,AT&T,Bowl,NR-NSA,
2025-11-22 17:53:47.610000-05:00,41.6989685,-86.2334407,7c36e7df,Verizon,Bowl,LTE,6215.0
2025-11-22 17:53:52.111000-05:00,41.6983396,-86.2333846,a0654bd3,AT&T,Bowl,NR-NSA,
2025-11-22 17:53:52.605000-05:00,41.698969,-86.2334412,7c36e7df,Verizon,Bowl,LTE,6215.0
2025-11-22 17:53:57.110000-05:00,41.6983389,-86.2333812,a0654bd3,AT&T,Bowl,NR-NSA,
2025-11-22 17:53:57.607000-05:00,41.6989699,-86.2334403,7c36e7df,Verizon,Bowl,LTE,6215.0
2025-11-22 17:54:02.107000-05:00,41.6983391,-86.2333818,a0654bd3,AT&T,Bowl,NR-NSA,
2025-11-22 17:54:02.608000-05:00,41.6989703,-86.2334342,7c36e7df,Verizon,Bowl,LTE,6215.0
2025-11-22 17:54:07.112000-05:00,41.6983431,-86.233376,a0654bd3,AT&T,Bowl,LTE,
2025-11-22 17:54:07.616000-05:00,41.6989707,-86.2334363,7c36e7df,Verizon,Bowl,LTE,6215.0
2025-11-22 17:54:12.112000-05:00,41.6983438,-86.233377,a0654bd3,AT&T,Bowl,LTE,
2025-11-22 17:54:12.628000-05:00,41.698972,-86.2334356,7c36e7df,Verizon,Bowl,LTE,6215.0
2025-11-22 17:54:17.112000-05:00,41.6983434,-86.233374,a0654bd3,AT&T,Bowl,LTE,
2025-11-22 17:54:17.603000-05:00,41.6989727,-86.233434,7c36e7df,Verizon,Bowl,LTE,6215.0
2025-11-22 17:54:22.111000-05:00,41.6983428,-86.2333787,a0654bd3,AT&T,Bowl,LTE,
2025-11-22 17:54:22.615000-05:00,41.6989712,-86.2334323,7c36e7df,Verizon,Bowl,LTE,6215.0
2025-11-22 17:54:27.114000-05:00,41.6983421,-86.2333782,a0654bd3,AT&T,Bowl,LTE,
2025-11-22 17:54:27.618000-05:00,41.6989707,-86.2334351,7c36e7df,Verizon,Bowl,LTE,6215.0
2025-11-22 17:54:32.110000-05:00,41.6983472,-86.2333748,a0654bd3,AT&T,Bowl,LTE,
2025-11-22 17:54:32.606000-05:00,41.6989713,-86.23343,7c36e7df,Verizon,Bowl,Wi-Fi,6215.0
2025-11-22 17:54:37.111000-05:00,41.6983504,-86.2333571,a0654bd3,AT&T,Bowl,NR-NSA,
2025-11-22 17:54:37.611000-05:00,41.6989709,-86.2334265,7c36e7df,Verizon,Bowl,Wi-Fi,6215.0
2025-11-22 17:54:42.108000-05:00,41.6983509,-86.2333594,a0654bd3,AT&T,Bowl,NR-NSA,
2025-11-22 17:54:42.614000-05:00,41.6989734,-86.2334237,7c36e7df,Verizon,Bowl,Wi-Fi,6215.0
2025-11-22 17:54:47.111000-05:00,41.6983487,-86.2333569,a0654bd3,AT&T,Bowl,NR-NSA,
2025-11-22 17:54:47.628000-05:00,41.6989711,-86.2334197,7c36e7df,Verizon,Bowl,Wi-Fi,6215.0
2025-11-22 17:54:52.108000-05:00,41.6983528,-86.2333597,a0654bd3,AT&T,Bowl,NR-NSA,
2025-11-22 17:54:52.642000-05:00,41.6989741,-86.2334286,7c36e7df,Verizon,Bowl,Wi-Fi,6215.0
2025-11-22 17:54:57.111000-05:00,41.6983475,-86.2333705,a0654bd3,AT&T,Bowl,NR-NSA,
2025-11-22 17:54:57.622000-05:00,41.6989696,-86.233427,7c36e7df,Verizon,Bowl,Wi-Fi,6215.0
2025-11-22 17:55:02.114000-05:00,41.6983465,-86.2333709,a0654bd3,AT&T,Bowl,NR-NSA,
2025-11-22 17:55:02.614000-05:00,41.6989676,-86.233429,7c36e7df,Verizon,Bowl,Wi-Fi,6215.0
2025-11-22 17:55:07.112000-05:00,41.6983466,-86.2333704,a0654bd3,AT&T,Bowl,LTE,
2025-11-22 17:55:07.620000-05:00,41.6989671,-86.2334288,7c36e7df,Verizon,Bowl,Wi-Fi,6215.0
2025-11-22 17:55:12.116000-05:00,41.6983451,-86.2333697,a0654bd3,AT&T,Bowl,LTE,
2025-11-22 17:55:12.613000-05:00,41.6989624,-86.2334269,7c36e7df,Verizon,Bowl,Wi-Fi,6215.0
2025-11-22 17:55:17.120000-05:00,41.6983448,-86.2333704,a0654bd3,AT&T,Bowl,NR-NSA,
2025-11-22 17:55:17.622000-05:00,41.6989606,-86.2334251,7c36e7df,Verizon,Bowl,Wi-Fi,6215.0
2025-11-22 17:55:22.111000-05:00,41.6983357,-86.2333709,a0654bd3,AT&T,Bowl,LTE,
2025-11-22 17:55:22.607000-05:00,41.6989611,-86.2334255,7c36e7df,Verizon,Bowl,Wi-Fi,6215.0
2025-11-22 17:55:27.116000-05:00,41.6983319,-86.2333911,a0654bd3,AT&T,Bowl,LTE,
2025-11-22 17:55:27.619000-05:00,41.69896,-86.2334267,7c36e7df,Verizon,Bowl,Wi-Fi,6215.0
2025-11-22 17:55:32.109000-05:00,41.6983312,-86.2333915,a0654bd3,AT&T,Bowl,LTE,
2025-11-22 17:55:32.611000-05:00,41.6989574,-86.2334305,7c36e7df,Verizon,Bowl,Unknown,
2025-11-22 17:55:37.113000-05:00,41.6983287,-86.2333882,a0654bd3,AT&T,Bowl,LTE,
2025-11-22 17:55:37.621000-05:00,41.6989589,-86.2334301,7c36e7df,Verizon,Bowl,Unknown,
2025-11-22 17:55:42.115000-05:00,41.6983284,-86.2333882,a0654bd3,AT&T,Bowl,LTE,
2025-11-22 17:55:42.611000-05:00,41.698957,-86.2334238,7c36e7df,Verizon,Bowl,Unknown,
2025-11-22 17:55:47.114000-05:00,41.6983294,-86.2333871,a0654bd3,AT&T,Bowl,LTE,
2025-11-22 17:55:47.626000-05:00,41.6989562,-86.2334251,7c36e7df,Verizon,Bowl,LTE,
2025-11-22 17:55:52.119000-05:00,41.6983295,-86.233387,a0654bd3,AT&T,Bowl,LTE,
2025-11-22 17:55:52.613000-05:00,41.6989482,-86.2334226,7c36e7df,Verizon,Bowl,LTE,
2025-11-22 17:55:57.114000-05:00,41.6983329,-86.2333938,a0654bd3,AT&T,Bowl,LTE,
2025-11-22 17:55:57.628000-05:00,41.6989405,-86.2333727,7c36e7df,Verizon,Bowl,LTE,
2025-11-22 17:56:02.129000-05:00,41.6983325,-86.2333974,a0654bd3,AT&T,Bowl,LTE,
2025-11-22 17:56:02.613000-05:00,41.6989505,-86.2333719,7c36e7df,Verizon,Bowl,LTE,
2025-11-22 17:56:07.117000-05:00,41.6983331,-86.2333908,a0654bd3,AT&T,Bowl,LTE,
2025-11-22 17:56:07.621000-05:00,41.6989617,-86.2333569,7c36e7df,Verizon,Bowl,LTE,
2025-11-22 17:56:12.117000-05:00,41.6983329,-86.2333909,a0654bd3,AT&T,Bowl,LTE,
2025-11-22 17:56:12.611000-05:00,41.6989662,-86.2333434,7c36e7df,Verizon,Bowl,LTE,
2025-11-22 17:56:17.122000-05:00,41.6983328,-86.2333909,a0654bd3,AT&T,Bowl,LTE,
2025-11-22 17:56:17.613000-05:00,41.6989646,-86.2333431,7c36e7df,Verizon,Bowl,LTE,
2025-11-22 17:56:22.131000-05:00,41.6983324,-86.233391,a0654bd3,AT&T,Bowl,LTE,
2025-11-22 17:56:22.616000-05:00,41.698964,-86.2333446,7c36e7df,Verizon,Bowl,LTE,
2025-11-22 17:56:27.124000-05:00,41.6983322,-86.2333913,a0654bd3,AT&T,Bowl,LTE,
2025-11-22 17:56:27.612000-05:00,41.6989625,-86.2333434,7c36e7df,Verizon,Bowl,LTE,
2025-11-22 17:56:32.130000-05:00,41.6983325,-86.2333917,a0654bd3,AT&T,Bowl,LTE,
2025-11-22 17:56:32.610000-05:00,41.6989615,-86.233347,7c36e7df,Verizon,Bowl,NR-NSA,
2025-11-22 17:56:37.131000-05:00,41.6983323,-86.233392,a0654bd3,AT&T,Bowl,LTE,
2025-11-22 17:56:37.612000-05:00,41.6989572,-86.2333491,7c36e7df,Verizon,Bowl,NR-NSA,
2025-11-22 17:56:42.131000-05:00,41.6983324,-86.233392,a0654bd3,AT&T,Bowl,LTE,
2025-11-22 17:56:42.610000-05:00,41.6989555,-86.2333516,7c36e7df,Verizon,Bowl,NR-NSA,
2025-11-22 17:56:47.141000-05:00,41.6983323,-86.2333919,a0654bd3,AT&T,Bowl,LTE,
2025-11-22 17:56:47.621000-05:00,41.6989539,-86.2333521,7c36e7df,Verizon,Bowl,NR-NSA,
2025-11-22 17:56:52.132000-05:00,41.6983321,-86.233392,a0654bd3,AT&T,Bowl,LTE,
2025-11-22 17:56:52.621000-05:00,41.6989525,-86.2333492,7c36e7df,Verizon,Bowl,NR-NSA,
2025-11-22 17:56:57.134000-05:00,41.6983305,-86.2333957,a0654bd3,AT&T,Bowl,LTE,
2025-11-22 17:56:57.617000-05:00,41.6989523,-86.2333492,7c36e7df,Verizon,Bowl,NR-NSA,
2025-11-22 17:57:02.135000-05:00,41.6983317,-86.2333977,a0654bd3,AT&T,Bowl,LTE,6055.0
2025-11-22 17:57:02.614000-05:00,41.6989507,-86.2333508,7c36e7df,Verizon,Bowl,NR-NSA,
2025-11-22 17:57:07.136000-05:00,41.6983319,-86.2333982,a0654bd3,AT&T,Bowl,LTE,6055.0
2025-11-22 17:57:07.615000-05:00,41.6989454,-86.2333531,7c36e7df,Verizon,Bowl,NR-NSA,
2025-11-22 17:57:12.137000-05:00,41.698332,-86.2333981,a0654bd3,AT&T,Bowl,LTE,6055.0
2025-11-22 17:57:12.610000-05:00,41.6989457,-86.2333457,7c36e7df,Verizon,Bowl,NR-NSA,
2025-11-22 17:57:17.137000-05:00,41.6983322,-86.2333981,a0654bd3,AT&T,Bowl,LTE,6055.0
2025-11-22 17:57:17.623000-05:00,41.6989462,-86.2333449,7c36e7df,Verizon,Bowl,NR-NSA,
2025-11-22 17:57:22.144000-05:00,41.6983323,-86.2333983,a0654bd3,AT&T,Bowl,LTE,6055.0
2025-11-22 17:57:22.622000-05:00,41.698946,-86.2333452,7c36e7df,Verizon,Bowl,NR-NSA,
2025-11-22 17:57:27.142000-05:00,41.6983324,-86.2333984,a0654bd3,AT&T,Bowl,LTE,6055.0
2025-11-22 17:57:27.618000-05:00,41.6989432,-86.2333452,7c36e7df,Verizon,Bowl,NR-NSA,
2025-11-22 17:57:32.160000-05:00,41.6983321,-86.2333985,a0654bd3,AT&T,Bowl,LTE,6055.0
2025-11-22 17:57:32.615000-05:00,41.698943,-86.2333453,7c36e7df,Verizon,Bowl,LTE,
2025-11-22 17:57:37.137000-05:00,41.6983319,-86.2333988,a0654bd3,AT&T,Bowl,LTE,6055.0
2025-11-22 17:57:37.617000-05:00,41.6989429,-86.2333453,7c36e7df,Verizon,Bowl,NR-NSA,
2025-11-22 17:57:42.134000-05:00,41.6983318,-86.2333992,a0654bd3,AT&T,Bowl,LTE,6055.0
2025-11-22 17:57:42.616000-05:00,41.6989428,-86.2333453,7c36e7df,Verizon,Bowl,NR-NSA,
2025-11-22 17:57:47.138000-05:00,41.6983317,-86.2333995,a0654bd3,AT&T,Bowl,LTE,6055.0
2025-11-22 17:57:47.617000-05:00,41.6989427,-86.2333452,7c36e7df,Verizon,Bowl,NR-NSA,
2025-11-22 17:57:52.137000-05:00,41.6983317,-86.2333998,a0654bd3,AT&T,Bowl,LTE,6055.0
2025-11-22 17:57:52.618000-05:00,41.6989394,-86.2333442,7c36e7df,Verizon,Bowl,NR-NSA,
2025-11-22 17:57:57.141000-05:00,41.6983317,-86.2333998,a0654bd3,AT&T,Bowl,LTE,6055.0
2025-11-22 17:57:57.626000-05:00,41.6989394,-86.2333444,7c36e7df,Verizon,Bowl,NR-NSA,
2025-11-22 17:58:02.138000-05:00,41.6983317,-86.2334,a0654bd3,AT&T,Bowl,LTE,6055.0
2025-11-22 17:58:02.622000-05:00,41.6989372,-86.2333453,7c36e7df,Verizon,Bowl,NR-NSA,
2025-11-22 17:58:07.138000-05:00,41.6983316,-86.2334001,a0654bd3,AT&T,Bowl,LTE,6055.0
2025-11-22 17:58:07.626000-05:00,41.6989329,-86.2333416,7c36e7df,Verizon,Bowl,NR-NSA,
2025-11-22 17:58:12.146000-05:00,41.6983315,-86.2334002,a0654bd3,AT&T,Bowl,LTE,6055.0
2025-11-22 17:58:12.629000-05:00,41.6989325,-86.2333417,7c36e7df,Verizon,Bowl,LTE,
2025-11-22 17:58:17.146000-05:00,41.6983262,-86.2334016,a0654bd3,AT&T,Bowl,LTE,6055.0
2025-11-22 17:58:17.619000-05:00,41.6989345,-86.2333382,7c36e7df,Verizon,Bowl,LTE,
2025-11-22 17:58:22.138000-05:00,41.6983266,-86.2334013,a0654bd3,AT&T,Bowl,LTE,6055.0
2025-11-22 17:58:22.629000-05:00,41.6989342,-86.2333368,7c36e7df,Verizon,Bowl,LTE,
2025-11-22 17:58:27.145000-05:00,41.6983266,-86.2334012,a0654bd3,AT&T,Bowl,LTE,6055.0
2025-11-22 17:58:27.626000-05:00,41.6989333,-86.2333449,7c36e7df,Verizon,Bowl,LTE,
2025-11-22 17:58:32.143000-05:00,41.6983265,-86.2334015,a0654bd3,AT&T,Bowl,LTE,6055.0
2025-11-22 17:58:32.621000-05:00,41.6989351,-86.2333505,7c36e7df,Verizon,Bowl,LTE,
2025-11-22 17:58:37.137000-05:00,41.6983263,-86.233402,a0654bd3,AT&T,Bowl,LTE,6055.0
2025-11-22 17:58:37.635000-05:00,41.6989379,-86.2333529,7c36e7df,Verizon,Bowl,LTE,
2025-11-22 17:58:42.144000-05:00,41.6983261,-86.2334023,a0654bd3,AT&T,Bowl,LTE,6055.0
2025-11-22 17:58:42.619000-05:00,41.6989396,-86.2333546,7c36e7df,Verizon,Bowl,LTE,
2025-11-22 17:58:47.146000-05:00,41.6983261,-86.2334024,a0654bd3,AT&T,Bowl,LTE,6055.0
2025-11-22 17:58:47.623000-05:00,41.698941,-86.233353,7c36e7df,Verizon,Bowl,LTE,
2025-11-22 17:58:52.140000-05:00,41.698326,-86.2334025,a0654bd3,AT&T,Bowl,LTE,6055.0
2025-11-22 17:58:52.621000-05:00,41.698943,-86.2333591,7c36e7df,Verizon,Bowl,LTE,
2025-11-22 17:58:57.135000-05:00,41.6983261,-86.2334024,a0654bd3,AT&T,Bowl,LTE,6055.0
2025-11-22 17:58:57.633000-05:00,41.6989458,-86.2333541,7c36e7df,Verizon,Bowl,LTE,
2025-11-22 17:59:02.139000-05:00,41.698326,-86.2334029,a0654bd3,AT&T,Bowl,LTE,
2025-11-22 17:59:02.631000-05:00,41.6989469,-86.2333517,7c36e7df,Verizon,Bowl,LTE,
2025-11-22 17:59:07.128000-05:00,41.698326,-86.233403,a0654bd3,AT&T,Bowl,LTE,
2025-11-22 17:59:07.623000-05:00,41.6989477,-86.2333562,7c36e7df,Verizon,Bowl,LTE,
2025-11-22 17:59:12.637000-05:00,41.6989468,-86.2333502,7c36e7df,Verizon,Bowl,LTE,6135.0
2025-11-22 17:59:17.624000-05:00,41.6989489,-86.2333505,7c36e7df,Verizon,Bowl,LTE,6135.0
2025-11-22 17:59:22.637000-05:00,41.6989457,-86.2333547,7c36e7df,Verizon,Bowl,LTE,6135.0
2025-11-22 17:59:27.626000-05:00,41.6989433,-86.2333599,7c36e7df,Verizon,Bowl,LTE,6135.0
2025-11-22 17:59:32.627000-05:00,41.6989423,-86.2333625,7c36e7df,Verizon,Bowl,LTE,6135.0
2025-11-22 17:59:37.629000-05:00,41.6989339,-86.2333573,7c36e7df,Verizon,Bowl,LTE,6135.0
2025-11-22 17:59:42.627000-05:00,41.6989347,-86.2333583,7c36e7df,Verizon,Bowl,LTE,6135.0
2025-11-22 17:59:47.628000-05:00,41.6989343,-86.2333582,7c36e7df,Verizon,Bowl,LTE,6135.0
2025-11-22 17:59:47.951000-05:00,41.6983293,-86.233087,a0654bd3,AT&T,Bowl,LTE,
2025-11-22 17:59:52.637000-05:00,41.6989345,-86.233361,7c36e7df,Verizon,Bowl,LTE,6135.0
2025-11-22 17:59:52.947000-05:00,41.6983268,-86.233105,a0654bd3,AT&T,Bowl,LTE,
2025-11-22 17:59:57.631000-05:00,41.6989363,-86.2333742,7c36e7df,Verizon,Bowl,LTE,6135.0
2025-11-22 17:59:57.960000-05:00,41.6983279,-86.233102,a0654bd3,AT&T,Bowl,LTE,
2025-11-22 18:00:02.635000-05:00,41.6989427,-86.2333809,7c36e7df,Verizon,Bowl,LTE,6135.0
2025-11-22 18:00:02.957000-05:00,41.6983279,-86.2331016,a0654bd3,AT&T,Bowl,LTE,
2025-11-22 18:00:07.633000-05:00,41.6989496,-86.2333648,7c36e7df,Verizon,Bowl,LTE,6135.0
2025-11-22 18:00:07.966000-05:00,41.698328,-86.2331013,a0654bd3,AT&T,Bowl,LTE,
2025-11-22 18:00:12.630000-05:00,41.6989479,-86.2333638,7c36e7df,Verizon,Bowl,LTE,6135.0
2025-11-22 18:00:12.961000-05:00,41.698328,-86.2331012,a0654bd3,AT&T,Bowl,LTE,
2025-11-22 18:00:17.629000-05:00,41.6989474,-86.2333615,7c36e7df,Verizon,Bowl,LTE,6135.0
2025-11-22 18:00:17.960000-05:00,41.6983248,-86.2330936,a0654bd3,AT&T,Bowl,LTE,
2025-11-22 18:00:22.634000-05:00,41.698947,-86.2333625,7c36e7df,Verizon,Bowl,LTE,6135.0
2025-11-22 18:00:22.954000-05:00,41.6983179,-86.2330966,a0654bd3,AT&T,Bowl,LTE,
2025-11-22 18:00:27.640000-05:00,41.6989493,-86.2333618,7c36e7df,Verizon,Bowl,LTE,6135.0
2025-11-22 18:00:27.963000-05:00,41.6983163,-86.2330932,a0654bd3,AT&T,Bowl,LTE,
2025-11-22 18:00:32.637000-05:00,41.6989496,-86.233358,7c36e7df,Verizon,Bowl,LTE,6135.0
2025-11-22 18:00:32.962000-05:00,41.6983171,-86.2330929,a0654bd3,AT&T,Bowl,LTE,
2025-11-22 18:00:37.634000-05:00,41.6989484,-86.2333585,7c36e7df,Verizon,Bowl,LTE,6135.0
2025-11-22 18:00:37.961000-05:00,41.6983234,-86.2330942,a0654bd3,AT&T,Bowl,LTE,
2025-11-22 18:00:42.633000-05:00,41.6989497,-86.2333553,7c36e7df,Verizon,Bowl,LTE,6135.0
2025-11-22 18:00:42.962000-05:00,41.6983288,-86.2331024,a0654bd3,AT&T,Bowl,LTE,
2025-11-22 18:00:47.637000-05:00,41.6989505,-86.2333565,7c36e7df,Verizon,Bowl,LTE,6135.0
2025-11-22 18:00:47.961000-05:00,41.6983258,-86.233097,a0654bd3,AT&T,Bowl,LTE,
2025-11-22 18:00:52.633000-05:00,41.6989544,-86.2333559,7c36e7df,Verizon,Bowl,LTE,6135.0
2025-11-22 18:00:52.958000-05:00,41.6983255,-86.2330963,a0654bd3,AT&T,Bowl,LTE,
2025-11-22 18:00:57.636000-05:00,41.6989555,-86.2333549,7c36e7df,Verizon,Bowl,LTE,6135.0
2025-11-22 18:00:57.958000-05:00,41.6983288,-86.2330877,a0654bd3,AT&T,Bowl,NR-NSA,
2025-11-22 18:01:02.634000-05:00,41.6989539,-86.2333539,7c36e7df,Verizon,Bowl,LTE,6135.0
2025-11-22 18:01:02.962000-05:00,41.6983313,-86.2330822,a0654bd3,AT&T,Bowl,NR-NSA,
2025-11-22 18:01:07.636000-05:00,41.6989545,-86.2333508,7c36e7df,Verizon,Bowl,LTE,6135.0
2025-11-22 18:01:07.961000-05:00,41.6983254,-86.2330794,a0654bd3,AT&T,Bowl,NR-NSA,
2025-11-22 18:01:12.637000-05:00,41.6989571,-86.2333277,7c36e7df,Verizon,Bowl,LTE,6135.0
2025-11-22 18:01:12.961000-05:00,41.698325,-86.2330781,a0654bd3,AT&T,Bowl,NR-NSA,
2025-11-22 18:01:17.634000-05:00,41.698972,-86.2332612,7c36e7df,Verizon,Bowl,LTE,6135.0
2025-11-22 18:01:17.961000-05:00,41.6983073,-86.2330742,a0654bd3,AT&T,Bowl,NR-NSA,
2025-11-22 18:01:22.631000-05:00,41.6989783,-86.2332449,7c36e7df,Verizon,Bowl,LTE,6135.0
2025-11-22 18:01:22.964000-05:00,41.698302,-86.23308,a0654bd3,AT&T,Bowl,NR-NSA,
2025-11-22 18:01:27.644000-05:00,41.6989786,-86.2332428,7c36e7df,Verizon,Bowl,LTE,6135.0
2025-11-22 18:01:27.965000-05:00,41.6983183,-86.2331139,a0654bd3,AT&T,Bowl,NR-NSA,
2025-11-22 18:01:32.639000-05:00,41.698993,-86.2331925,7c36e7df,Verizon,Bowl,LTE,6135.0
2025-11-22 18:01:32.979000-05:00,41.698332,-86.2331138,a0654bd3,AT&T,Bowl,LTE,
2025-11-22 18:01:37.640000-05:00,41.6989868,-86.2331833,7c36e7df,Verizon,Bowl,LTE,6135.0
2025-11-22 18:01:37.971000-05:00,41.6983425,-86.2330691,a0654bd3,AT&T,Bowl,NR-NSA,
2025-11-22 18:01:42.639000-05:00,41.6989859,-86.2331879,7c36e7df,Verizon,Bowl,LTE,6135.0
2025-11-22 18:01:42.969000-05:00,41.6983433,-86.2330475,a0654bd3,AT&T,Bowl,LTE,
2025-11-22 18:01:47.636000-05:00,41.6989846,-86.2331933,7c36e7df,Verizon,Bowl,LTE,6135.0
2025-11-22 18:01:48.438000-05:00,41.6983375,-86.2330241,a0654bd3,AT&T,Bowl,NR-NSA,
2025-11-22 18:01:52.643000-05:00,41.6989853,-86.2331907,7c36e7df,Verizon,Bowl,LTE,6135.0
2025-11-22 18:01:53.408000-05:00,41.6983369,-86.233029,a0654bd3,AT&T,Bowl,NR-NSA,
2025-11-22 18:01:57.642000-05:00,41.6989855,-86.2331911,7c36e7df,Verizon,Bowl,LTE,6135.0
2025-11-22 18:01:58.415000-05:00,41.698339,-86.233031,a0654bd3,AT&T,Bowl,NR-NSA,
2025-11-22 18:02:02.642000-05:00,41.6989845,-86.2331873,7c36e7df,Verizon,Bowl,LTE,6135.0
2025-11-22 18:02:03.702000-05:00,41.6983392,-86.2330317,a0654bd3,AT&T,Bowl,NR-NSA,
2025-11-22 18:02:07.641000-05:00,41.6989844,-86.2331801,7c36e7df,Verizon,Bowl,LTE,6135.0
2025-11-22 18:02:08.704000-05:00,41.6983392,-86.2330319,a0654bd3,AT&T,Bowl,NR-NSA,
2025-11-22 18:02:12.646000-05:00,41.6989833,-86.2331813,7c36e7df,Verizon,Bowl,LTE,6135.0
2025-11-22 18:02:13.702000-05:00,41.698339,-86.233032,a0654bd3,AT&T,Bowl,NR-NSA,
2025-11-22 18:02:17.638000-05:00,41.698995,-86.2331698,7c36e7df,Verizon,Bowl,LTE,6135.0
2025-11-22 18:02:18.699000-05:00,41.698339,-86.2330321,a0654bd3,AT&T,Bowl,NR-NSA,
2025-11-22 18:02:22.641000-05:00,41.6989961,-86.2331713,7c36e7df,Verizon,Bowl,LTE,6135.0
2025-11-22 18:02:23.701000-05:00,41.6983391,-86.2330323,a0654bd3,AT&T,Bowl,NR-NSA,
2025-11-22 18:02:27.636000-05:00,41.6989962,-86.2331718,7c36e7df,Verizon,Bowl,LTE,6135.0
2025-11-22 18:02:28.714000-05:00,41.6983392,-86.2330327,a0654bd3,AT&T,Bowl,NR-NSA,
2025-11-22 18:02:32.644000-05:00,41.6989962,-86.2331718,7c36e7df,Verizon,Bowl,LTE,6135.0
2025-11-22 18:02:33.698000-05:00,41.6983389,-86.2330328,a0654bd3,AT&T,Bowl,NR-NSA,
2025-11-22 18:02:37.641000-05:00,41.6989961,-86.2331725,7c36e7df,Verizon,Bowl,LTE,6135.0
2025-11-22 18:02:38.702000-05:00,41.6983367,-86.2330376,a0654bd3,AT&T,Bowl,NR-NSA,
2025-11-22 18:02:42.650000-05:00,41.6989961,-86.233173,7c36e7df,Verizon,Bowl,LTE,6135.0
2025-11-22 18:02:43.705000-05:00,41.6983371,-86.2330448,a0654bd3,AT&T,Bowl,LTE,
2025-11-22 18:02:47.639000-05:00,41.6989988,-86.2331777,7c36e7df,Verizon,Bowl,LTE,6135.0
2025-11-22 18:02:48.702000-05:00,41.6983299,-86.2330463,a0654bd3,AT&T,Bowl,LTE,
2025-11-22 18:02:52.690000-05:00,41.6990009,-86.2331785,7c36e7df,Verizon,Bowl,LTE,6135.0
2025-11-22 18:02:53.706000-05:00,41.6983253,-86.2330413,a0654bd3,AT&T,Bowl,LTE,
2025-11-22 18:02:57.647000-05:00,41.6990011,-86.2331792,7c36e7df,Verizon,Bowl,LTE,6135.0
2025-11-22 18:02:58.710000-05:00,41.6983236,-86.2330442,a0654bd3,AT&T,Bowl,LTE,
2025-11-22 18:03:02.647000-05:00,41.6990011,-86.2331794,7c36e7df,Verizon,Bowl,LTE,6135.0
2025-11-22 18:03:03.711000-05:00,41.6983288,-86.2330389,a0654bd3,AT&T,Bowl,LTE,6375.0
2025-11-22 18:03:07.647000-05:00,41.6990012,-86.23317,7c36e7df,Verizon,Bowl,LTE,6135.0
2025-11-22 18:03:08.707000-05:00,41.698329,-86.2330399,a0654bd3,AT&T,Bowl,LTE,6375.0
2025-11-22 18:03:12.643000-05:00,41.6990019,-86.2331711,7c36e7df,Verizon,Bowl,LTE,6135.0
2025-11-22 18:03:13.705000-05:00,41.6983276,-86.2330442,a0654bd3,AT&T,Bowl,LTE,6375.0
2025-11-22 18:03:17.653000-05:00,41.6990005,-86.2331729,7c36e7df,Verizon,Bowl,LTE,6135.0
2025-11-22 18:03:18.707000-05:00,41.6983275,-86.2330443,a0654bd3,AT&T,Bowl,LTE,6375.0
2025-11-22 18:03:22.682000-05:00,41.6989982,-86.2331715,7c36e7df,Verizon,Bowl,LTE,
2025-11-22 18:03:23.708000-05:00,41.6983264,-86.233047,a0654bd3,AT&T,Bowl,LTE,6375.0
2025-11-22 18:03:27.639000-05:00,41.6989983,-86.2331717,7c36e7df,Verizon,Bowl,LTE,
2025-11-22 18:03:28.710000-05:00,41.6983241,-86.2330556,a0654bd3,AT&T,Bowl,LTE,6375.0
2025-11-22 18:03:32.648000-05:00,41.6989983,-86.2331717,7c36e7df,Verizon,Bowl,LTE,
2025-11-22 18:03:33.702000-05:00,41.6983247,-86.2330619,a0654bd3,AT&T,Bowl,LTE,6375.0
2025-11-22 18:03:37.644000-05:00,41.6989983,-86.2331718,7c36e7df,Verizon,Bowl,NR-NSA,
2025-11-22 18:03:38.708000-05:00,41.6983216,-86.2330623,a0654bd3,AT&T,Bowl,LTE,6375.0
2025-11-22 18:03:42.645000-05:00,41.6989982,-86.233172,7c36e7df,Verizon,Bowl,NR-NSA,
2025-11-22 18:03:43.713000-05:00,41.6983217,-86.233068,a0654bd3,AT&T,Bowl,LTE,6375.0
2025-11-22 18:03:47.643000-05:00,41.6989981,-86.2331722,7c36e7df,Verizon,Bowl,NR-NSA,
2025-11-22 18:03:48.705000-05:00,41.6983218,-86.2330732,a0654bd3,AT&T,Bowl,LTE,6375.0
2025-11-22 18:03:52.650000-05:00,41.698998,-86.2331724,7c36e7df,Verizon,Bowl,LTE,
2025-11-22 18:03:53.705000-05:00,41.6983217,-86.2330732,a0654bd3,AT&T,Bowl,LTE,6375.0
2025-11-22 18:03:57.651000-05:00,41.698998,-86.2331725,7c36e7df,Verizon,Bowl,LTE,
2025-11-22 18:03:58.705000-05:00,41.698324,-86.2330734,a0654bd3,AT&T,Bowl,LTE,6375.0
2025-11-22 18:04:02.649000-05:00,41.6989979,-86.2331726,7c36e7df,Verizon,Bowl,LTE,
2025-11-22 18:04:03.709000-05:00,41.6983258,-86.2330723,a0654bd3,AT&T,Bowl,LTE,6375.0
2025-11-22 18:04:07.649000-05:00,41.6989979,-86.2331726,7c36e7df,Verizon,Bowl,NR-NSA,
2025-11-22 18:04:08.711000-05:00,41.6983227,-86.2330758,a0654bd3,AT&T,Bowl,LTE,6375.0
2025-11-22 18:04:12.651000-05:00,41.6989979,-86.2331726,7c36e7df,Verizon,Bowl,NR-NSA,
2025-11-22 18:04:13.707000-05:00,41.6983226,-86.2330755,a0654bd3,AT&T,Bowl,LTE,6375.0
2025-11-22 18:04:17.642000-05:00,41.6989977,-86.2331726,7c36e7df,Verizon,Bowl,LTE,
2025-11-22 18:04:18.707000-05:00,41.6983226,-86.2330756,a0654bd3,AT&T,Bowl,LTE,6375.0
2025-11-22 18:04:22.646000-05:00,41.6989975,-86.2331727,7c36e7df,Verizon,Bowl,LTE,
2025-11-22 18:04:23.713000-05:00,41.6983227,-86.2330755,a0654bd3,AT&T,Bowl,LTE,6375.0
2025-11-22 18:04:27.649000-05:00,41.6989973,-86.2331729,7c36e7df,Verizon,Bowl,NR-NSA,
2025-11-22 18:04:28.711000-05:00,41.6983209,-86.2330736,a0654bd3,AT&T,Bowl,LTE,6375.0
2025-11-22 18:04:32.649000-05:00,41.6989971,-86.2331729,7c36e7df,Verizon,Bowl,NR-NSA,
2025-11-22 18:04:33.773000-05:00,41.6983209,-86.2330737,a0654bd3,AT&T,Bowl,LTE,6375.0
2025-11-22 18:04:37.650000-05:00,41.698997,-86.233173,7c36e7df,Verizon,Bowl,LTE,
2025-11-22 18:04:38.769000-05:00,41.6983207,-86.2330749,a0654bd3,AT&T,Bowl,LTE,6375.0
2025-11-22 18:04:42.652000-05:00,41.6989969,-86.2331733,7c36e7df,Verizon,Bowl,NR-NSA,
2025-11-22 18:04:43.763000-05:00,41.6983151,-86.2330657,a0654bd3,AT&T,Bowl,LTE,6375.0
2025-11-22 18:04:47.653000-05:00,41.6989968,-86.2331734,7c36e7df,Verizon,Bowl,LTE,
2025-11-22 18:04:48.769000-05:00,41.6983166,-86.2330665,a0654bd3,AT&T,Bowl,LTE,6375.0
2025-11-22 18:04:52.649000-05:00,41.6989948,-86.2331753,7c36e7df,Verizon,Bowl,LTE,
2025-11-22 18:04:53.774000-05:00,41.6983171,-86.2330726,a0654bd3,AT&T,Bowl,LTE,6375.0
2025-11-22 18:04:57.647000-05:00,41.6989915,-86.2331827,7c36e7df,Verizon,Bowl,LTE,
2025-11-22 18:04:58.767000-05:00,41.6983158,-86.2330719,a0654bd3,AT&T,Bowl,LTE,6375.0
2025-11-22 18:05:02.649000-05:00,41.6989955,-86.2331814,7c36e7df,Verizon,Bowl,LTE,
2025-11-22 18:05:03.767000-05:00,41.6983156,-86.2330717,a0654bd3,AT&T,Bowl,LTE,6375.0
2025-11-22 18:05:07.660000-05:00,41.6989915,-86.233187,7c36e7df,Verizon,Bowl,LTE,
2025-11-22 18:05:08.756000-05:00,41.6983155,-86.2330717,a0654bd3,AT&T,Bowl,LTE,
2025-11-22 18:05:12.644000-05:00,41.6989865,-86.2331884,7c36e7df,Verizon,Bowl,LTE,
2025-11-22 18:05:17.647000-05:00,41.6989892,-86.2331848,7c36e7df,Verizon,Bowl,LTE,
2025-11-22 18:05:22.653000-05:00,41.6989921,-86.2331819,7c36e7df,Verizon,Bowl,LTE,
2025-11-22 18:05:27.647000-05:00,41.6989913,-86.233174,7c36e7df,Verizon,Bowl,LTE,
2025-11-22 18:05:32.647000-05:00,41.6989906,-86.2331726,7c36e7df,Verizon,Bowl,NR-NSA,
2025-11-22 18:05:37.653000-05:00,41.6989904,-86.2331727,7c36e7df,Verizon,Bowl,NR-NSA,
2025-11-22 18:05:42.651000-05:00,41.6989904,-86.2331727,7c36e7df,Verizon,Bowl,NR-NSA,
2025-11-22 18:05:47.657000-05:00,41.6989904,-86.2331726,7c36e7df,Verizon,Bowl,NR-NSA,
2025-11-22 18:05:52.651000-05:00,41.6989947,-86.2331851,7c36e7df,Verizon,Bowl,NR-NSA,
2025-11-22 18:05:57.650000-05:00,41.6989947,-86.2331851,7c36e7df,Verizon,Bowl,LTE,
2025-11-22 18:06:02.653000-05:00,41.6989938,-86.2331866,7c36e7df,Verizon,Bowl,LTE,
2025-11-22 18:06:07.673000-05:00,41.6989938,-86.2331866,7c36e7df,Verizon,Bowl,LTE,
2025-11-22 18:06:12.659000-05:00,41.6989934,-86.2331816,7c36e7df,Verizon,Bowl,LTE,
2025-11-22 18:06:17.650000-05:00,41.6989951,-86.2331791,7c36e7df,Verizon,Bowl,LTE,
2025-11-22 18:06:22.658000-05:00,41.6989907,-86.2331584,7c36e7df,Verizon,Bowl,LTE,
2025-11-22 18:06:27.651000-05:00,41.698991,-86.2331587,7c36e7df,Verizon,Bowl,LTE,
2025-11-22 18:06:32.654000-05:00,41.6989913,-86.2331589,7c36e7df,Verizon,Bowl,LTE,
2025-11-22 18:06:37.656000-05:00,41.6989915,-86.2331594,7c36e7df,Verizon,Bowl,LTE,
2025-11-22 18:06:42.658000-05:00,41.6989916,-86.2331597,7c36e7df,Verizon,Bowl,LTE,
2025-11-22 18:06:47.655000-05:00,41.6989916,-86.2331597,7c36e7df,Verizon,Bowl,LTE,
2025-11-22 18:07:01.738000-05:00,41.6988948,-86.2329406,a0654bd3,AT&T,Concourse,LTE,
2025-11-22 18:07:21.950000-05:00,41.6988948,-86.2329406,a0654bd3,AT&T,Concourse,LTE,
2025-11-22 18:07:26.961000-05:00,41.6988948,-86.2329406,a0654bd3,AT&T,Concourse,LTE,
2025-11-22 18:07:31.955000-05:00,41.698841,-86.2329656,a0654bd3,AT&T,Concourse,LTE,
2025-11-22 18:07:36.956000-05:00,41.6988801,-86.2329185,a0654bd3,AT&T,Concourse,LTE,
2025-11-22 18:07:41.950000-05:00,41.6988359,-86.2329234,a0654bd3,AT&T,Concourse,LTE,
2025-11-22 18:07:46.957000-05:00,41.6988631,-86.2329388,a0654bd3,AT&T,Concourse,LTE,
2025-11-22 18:07:51.959000-05:00,41.698855,-86.2329602,a0654bd3,AT&T,Concourse,LTE,
2025-11-22 18:07:56.957000-05:00,41.6988508,-86.2330043,a0654bd3,AT&T,Concourse,LTE,
2025-11-22 18:08:01.956000-05:00,41.6988483,-86.2330017,a0654bd3,AT&T,Concourse,LTE,
2025-11-22 18:08:06.956000-05:00,41.6988709,-86.2330795,a0654bd3,AT&T,Concourse,LTE,
2025-11-22 18:08:11.962000-05:00,41.6988705,-86.2330785,a0654bd3,AT&T,Concourse,LTE,
2025-11-22 18:08:16.968000-05:00,41.6988679,-86.2330852,a0654bd3,AT&T,Concourse,LTE,
2025-11-22 18:08:21.958000-05:00,41.6988562,-86.2329913,a0654bd3,AT&T,Concourse,NR-NSA,
2025-11-22 18:08:26.959000-05:00,41.6988488,-86.2329875,a0654bd3,AT&T,Concourse,NR-NSA,
2025-11-22 18:08:31.968000-05:00,41.6988627,-86.2329524,a0654bd3,AT&T,Concourse,NR-NSA,
2025-11-22 18:08:36.964000-05:00,41.6988627,-86.2329524,a0654bd3,AT&T,Concourse,NR-NSA,
2025-11-22 18:08:41.956000-05:00,41.698834,-86.2329654,a0654bd3,AT&T,Concourse,NR-NSA,
2025-11-22 18:08:46.963000-05:00,41.6987984,-86.2329442,a0654bd3,AT&T,Concourse,NR-NSA,
2025-11-22 18:08:51.959000-05:00,41.6988276,-86.2329565,a0654bd3,AT&T,Concourse,NR-NSA,
2025-11-22 18:08:56.962000-05:00,41.6988314,-86.232958,a0654bd3,AT&T,Concourse,NR-NSA,
2025-11-22 18:09:01.962000-05:00,41.6988267,-86.2329591,a0654bd3,AT&T,Concourse,NR-NSA,
2025-11-22 18:09:06.961000-05:00,41.6988374,-86.2329579,a0654bd3,AT&T,Concourse,NR-NSA,
2025-11-22 18:09:11.960000-05:00,41.6988493,-86.2329607,a0654bd3,AT&T,Concourse,NR-NSA,
2025-11-22 18:09:16.959000-05:00,41.6988449,-86.2329457,a0654bd3,AT&T,Concourse,NR-NSA,
2025-11-22 18:09:21.958000-05:00,41.6988369,-86.2329547,a0654bd3,AT&T,Concourse,LTE,6055.0
2025-11-22 18:09:26.960000-05:00,41.698843,-86.2329594,a0654bd3,AT&T,Concourse,LTE,6055.0
2025-11-22 18:09:31.956000-05:00,41.6988433,-86.2329744,a0654bd3,AT&T,Concourse,LTE,6055.0
2025-11-22 18:09:36.976000-05:00,41.6988331,-86.232972,a0654bd3,AT&T,Concourse,LTE,6055.0
2025-11-22 18:09:41.964000-05:00,41.6988339,-86.2329923,a0654bd3,AT&T,Concourse,LTE,6055.0
2025-11-22 18:09:46.967000-05:00,41.6988397,-86.2329971,a0654bd3,AT&T,Concourse,LTE,6055.0
2025-11-22 18:09:51.965000-05:00,41.698854,-86.232991,a0654bd3,AT&T,Concourse,LTE,6055.0
2025-11-22 18:09:56.966000-05:00,41.6988491,-86.2329862,a0654bd3,AT&T,Concourse,LTE,6055.0
2025-11-22 18:10:01.960000-05:00,41.6988459,-86.2330025,a0654bd3,AT&T,Concourse,LTE,6055.0
2025-11-22 18:10:06.972000-05:00,41.6988457,-86.2330037,a0654bd3,AT&T,Concourse,LTE,6055.0
2025-11-22 18:10:11.971000-05:00,41.6988391,-86.2330114,a0654bd3,AT&T,Concourse,LTE,6055.0
2025-11-22 18:10:16.963000-05:00,41.6988362,-86.2330146,a0654bd3,AT&T,Concourse,LTE,6055.0
2025-11-22 18:10:21.968000-05:00,41.6988657,-86.2330235,a0654bd3,AT&T,Concourse,LTE,6055.0
2025-11-22 18:10:26.964000-05:00,41.6988596,-86.2329596,a0654bd3,AT&T,Concourse,LTE,6055.0
2025-11-22 18:10:31.962000-05:00,41.6988479,-86.232951,a0654bd3,AT&T,Concourse,LTE,6055.0
2025-11-22 18:10:37.091000-05:00,41.6988688,-86.2329725,a0654bd3,AT&T,Concourse,LTE,6055.0
2025-11-22 18:10:42.078000-05:00,41.6988693,-86.2329617,a0654bd3,AT&T,Concourse,LTE,6055.0
2025-11-22 18:10:47.076000-05:00,41.6988346,-86.2329394,a0654bd3,AT&T,Concourse,LTE,6055.0
2025-11-22 18:10:52.085000-05:00,41.6988346,-86.2329394,a0654bd3,AT&T,Concourse,LTE,6055.0
2025-11-22 18:10:57.093000-05:00,41.6988449,-86.2329594,a0654bd3,AT&T,Concourse,LTE,6055.0
2025-11-22 18:11:02.082000-05:00,41.6988449,-86.2329594,a0654bd3,AT&T,Concourse,LTE,6055.0
2025-11-22 18:11:07.077000-05:00,41.6988452,-86.2329623,a0654bd3,AT&T,Concourse,LTE,6055.0
2025-11-22 18:11:12.082000-05:00,41.6988515,-86.2329621,a0654bd3,AT&T,Concourse,LTE,6055.0
2025-11-22 18:11:17.085000-05:00,41.6988611,-86.2329475,a0654bd3,AT&T,Concourse,LTE,6055.0
2025-11-22 18:11:22.086000-05:00,41.6988605,-86.232973,a0654bd3,AT&T,Concourse,LTE,
2025-11-22 18:12:09.890000-05:00,41.6979269,-86.232989,a0654bd3,AT&T,Concourse,LTE,
2025-11-22 18:12:32.787000-05:00,41.6979269,-86.232989,a0654bd3,AT&T,Concourse,LTE,
2025-11-22 18:12:37.784000-05:00,41.6979289,-86.2329534,a0654bd3,AT&T,Concourse,LTE,
2025-11-22 18:12:42.780000-05:00,41.6979293,-86.2329825,a0654bd3,AT&T,Concourse,LTE,
2025-11-22 18:12:47.785000-05:00,41.6979288,-86.2329794,a0654bd3,AT&T,Concourse,LTE,
2025-11-22 18:12:52.781000-05:00,41.6979262,-86.2329652,a0654bd3,AT&T,Concourse,LTE,
2025-11-22 18:12:57.782000-05:00,41.6979142,-86.2329574,a0654bd3,AT&T,Concourse,LTE,
2025-11-22 18:13:02.780000-05:00,41.6978978,-86.2329938,a0654bd3,AT&T,Concourse,LTE,
2025-11-22 18:13:07.781000-05:00,41.6978966,-86.233025,a0654bd3,AT&T,Concourse,LTE,
2025-11-22 18:13:12.781000-05:00,41.6978973,-86.2330273,a0654bd3,AT&T,Concourse,LTE,
2025-11-22 18:13:17.781000-05:00,41.6978965,-86.2330028,a0654bd3,AT&T,Concourse,LTE,
2025-11-22 18:13:22.783000-05:00,41.6978874,-86.2329829,a0654bd3,AT&T,Concourse,NR-NSA,
2025-11-22 18:13:27.783000-05:00,41.6978956,-86.2330209,a0654bd3,AT&T,Concourse,NR-NSA,
2025-11-22 18:13:33.277000-05:00,41.6978928,-86.2330363,a0654bd3,AT&T,Concourse,NR-NSA,
2025-11-22 18:13:38.237000-05:00,41.6978928,-86.2330363,a0654bd3,AT&T,Concourse,NR-NSA,
2025-11-22 18:13:43.239000-05:00,41.6979004,-86.2330229,a0654bd3,AT&T,Concourse,NR-NSA,
2025-11-22 18:13:48.238000-05:00,41.6978961,-86.2329957,a0654bd3,AT&T,Concourse,NR-NSA,
2025-11-22 18:13:53.252000-05:00,41.6978953,-86.2329925,a0654bd3,AT&T,Concourse,NR-NSA,
2025-11-22 18:13:58.237000-05:00,41.6978953,-86.2329925,a0654bd3,AT&T,Concourse,NR-NSA,
2025-11-22 18:14:03.245000-05:00,41.6978956,-86.2330312,a0654bd3,AT&T,Concourse,NR-NSA,
2025-11-22 18:14:08.242000-05:00,41.6979121,-86.2330581,a0654bd3,AT&T,Concourse,LTE,
2025-11-22 18:14:13.244000-05:00,41.6979001,-86.2330296,a0654bd3,AT&T,Concourse,LTE,
2025-11-22 18:14:18.250000-05:00,41.6979041,-86.2329965,a0654bd3,AT&T,Concourse,LTE,
2025-11-22 18:14:23.257000-05:00,41.6979059,-86.2329904,a0654bd3,AT&T,Concourse,LTE,6375.0
2025-11-22 18:14:28.244000-05:00,41.6979236,-86.233122,a0654bd3,AT&T,Concourse,LTE,6375.0
2025-11-22 18:14:33.320000-05:00,41.6979236,-86.233122,a0654bd3,AT&T,Concourse,LTE,6375.0
2025-11-22 18:14:38.248000-05:00,41.6979176,-86.2330454,a0654bd3,AT&T,Concourse,LTE,6375.0
2025-11-22 18:14:43.247000-05:00,41.6979166,-86.2330072,a0654bd3,AT&T,Concourse,LTE,6375.0
2025-11-22 18:14:48.249000-05:00,41.6979099,-86.2330075,a0654bd3,AT&T,Concourse,LTE,6375.0
2025-11-22 18:14:53.252000-05:00,41.6979094,-86.2330045,a0654bd3,AT&T,Concourse,LTE,6375.0
2025-11-22 18:14:58.248000-05:00,41.697912,-86.2330241,a0654bd3,AT&T,Concourse,LTE,6375.0
2025-11-22 18:15:03.247000-05:00,41.697912,-86.2330241,a0654bd3,AT&T,Concourse,LTE,6375.0
2025-11-22 18:15:08.247000-05:00,41.6979122,-86.2330043,a0654bd3,AT&T,Concourse,LTE,6375.0
2025-11-22 18:15:13.253000-05:00,41.6979123,-86.2330009,a0654bd3,AT&T,Concourse,LTE,6375.0
2025-11-22 18:15:18.247000-05:00,41.6979335,-86.2330194,a0654bd3,AT&T,Concourse,LTE,6375.0
2025-11-22 18:15:23.246000-05:00,41.6979165,-86.2330111,a0654bd3,AT&T,Concourse,LTE,6375.0
2025-11-22 18:15:28.261000-05:00,41.6978516,-86.232968,a0654bd3,AT&T,Concourse,LTE,6375.0
2025-11-22 18:15:33.309000-05:00,41.6979273,-86.2329977,a0654bd3,AT&T,Concourse,LTE,6375.0
2025-11-22 18:15:38.250000-05:00,41.6979171,-86.2330195,a0654bd3,AT&T,Concourse,LTE,6375.0
2025-11-22 18:15:43.259000-05:00,41.6979171,-86.2330195,a0654bd3,AT&T,Concourse,LTE,6375.0
2025-11-22 18:15:48.254000-05:00,41.6979048,-86.233039,a0654bd3,AT&T,Concourse,LTE,6375.0
2025-11-22 18:15:53.262000-05:00,41.697893,-86.232991,a0654bd3,AT&T,Concourse,LTE,6375.0
2025-11-22 18:15:58.245000-05:00,41.6978946,-86.2329824,a0654bd3,AT&T,Concourse,LTE,6375.0
2025-11-22 18:16:03.253000-05:00,41.6978962,-86.232983,a0654bd3,AT&T,Concourse,LTE,6375.0
2025-11-22 18:16:08.268000-05:00,41.6979054,-86.2329819,a0654bd3,AT&T,Concourse,LTE,6375.0
2025-11-22 18:16:13.248000-05:00,41.6979054,-86.2329819,a0654bd3,AT&T,Concourse,LTE,
2025-11-22 18:18:01.798000-05:00,41.6978912,-86.2348115,a0654bd3,AT&T,Concourse,LTE,
2025-11-22 18:18:24.731000-05:00,41.6978912,-86.2348115,a0654bd3,AT&T,Concourse,LTE,
2025-11-22 18:18:29.732000-05:00,41.6978989,-86.2348121,a0654bd3,AT&T,Concourse,LTE,
2025-11-22 18:18:34.740000-05:00,41.6978734,-86.2348303,a0654bd3,AT&T,Concourse,LTE,
2025-11-22 18:18:39.735000-05:00,41.6978918,-86.234844,a0654bd3,AT&T,Concourse,LTE,
2025-11-22 18:18:44.737000-05:00,41.6978992,-86.2348393,a0654bd3,AT&T,Concourse,LTE,
2025-11-22 18:18:49.736000-05:00,41.6978933,-86.2348291,a0654bd3,AT&T,Concourse,LTE,
2025-11-22 18:18:54.739000-05:00,41.697892,-86.2348372,a0654bd3,AT&T,Concourse,LTE,
2025-11-22 18:18:59.736000-05:00,41.6978959,-86.2348264,a0654bd3,AT&T,Concourse,LTE,
2025-11-22 18:19:04.737000-05:00,41.6978798,-86.2348555,a0654bd3,AT&T,Concourse,NR-NSA,
2025-11-22 18:19:09.738000-05:00,41.697879,-86.2348229,a0654bd3,AT&T,Concourse,NR-NSA,
2025-11-22 18:19:14.736000-05:00,41.6978867,-86.2348387,a0654bd3,AT&T,Concourse,NR-NSA,
2025-11-22 18:19:19.742000-05:00,41.6978831,-86.2348197,a0654bd3,AT&T,Concourse,NR-NSA,
2025-11-22 18:19:24.737000-05:00,41.6978789,-86.2348647,a0654bd3,AT&T,Concourse,NR-NSA,
2025-11-22 18:19:29.749000-05:00,41.6978952,-86.2348412,a0654bd3,AT&T,Concourse,NR-NSA,
2025-11-22 18:19:34.741000-05:00,41.6978848,-86.2348715,a0654bd3,AT&T,Concourse,NR-NSA,
2025-11-22 18:19:39.744000-05:00,41.6978781,-86.2348579,a0654bd3,AT&T,Concourse,NR-NSA,
2025-11-22 18:19:44.745000-05:00,41.6978869,-86.2348648,a0654bd3,AT&T,Concourse,NR-NSA,
2025-11-22 18:19:49.746000-05:00,41.6978736,-86.2348457,a0654bd3,AT&T,Concourse,NR-NSA,
2025-11-22 18:19:54.752000-05:00,41.6978876,-86.2348328,a0654bd3,AT&T,Concourse,NR-NSA,
2025-11-22 18:19:59.756000-05:00,41.6978809,-86.2348513,a0654bd3,AT&T,Concourse,NR-NSA,
2025-11-22 18:20:04.867000-05:00,41.6978832,-86.2348372,a0654bd3,AT&T,Concourse,NR-NSA,5975.0
2025-11-22 18:20:09.757000-05:00,41.6978959,-86.2348171,a0654bd3,AT&T,Concourse,LTE,5975.0
2025-11-22 18:20:14.741000-05:00,41.6978479,-86.2348124,a0654bd3,AT&T,Concourse,LTE,5975.0
2025-11-22 18:20:19.748000-05:00,41.6978246,-86.2347937,a0654bd3,AT&T,Concourse,LTE,5975.0
2025-11-22 18:20:24.743000-05:00,41.6978404,-86.2347733,a0654bd3,AT&T,Concourse,LTE,5975.0
2025-11-22 18:20:29.743000-05:00,41.6978328,-86.234809,a0654bd3,AT&T,Concourse,LTE,5975.0
2025-11-22 18:20:34.743000-05:00,41.6978696,-86.2347816,a0654bd3,AT&T,Concourse,LTE,5975.0
2025-11-22 18:20:39.744000-05:00,41.6978592,-86.2347753,a0654bd3,AT&T,Concourse,LTE,5975.0
2025-11-22 18:20:44.749000-05:00,41.6978599,-86.2347805,a0654bd3,AT&T,Concourse,LTE,5975.0
2025-11-22 18:20:49.743000-05:00,41.6978676,-86.2348578,a0654bd3,AT&T,Concourse,LTE,5975.0
2025-11-22 18:20:54.741000-05:00,41.6978658,-86.2347845,a0654bd3,AT&T,Concourse,LTE,5975.0
2025-11-22 18:20:59.744000-05:00,41.6978724,-86.2347623,a0654bd3,AT&T,Concourse,LTE,5975.0
2025-11-22 18:21:04.750000-05:00,41.6978283,-86.2348282,a0654bd3,AT&T,Concourse,LTE,5975.0
2025-11-22 18:21:09.739000-05:00,41.6978199,-86.234827,a0654bd3,AT&T,Concourse,LTE,5975.0
2025-11-22 18:21:14.747000-05:00,41.6978277,-86.2348234,a0654bd3,AT&T,Concourse,LTE,5975.0
2025-11-22 18:21:19.750000-05:00,41.6978519,-86.2348016,a0654bd3,AT&T,Concourse,LTE,5975.0
2025-11-22 18:21:24.750000-05:00,41.6978509,-86.2348015,a0654bd3,AT&T,Concourse,LTE,5975.0
2025-11-22 18:21:29.742000-05:00,41.6978758,-86.2348599,a0654bd3,AT&T,Concourse,LTE,5975.0
2025-11-22 18:21:34.751000-05:00,41.6978744,-86.2348568,a0654bd3,AT&T,Concourse,LTE,5975.0
2025-11-22 18:21:39.836000-05:00,41.6978434,-86.2348219,a0654bd3,AT&T,Concourse,LTE,5975.0
2025-11-22 18:21:44.741000-05:00,41.6978404,-86.2348194,a0654bd3,AT&T,Concourse,LTE,5975.0
2025-11-22 18:21:49.748000-05:00,41.697879,-86.2348631,a0654bd3,AT&T,Concourse,LTE,
2025-11-22 18:23:32.618000-05:00,41.6989414,-86.2348405,a0654bd3,AT&T,Concourse,LTE,
2025-11-22 18:23:56.593000-05:00,41.6989414,-86.2348405,a0654bd3,AT&T,Concourse,LTE,
2025-11-22 18:24:01.600000-05:00,41.6989258,-86.2348754,a0654bd3,AT&T,Concourse,LTE,
2025-11-22 18:24:06.598000-05:00,41.6989182,-86.2348661,a0654bd3,AT&T,Concourse,NR-NSA,
2025-11-22 18:24:11.597000-05:00,41.6989232,-86.2348487,a0654bd3,AT&T,Concourse,NR-NSA,
2025-11-22 18:24:16.601000-05:00,41.6989481,-86.2348739,a0654bd3,AT&T,Concourse,NR-NSA,
2025-11-22 18:24:21.601000-05:00,41.6989481,-86.2348739,a0654bd3,AT&T,Concourse,NR-NSA,
2025-11-22 18:24:26.610000-05:00,41.6989285,-86.2348326,a0654bd3,AT&T,Concourse,NR-NSA,
2025-11-22 18:24:31.597000-05:00,41.6989154,-86.2348416,a0654bd3,AT&T,Concourse,NR-NSA,
2025-11-22 18:24:36.602000-05:00,41.6989312,-86.2348502,a0654bd3,AT&T,Concourse,NR-NSA,
2025-11-22 18:24:41.602000-05:00,41.6989375,-86.2348141,a0654bd3,AT&T,Concourse,NR-NSA,
2025-11-22 18:24:46.612000-05:00,41.698927,-86.2348192,a0654bd3,AT&T,Concourse,NR-NSA,
2025-11-22 18:24:51.608000-05:00,41.6989252,-86.234851,a0654bd3,AT&T,Concourse,NR-NSA,
2025-11-22 18:24:56.600000-05:00,41.6989303,-86.2348335,a0654bd3,AT&T,Concourse,NR-NSA,
2025-11-22 18:25:01.603000-05:00,41.6989192,-86.2348137,a0654bd3,AT&T,Concourse,NR-NSA,
2025-11-22 18:25:06.607000-05:00,41.6989192,-86.2348137,a0654bd3,AT&T,Concourse,NR-NSA,
2025-11-22 18:25:11.605000-05:00,41.6989257,-86.2348219,a0654bd3,AT&T,Concourse,NR-NSA,
2025-11-22 18:25:16.599000-05:00,41.698928,-86.2348307,a0654bd3,AT&T,Concourse,NR-NSA,
2025-11-22 18:25:21.607000-05:00,41.6989393,-86.2348521,a0654bd3,AT&T,Concourse,NR-NSA,
2025-11-22 18:25:26.610000-05:00,41.6989175,-86.2348516,a0654bd3,AT&T,Concourse,LTE,
2025-11-22 18:25:31.601000-05:00,41.6989184,-86.2348404,a0654bd3,AT&T,Concourse,LTE,
2025-11-22 18:25:36.601000-05:00,41.6989262,-86.2348401,a0654bd3,AT&T,Concourse,LTE,
2025-11-22 18:25:41.611000-05:00,41.6989367,-86.2348471,a0654bd3,AT&T,Concourse,LTE,
2025-11-22 18:25:46.613000-05:00,41.6989363,-86.2348464,a0654bd3,AT&T,Concourse,LTE,6695.0
2025-11-22 18:25:51.615000-05:00,41.6989365,-86.2348452,a0654bd3,AT&T,Concourse,LTE,6695.0
2025-11-22 18:25:56.604000-05:00,41.698937,-86.2348442,a0654bd3,AT&T,Concourse,LTE,6695.0
2025-11-22 18:26:01.606000-05:00,41.6989382,-86.2348426,a0654bd3,AT&T,Concourse,LTE,6695.0
2025-11-22 18:26:06.609000-05:00,41.6989389,-86.2348413,a0654bd3,AT&T,Concourse,LTE,6695.0
2025-11-22 18:26:11.609000-05:00,41.6989393,-86.2348405,a0654bd3,AT&T,Concourse,LTE,6695.0
2025-11-22 18:26:16.614000-05:00,41.6989385,-86.234838,a0654bd3,AT&T,Concourse,LTE,6695.0
2025-11-22 18:26:21.611000-05:00,41.6989389,-86.2348368,a0654bd3,AT&T,Concourse,LTE,6695.0
2025-11-22 18:26:26.606000-05:00,41.6989394,-86.2348364,a0654bd3,AT&T,Concourse,LTE,6695.0
2025-11-22 18:26:31.609000-05:00,41.6989395,-86.2348361,a0654bd3,AT&T,Concourse,LTE,6695.0
2025-11-22 18:26:36.612000-05:00,41.6989393,-86.2348327,a0654bd3,AT&T,Concourse,LTE,6695.0
2025-11-22 18:26:41.602000-05:00,41.6989394,-86.2348316,a0654bd3,AT&T,Concourse,LTE,6695.0
2025-11-22 18:26:46.607000-05:00,41.69894,-86.2348317,a0654bd3,AT&T,Concourse,LTE,6695.0
2025-11-22 18:26:51.624000-05:00,41.6989402,-86.2348315,a0654bd3,AT&T,Concourse,LTE,6695.0
2025-11-22 18:26:57.080000-05:00,41.6989402,-86.2348302,a0654bd3,AT&T,Concourse,LTE,6695.0
2025-11-22 18:27:02.068000-05:00,41.6989404,-86.2348278,a0654bd3,AT&T,Concourse,LTE,6695.0
2025-11-22 18:27:07.069000-05:00,41.6989407,-86.2348269,a0654bd3,AT&T,Concourse,LTE,6695.0
2025-11-22 18:27:12.074000-05:00,41.6989437,-86.2347989,a0654bd3,AT&T,Concourse,LTE,6695.0
2025-11-22 18:27:17.066000-05:00,41.6989435,-86.2347872,a0654bd3,AT&T,Concourse,LTE,6695.0
2025-11-22 18:27:22.069000-05:00,41.6989454,-86.2347746,a0654bd3,AT&T,Concourse,LTE,6695.0
2025-11-22 18:27:27.054000-05:00,41.6989454,-86.2347746,a0654bd3,AT&T,Concourse,LTE,6695.0
2025-11-22 18:31:00.992000-05:00,41.6985913,-86.2331505,64957d65,T-Mobile,Concourse,LTE,6055.0
2025-11-22 18:31:05.996000-05:00,41.6986062,-86.2331579,64957d65,T-Mobile,Concourse,LTE,6055.0
2025-11-22 18:31:10.997000-05:00,41.698613,-86.2331575,64957d65,T-Mobile,Concourse,LTE,6055.0
2025-11-22 18:31:16.006000-05:00,41.69862,-86.2331576,64957d65,T-Mobile,Concourse,LTE,6055.0
2025-11-22 18:31:21.004000-05:00,41.6986483,-86.2331189,64957d65,T-Mobile,Concourse,LTE,6055.0
2025-11-22 18:31:26.009000-05:00,41.698632,-86.2331241,64957d65,T-Mobile,Concourse,LTE,6055.0
2025-11-22 18:31:30.995000-05:00,41.6986305,-86.2331291,64957d65,T-Mobile,Concourse,LTE,6055.0
2025-11-22 18:31:36.006000-05:00,41.6986381,-86.2331026,64957d65,T-Mobile,Concourse,LTE,6055.0
2025-11-22 18:31:41.008000-05:00,41.6986482,-86.2331377,64957d65,T-Mobile,Concourse,LTE,6055.0
2025-11-22 18:31:46.008000-05:00,41.6986644,-86.2331099,64957d65,T-Mobile,Concourse,LTE,6055.0
2025-11-22 18:31:51.003000-05:00,41.6986608,-86.233113,64957d65,T-Mobile,Concourse,LTE,6055.0
2025-11-22 18:31:56.015000-05:00,41.6986562,-86.2331212,64957d65,T-Mobile,Concourse,LTE,6055.0
2025-11-22 18:32:01.001000-05:00,41.6986587,-86.2331069,64957d65,T-Mobile,Concourse,LTE,6055.0
2025-11-22 18:32:06.007000-05:00,41.698632,-86.2331174,64957d65,T-Mobile,Concourse,LTE,6055.0
2025-11-22 18:32:11.005000-05:00,41.6986105,-86.2330783,64957d65,T-Mobile,Concourse,LTE,6055.0
2025-11-22 18:32:16.296000-05:00,41.6986644,-86.2330757,64957d65,T-Mobile,Concourse,LTE,6055.0
2025-11-22 18:32:21.290000-05:00,41.6986609,-86.2330755,64957d65,T-Mobile,Concourse,LTE,6055.0
2025-11-22 18:32:26.310000-05:00,41.6986577,-86.2330936,64957d65,T-Mobile,Concourse,LTE,6055.0
2025-11-22 18:32:31.297000-05:00,41.6986552,-86.2330912,64957d65,T-Mobile,Concourse,LTE,6055.0
2025-11-22 18:32:36.286000-05:00,41.6986605,-86.2330859,64957d65,T-Mobile,Concourse,LTE,6055.0
2025-11-22 18:32:41.305000-05:00,41.6986602,-86.2330841,64957d65,T-Mobile,Concourse,LTE,6055.0
2025-11-22 18:32:46.300000-05:00,41.6986579,-86.2330829,64957d65,T-Mobile,Concourse,LTE,6055.0
2025-11-22 18:32:51.373000-05:00,41.6986724,-86.2330793,64957d65,T-Mobile,Concourse,LTE,
2025-11-22 18:32:56.287000-05:00,41.6986798,-86.2330798,64957d65,T-Mobile,Concourse,LTE,
2025-11-22 18:33:01.299000-05:00,41.6986941,-86.2330651,64957d65,T-Mobile,Concourse,LTE,
2025-11-22 18:33:06.291000-05:00,41.6987067,-86.2330598,64957d65,T-Mobile,Concourse,LTE,
2025-11-22 18:33:11.299000-05:00,41.6987157,-86.2330513,64957d65,T-Mobile,Concourse,LTE,
2025-11-22 18:33:16.294000-05:00,41.6987153,-86.2330517,64957d65,T-Mobile,Concourse,LTE,
2025-11-22 18:33:21.292000-05:00,41.6987144,-86.2330562,64957d65,T-Mobile,Concourse,LTE,
2025-11-22 18:33:26.298000-05:00,41.698701,-86.2330602,64957d65,T-Mobile,Concourse,LTE,
2025-11-22 18:33:31.549000-05:00,41.6986949,-86.2330511,64957d65,T-Mobile,Concourse,LTE,
2025-11-22 18:33:36.527000-05:00,41.6986728,-86.2330571,64957d65,T-Mobile,Concourse,NR,
2025-11-22 18:33:41.521000-05:00,41.6986071,-86.2330948,64957d65,T-Mobile,Concourse,NR,
2025-11-22 18:33:46.544000-05:00,41.6986391,-86.2330834,64957d65,T-Mobile,Concourse,NR,
2025-11-22 18:33:51.523000-05:00,41.6986308,-86.2330973,64957d65,T-Mobile,Concourse,NR,
2025-11-22 18:33:56.522000-05:00,41.6986379,-86.2330926,64957d65,T-Mobile,Concourse,NR,
2025-11-22 18:34:01.525000-05:00,41.6986667,-86.2330225,64957d65,T-Mobile,Concourse,NR,
2025-11-22 18:34:06.516000-05:00,41.6986689,-86.233023,64957d65,T-Mobile,Concourse,NR,
2025-11-22 18:34:36.821000-05:00,41.6989622,-86.2329398,64957d65,T-Mobile,Concourse,NR,
2025-11-22 18:34:41.816000-05:00,41.6989526,-86.2329606,64957d65,T-Mobile,Concourse,NR,
2025-11-22 18:34:46.818000-05:00,41.6989556,-86.232969,64957d65,T-Mobile,Concourse,NR,
2025-11-22 18:34:51.830000-05:00,41.6989584,-86.232973,64957d65,T-Mobile,Concourse,NR,
2025-11-22 18:34:56.830000-05:00,41.698895,-86.2330349,64957d65,T-Mobile,Concourse,NR,
2025-11-22 18:35:01.831000-05:00,41.6988941,-86.2330309,64957d65,T-Mobile,Concourse,NR,
2025-11-22 18:35:06.823000-05:00,41.6989043,-86.2330337,64957d65,T-Mobile,Concourse,NR,
2025-11-22 18:35:11.829000-05:00,41.6989045,-86.2330379,64957d65,T-Mobile,Concourse,NR,
2025-11-22 18:35:16.827000-05:00,41.6989069,-86.2330387,64957d65,T-Mobile,Concourse,NR,
2025-11-22 18:35:21.817000-05:00,41.6989076,-86.2330396,64957d65,T-Mobile,Concourse,NR,
2025-11-22 18:35:26.827000-05:00,41.6989097,-86.2330398,64957d65,T-Mobile,Concourse,NR,
2025-11-22 18:35:31.824000-05:00,41.6989116,-86.23304,64957d65,T-Mobile,Concourse,NR,
2025-11-22 18:35:36.836000-05:00,41.698924,-86.2330231,64957d65,T-Mobile,Concourse,NR,
2025-11-22 18:35:41.827000-05:00,41.698935,-86.2330097,64957d65,T-Mobile,Concourse,NR,
2025-11-22 18:35:46.825000-05:00,41.6989152,-86.2330371,64957d65,T-Mobile,Concourse,NR,
2025-11-22 18:35:51.840000-05:00,41.6989152,-86.2330395,64957d65,T-Mobile,Concourse,NR,
2025-11-22 18:35:56.829000-05:00,41.6989171,-86.2330393,64957d65,T-Mobile,Concourse,NR,
2025-11-22 18:36:01.828000-05:00,41.6989178,-86.2330392,64957d65,T-Mobile,Concourse,NR,
2025-11-22 18:36:06.835000-05:00,41.6989185,-86.2330397,64957d65,T-Mobile,Concourse,NR,
2025-11-22 18:36:11.823000-05:00,41.698953,-86.233016,64957d65,T-Mobile,Concourse,NR,5975.0
2025-11-22 18:36:16.825000-05:00,41.698942,-86.2330201,64957d65,T-Mobile,Concourse,NR,5975.0
2025-11-22 18:36:21.829000-05:00,41.698954,-86.2330171,64957d65,T-Mobile,Concourse,NR,5975.0
2025-11-22 18:36:26.834000-05:00,41.6989598,-86.2330116,64957d65,T-Mobile,Concourse,NR,5975.0
2025-11-22 18:36:31.834000-05:00,41.6989577,-86.2330076,64957d65,T-Mobile,Concourse,NR,5975.0
2025-11-22 18:36:36.831000-05:00,41.6989504,-86.2330082,64957d65,T-Mobile,Concourse,NR,5975.0
2025-11-22 18:36:41.828000-05:00,41.6989386,-86.2330202,64957d65,T-Mobile,Concourse,NR,5975.0
2025-11-22 18:36:46.836000-05:00,41.6989245,-86.2330383,64957d65,T-Mobile,Concourse,NR,5975.0
2025-11-22 18:36:51.831000-05:00,41.6989245,-86.2330376,64957d65,T-Mobile,Concourse,NR,5975.0
2025-11-22 18:36:56.830000-05:00,41.6989253,-86.2330364,64957d65,T-Mobile,Concourse,NR,5975.0
2025-11-22 18:37:01.827000-05:00,41.6989261,-86.2330357,64957d65,T-Mobile,Concourse,NR,5975.0
2025-11-22 18:37:06.830000-05:00,41.698927,-86.2330345,64957d65,T-Mobile,Concourse,NR,5975.0
2025-11-22 18:37:11.850000-05:00,41.6989269,-86.2330343,64957d65,T-Mobile,Concourse,NR,5975.0
2025-11-22 18:37:16.837000-05:00,41.698927,-86.2330324,64957d65,T-Mobile,Concourse,NR,5975.0
2025-11-22 18:37:21.827000-05:00,41.6989271,-86.2330322,64957d65,T-Mobile,Concourse,NR,5975.0
2025-11-22 18:37:26.845000-05:00,41.6989274,-86.2330323,64957d65,T-Mobile,Concourse,NR,5975.0
2025-11-22 18:37:31.843000-05:00,41.6989281,-86.2330318,64957d65,T-Mobile,Concourse,NR,5975.0
2025-11-22 18:37:36.831000-05:00,41.6989286,-86.2330309,64957d65,T-Mobile,Concourse,NR,5975.0
2025-11-22 18:38:41.527000-05:00,41.6981879,-86.2329852,64957d65,T-Mobile,Concourse,NR,
2025-11-22 18:38:46.538000-05:00,41.6981835,-86.2329877,64957d65,T-Mobile,Concourse,NR,
2025-11-22 18:38:51.538000-05:00,41.6981794,-86.2329889,64957d65,T-Mobile,Concourse,NR,
2025-11-22 18:38:56.537000-05:00,41.6981816,-86.2329954,64957d65,T-Mobile,Concourse,NR,
2025-11-22 18:39:01.530000-05:00,41.6981761,-86.2330402,64957d65,T-Mobile,Concourse,NR,
2025-11-22 18:39:06.537000-05:00,41.6981732,-86.2330541,64957d65,T-Mobile,Concourse,NR,
2025-11-22 18:39:11.537000-05:00,41.6981704,-86.2330545,64957d65,T-Mobile,Concourse,NR,
2025-11-22 18:39:16.532000-05:00,41.6981716,-86.2330545,64957d65,T-Mobile,Concourse,NR,
2025-11-22 18:39:21.529000-05:00,41.6981699,-86.2330492,64957d65,T-Mobile,Concourse,NR,
2025-11-22 18:39:26.847000-05:00,41.6981683,-86.2330475,64957d65,T-Mobile,Concourse,NR,
2025-11-22 18:39:31.829000-05:00,41.6981686,-86.2330482,64957d65,T-Mobile,Concourse,NR,
2025-11-22 18:39:36.827000-05:00,41.6981703,-86.2330512,64957d65,T-Mobile,Concourse,NR,
2025-11-22 18:39:41.830000-05:00,41.6981715,-86.2330529,64957d65,T-Mobile,Concourse,NR,
2025-11-22 18:39:46.822000-05:00,41.698172,-86.2330537,64957d65,T-Mobile,Concourse,NR,
2025-11-22 18:39:51.835000-05:00,41.6981717,-86.2330519,64957d65,T-Mobile,Concourse,NR,
2025-11-22 18:39:56.834000-05:00,41.6981713,-86.2330504,64957d65,T-Mobile,Concourse,NR,
2025-11-22 18:40:01.828000-05:00,41.6981885,-86.2330508,64957d65,T-Mobile,Concourse,NR,
2025-11-22 18:40:06.822000-05:00,41.6981942,-86.2330477,64957d65,T-Mobile,Concourse,NR,
2025-11-22 18:40:11.834000-05:00,41.698233,-86.2331212,64957d65,T-Mobile,Concourse,NR,5975.0
2025-11-22 18:40:16.830000-05:00,41.6981702,-86.2330487,64957d65,T-Mobile,Concourse,NR,5975.0
2025-11-22 18:40:21.836000-05:00,41.6981918,-86.2330765,64957d65,T-Mobile,Concourse,NR,5975.0
2025-11-22 18:40:26.821000-05:00,41.6981859,-86.2330286,64957d65,T-Mobile,Concourse,NR,5975.0
2025-11-22 18:40:31.834000-05:00,41.6981843,-86.233015,64957d65,T-Mobile,Concourse,NR,5975.0
2025-11-22 18:40:36.836000-05:00,41.698178,-86.2330497,64957d65,T-Mobile,Concourse,NR,5975.0
2025-11-22 18:40:41.829000-05:00,41.6981781,-86.2330519,64957d65,T-Mobile,Concourse,NR,5975.0
2025-11-22 18:40:46.833000-05:00,41.698179,-86.233049,64957d65,T-Mobile,Concourse,NR,5975.0
2025-11-22 18:40:51.832000-05:00,41.6981802,-86.23305,64957d65,T-Mobile,Concourse,NR,5975.0
2025-11-22 18:40:56.830000-05:00,41.6981873,-86.2330403,64957d65,T-Mobile,Concourse,NR,5975.0
2025-11-22 18:41:01.830000-05:00,41.6981819,-86.2330154,64957d65,T-Mobile,Concourse,NR,5975.0
2025-11-22 18:41:06.841000-05:00,41.6981814,-86.2330456,64957d65,T-Mobile,Concourse,NR,5975.0
2025-11-22 18:41:11.834000-05:00,41.6981819,-86.2330462,64957d65,T-Mobile,Concourse,NR,5975.0
2025-11-22 18:41:16.826000-05:00,41.6981819,-86.2330442,64957d65,T-Mobile,Concourse,NR,5975.0
2025-11-22 18:41:21.843000-05:00,41.6982478,-86.2331381,64957d65,T-Mobile,Concourse,NR,5975.0
2025-11-22 18:41:26.831000-05:00,41.6982399,-86.2330987,64957d65,T-Mobile,Concourse,NR,5975.0
2025-11-22 18:41:31.835000-05:00,41.6981824,-86.2330449,64957d65,T-Mobile,Concourse,NR,5975.0
2025-11-22 18:41:36.826000-05:00,41.698184,-86.2330467,64957d65,T-Mobile,Concourse,NR,5975.0
2025-11-22 18:42:12.364000-05:00,41.6979015,-86.2330302,64957d65,T-Mobile,Concourse,NR,
2025-11-22 18:42:17.373000-05:00,41.6979021,-86.2330368,64957d65,T-Mobile,Concourse,NR,
2025-11-22 18:42:22.378000-05:00,41.6978962,-86.233037,64957d65,T-Mobile,Concourse,NR,
2025-11-22 18:42:27.378000-05:00,41.6978608,-86.2330069,64957d65,T-Mobile,Concourse,NR,
2025-11-22 18:42:32.373000-05:00,41.6978745,-86.2330512,64957d65,T-Mobile,Concourse,NR,
2025-11-22 18:42:37.375000-05:00,41.6978744,-86.2330653,64957d65,T-Mobile,Concourse,NR,
2025-11-22 18:42:42.377000-05:00,41.6978722,-86.2330671,64957d65,T-Mobile,Concourse,NR,
2025-11-22 18:42:47.374000-05:00,41.697871,-86.2330677,64957d65,T-Mobile,Concourse,NR,
2025-11-22 18:42:52.375000-05:00,41.6978709,-86.2330668,64957d65,T-Mobile,Concourse,NR,
2025-11-22 18:42:57.372000-05:00,41.6978694,-86.2330671,64957d65,T-Mobile,Concourse,NR,
2025-11-22 18:43:02.374000-05:00,41.697866,-86.233066,64957d65,T-Mobile,Concourse,NR,
2025-11-22 18:43:07.379000-05:00,41.6978635,-86.233066,64957d65,T-Mobile,Concourse,NR,
2025-11-22 18:43:12.383000-05:00,41.6978633,-86.2330661,64957d65,T-Mobile,Concourse,NR,
2025-11-22 18:43:17.390000-05:00,41.6978637,-86.2330658,64957d65,T-Mobile,Concourse,NR,
2025-11-22 18:43:22.404000-05:00,41.6978635,-86.233065,64957d65,T-Mobile,Concourse,NR,
2025-11-22 18:43:27.398000-05:00,41.6978637,-86.2330636,64957d65,T-Mobile,Concourse,NR,
2025-11-22 18:43:32.397000-05:00,41.6978635,-86.233064,64957d65,T-Mobile,Concourse,NR,
2025-11-22 18:43:37.397000-05:00,41.6978631,-86.2330648,64957d65,T-Mobile,Concourse,NR,
2025-11-22 18:43:42.395000-05:00,41.6978599,-86.2330648,64957d65,T-Mobile,Concourse,NR,6375.0
2025-11-22 18:43:47.403000-05:00,41.6978597,-86.2330648,64957d65,T-Mobile,Concourse,NR,6375.0
2025-11-22 18:43:52.406000-05:00,41.6978587,-86.2330653,64957d65,T-Mobile,Concourse,NR,6375.0
2025-11-22 18:43:57.409000-05:00,41.6978583,-86.2330653,64957d65,T-Mobile,Concourse,NR,6375.0
2025-11-22 18:44:02.404000-05:00,41.6978582,-86.2330646,64957d65,T-Mobile,Concourse,NR,6375.0
2025-11-22 18:44:07.408000-05:00,41.6978585,-86.2330649,64957d65,T-Mobile,Concourse,NR,6375.0
2025-11-22 18:44:12.407000-05:00,41.6978589,-86.2330648,64957d65,T-Mobile,Concourse,NR,6375.0
2025-11-22 18:44:17.398000-05:00,41.6978589,-86.2330651,64957d65,T-Mobile,Concourse,NR,6375.0
2025-11-22 18:44:22.407000-05:00,41.6978567,-86.2330648,64957d65,T-Mobile,Concourse,NR,6375.0
2025-11-22 18:44:27.408000-05:00,41.697855,-86.2330649,64957d65,T-Mobile,Concourse,NR,6375.0
2025-11-22 18:44:32.412000-05:00,41.6978546,-86.233065,64957d65,T-Mobile,Concourse,NR,6375.0
2025-11-22 18:44:37.402000-05:00,41.6978544,-86.2330651,64957d65,T-Mobile,Concourse,NR,6375.0
2025-11-22 18:44:42.411000-05:00,41.6978549,-86.2330649,64957d65,T-Mobile,Concourse,NR,6375.0
2025-11-22 18:44:47.412000-05:00,41.6978544,-86.2330646,64957d65,T-Mobile,Concourse,NR,6375.0
2025-11-22 18:44:52.410000-05:00,41.6978523,-86.233064,64957d65,T-Mobile,Concourse,NR,6375.0
2025-11-22 18:44:57.411000-05:00,41.6978508,-86.2330636,64957d65,T-Mobile,Concourse,NR,6375.0
2025-11-22 18:45:02.410000-05:00,41.6978511,-86.2330636,64957d65,T-Mobile,Concourse,NR,6375.0
2025-11-22 18:45:07.412000-05:00,41.6978514,-86.2330636,64957d65,T-Mobile,Concourse,NR,6375.0
2025-11-22 18:45:12.402000-05:00,41.6978516,-86.2330639,64957d65,T-Mobile,Concourse,NR,6375.0
2025-11-22 18:45:56.516000-05:00,41.6976272,-86.2332533,64957d65,T-Mobile,Concourse,NR,
2025-11-22 18:46:01.526000-05:00,41.6975682,-86.2332749,64957d65,T-Mobile,Concourse,NR,
2025-11-22 18:46:06.525000-05:00,41.6975344,-86.2332813,64957d65,T-Mobile,Concourse,NR,
2025-11-22 18:46:11.528000-05:00,41.6975182,-86.2332897,64957d65,T-Mobile,Concourse,NR,
2025-11-22 18:46:16.525000-05:00,41.6975028,-86.2332931,64957d65,T-Mobile,Concourse,NR,
2025-11-22 18:46:21.519000-05:00,41.697527,-86.2332985,64957d65,T-Mobile,Concourse,NR,
2025-11-22 18:46:26.521000-05:00,41.6975584,-86.2333077,64957d65,T-Mobile,Concourse,NR,
2025-11-22 18:46:31.528000-05:00,41.6975575,-86.2333073,64957d65,T-Mobile,Concourse,NR,
2025-11-22 18:46:36.538000-05:00,41.6975619,-86.2333005,64957d65,T-Mobile,Concourse,NR,
2025-11-22 18:46:41.527000-05:00,41.6975697,-86.2332892,64957d65,T-Mobile,Concourse,NR,
2025-11-22 18:46:46.521000-05:00,41.6975662,-86.2332918,64957d65,T-Mobile,Concourse,NR,
2025-11-22 18:46:51.522000-05:00,41.6975644,-86.2332929,64957d65,T-Mobile,Concourse,NR,
2025-11-22 18:46:56.531000-05:00,41.6975629,-86.2332936,64957d65,T-Mobile,Concourse,NR,
2025-11-22 18:47:01.527000-05:00,41.6975612,-86.2332937,64957d65,T-Mobile,Concourse,NR,
2025-11-22 18:47:06.530000-05:00,41.6975544,-86.2332971,64957d65,T-Mobile,Concourse,NR,
2025-11-22 18:47:11.536000-05:00,41.6975477,-86.2332984,64957d65,T-Mobile,Concourse,NR,
2025-11-22 18:47:16.534000-05:00,41.6975491,-86.2332949,64957d65,T-Mobile,Concourse,NR,
2025-11-22 18:47:21.525000-05:00,41.6975507,-86.233292,64957d65,T-Mobile,Concourse,NR,
2025-11-22 18:47:26.540000-05:00,41.6975517,-86.2332892,64957d65,T-Mobile,Concourse,NR,6055.0
2025-11-22 18:47:31.530000-05:00,41.6975484,-86.2332647,64957d65,T-Mobile,Concourse,NR,6055.0
2025-11-22 18:47:36.531000-05:00,41.6974933,-86.2332891,64957d65,T-Mobile,Concourse,NR,6055.0
2025-11-22 18:47:41.529000-05:00,41.6974574,-86.2333052,64957d65,T-Mobile,Concourse,NR,6055.0
2025-11-22 18:47:46.534000-05:00,41.6974664,-86.2333005,64957d65,T-Mobile,Concourse,NR,6055.0
2025-11-22 18:47:51.536000-05:00,41.6974491,-86.2333004,64957d65,T-Mobile,Concourse,NR,6055.0
2025-11-22 18:47:56.534000-05:00,41.697447,-86.2332986,64957d65,T-Mobile,Concourse,NR,6055.0
2025-11-22 18:48:01.531000-05:00,41.697426,-86.2332984,64957d65,T-Mobile,Concourse,NR,6055.0
2025-11-22 18:48:06.543000-05:00,41.6974172,-86.2332924,64957d65,T-Mobile,Concourse,NR,6055.0
2025-11-22 18:48:11.529000-05:00,41.6974164,-86.2332879,64957d65,T-Mobile,Concourse,NR,6055.0
2025-11-22 18:48:16.533000-05:00,41.6974112,-86.2332856,64957d65,T-Mobile,Concourse,NR,6055.0
2025-11-22 18:48:21.532000-05:00,41.6974101,-86.2332837,64957d65,T-Mobile,Concourse,NR,6055.0
2025-11-22 18:48:26.529000-05:00,41.6974133,-86.2332802,64957d65,T-Mobile,Concourse,NR,6055.0
2025-11-22 18:48:31.531000-05:00,41.6973989,-86.233276,64957d65,T-Mobile,Concourse,NR,6055.0
2025-11-22 18:48:36.530000-05:00,41.6973957,-86.2332717,64957d65,T-Mobile,Concourse,NR,6055.0
2025-11-22 18:48:41.529000-05:00,41.6973919,-86.2332718,64957d65,T-Mobile,Concourse,NR,6055.0
2025-11-22 18:48:46.539000-05:00,41.6974882,-86.2332984,64957d65,T-Mobile,Concourse,NR,6055.0
2025-11-22 18:48:51.540000-05:00,41.6975141,-86.2333008,64957d65,T-Mobile,Concourse,NR,6055.0
2025-11-22 18:48:56.532000-05:00,41.6975101,-86.233299,64957d65,T-Mobile,Concourse,NR,6055.0
2025-11-22 18:49:01.534000-05:00,41.6974569,-86.2332908,64957d65,T-Mobile,Concourse,NR,6055.0
2025-11-22 18:49:06.547000-05:00,41.6974505,-86.2332893,64957d65,T-Mobile,Concourse,NR,
2025-11-22 18:49:11.542000-05:00,41.6974677,-86.2332283,64957d65,T-Mobile,Concourse,NR,6055.0
2025-11-22 18:49:16.543000-05:00,41.6974426,-86.2332405,64957d65,T-Mobile,Concourse,NR,6055.0
2025-11-22 18:49:21.531000-05:00,41.697437,-86.233252,64957d65,T-Mobile,Concourse,NR,6055.0
2025-11-22 18:49:26.535000-05:00,41.6974353,-86.2332485,64957d65,T-Mobile,Concourse,NR,6055.0
2025-11-22 18:49:31.540000-05:00,41.6974525,-86.2332758,64957d65,T-Mobile,Concourse,NR,6055.0
2025-11-22 18:50:31.878000-05:00,41.697412,-86.2341148,64957d65,T-Mobile,Concourse,NR,
2025-11-22 18:50:36.887000-05:00,41.6974158,-86.2341244,64957d65,T-Mobile,Concourse,NR,
2025-11-22 18:50:41.881000-05:00,41.6974146,-86.2341352,64957d65,T-Mobile,Concourse,NR,
2025-11-22 18:50:46.883000-05:00,41.6974193,-86.2341469,64957d65,T-Mobile,Concourse,NR,
2025-11-22 18:50:51.885000-05:00,41.6974549,-86.2341556,64957d65,T-Mobile,Concourse,NR,
2025-11-22 18:50:56.882000-05:00,41.6974737,-86.2341494,64957d65,T-Mobile,Concourse,NR,
2025-11-22 18:51:01.881000-05:00,41.6974741,-86.2341619,64957d65,T-Mobile,Concourse,NR,
2025-11-22 18:51:06.881000-05:00,41.6974637,-86.2341815,64957d65,T-Mobile,Concourse,NR,
2025-11-22 18:51:11.885000-05:00,41.6974569,-86.2341896,64957d65,T-Mobile,Concourse,NR,
2025-11-22 18:51:16.876000-05:00,41.6974579,-86.2342052,64957d65,T-Mobile,Concourse,NR,
2025-11-22 18:51:22.120000-05:00,41.6974603,-86.2342227,64957d65,T-Mobile,Concourse,NR,
2025-11-22 18:51:27.104000-05:00,41.6974636,-86.2342312,64957d65,T-Mobile,Concourse,NR,
2025-11-22 18:51:32.107000-05:00,41.69746,-86.2342498,64957d65,T-Mobile,Concourse,NR,
2025-11-22 18:51:37.108000-05:00,41.6974594,-86.2342529,64957d65,T-Mobile,Concourse,NR,
2025-11-22 18:51:42.108000-05:00,41.6974659,-86.2342395,64957d65,T-Mobile,Concourse,NR,
2025-11-22 18:51:47.110000-05:00,41.697467,-86.2342347,64957d65,T-Mobile,Concourse,NR,
2025-11-22 18:51:52.110000-05:00,41.6974843,-86.2342385,64957d65,T-Mobile,Concourse,NR,
2025-11-22 18:51:57.105000-05:00,41.697485,-86.2342388,64957d65,T-Mobile,Concourse,NR,
2025-11-22 18:52:02.108000-05:00,41.6974556,-86.2343018,64957d65,T-Mobile,Concourse,NR,
2025-11-22 18:52:07.103000-05:00,41.6974621,-86.2342894,64957d65,T-Mobile,Concourse,NR,
2025-11-22 18:52:12.109000-05:00,41.6974578,-86.2342521,64957d65,T-Mobile,Concourse,NR,6695.0
2025-11-22 18:52:17.116000-05:00,41.6974615,-86.2342844,64957d65,T-Mobile,Concourse,NR,6695.0
2025-11-22 18:52:22.114000-05:00,41.6974549,-86.2342805,64957d65,T-Mobile,Concourse,NR,6695.0
2025-11-22 18:52:27.111000-05:00,41.6974552,-86.2342813,64957d65,T-Mobile,Concourse,NR,6695.0
2025-11-22 18:52:32.114000-05:00,41.6974517,-86.2342625,64957d65,T-Mobile,Concourse,NR,6695.0
2025-11-22 18:52:37.113000-05:00,41.6974459,-86.2342482,64957d65,T-Mobile,Concourse,NR,6695.0
2025-11-22 18:52:42.107000-05:00,41.6974421,-86.2342499,64957d65,T-Mobile,Concourse,NR,6695.0
2025-11-22 18:52:47.113000-05:00,41.6974453,-86.2342508,64957d65,T-Mobile,Concourse,NR,6695.0
2025-11-22 18:52:52.118000-05:00,41.6974452,-86.2342515,64957d65,T-Mobile,Concourse,NR,6215.0
2025-11-22 18:52:57.114000-05:00,41.6974444,-86.234224,64957d65,T-Mobile,Concourse,NR,6215.0
2025-11-22 18:53:02.115000-05:00,41.6974332,-86.234207,64957d65,T-Mobile,Concourse,NR,
2025-11-22 18:53:07.134000-05:00,41.6974255,-86.2341827,64957d65,T-Mobile,Concourse,NR,6695.0
2025-11-22 18:53:12.113000-05:00,41.6974457,-86.2341781,64957d65,T-Mobile,Concourse,NR,6695.0
2025-11-22 18:53:17.108000-05:00,41.6974425,-86.2341874,64957d65,T-Mobile,Concourse,NR,6695.0
2025-11-22 18:53:22.111000-05:00,41.6974658,-86.2341952,64957d65,T-Mobile,Concourse,NR,6695.0
2025-11-22 18:53:27.291000-05:00,41.697485,-86.2341989,64957d65,T-Mobile,Concourse,NR,6695.0
2025-11-22 18:53:32.283000-05:00,41.6974701,-86.2341998,64957d65,T-Mobile,Concourse,NR,6695.0
2025-11-22 18:53:37.276000-05:00,41.6974453,-86.2342104,64957d65,T-Mobile,Concourse,NR,6695.0
2025-11-22 18:53:42.274000-05:00,41.6975024,-86.2342233,64957d65,T-Mobile,Concourse,NR,6695.0
2025-11-22 18:53:47.282000-05:00,41.6974996,-86.2342311,64957d65,T-Mobile,Concourse,NR,6695.0
2025-11-22 18:53:52.285000-05:00,41.6974921,-86.2342361,64957d65,T-Mobile,Concourse,NR,6695.0
2025-11-22 18:57:40.224000-05:00,41.6975992,-86.2347261,64957d65,T-Mobile,Concourse,NR,5260.0
2025-11-22 18:57:45.221000-05:00,41.6976029,-86.2347196,64957d65,T-Mobile,Concourse,NR,5260.0
2025-11-22 18:57:50.220000-05:00,41.6975978,-86.2347129,64957d65,T-Mobile,Concourse,NR,5260.0
2025-11-22 18:57:55.224000-05:00,41.697598,-86.2346861,64957d65,T-Mobile,Concourse,NR,5260.0
2025-11-22 18:58:00.223000-05:00,41.6976066,-86.2346738,64957d65,T-Mobile,Concourse,NR,5260.0
2025-11-22 18:58:05.225000-05:00,41.6976104,-86.2346742,64957d65,T-Mobile,Concourse,NR,5260.0
2025-11-22 18:58:10.224000-05:00,41.6975817,-86.2347338,64957d65,T-Mobile,Concourse,NR,5260.0
2025-11-22 18:58:15.229000-05:00,41.6975819,-86.2347082,64957d65,T-Mobile,Concourse,NR,5260.0
2025-11-22 18:58:20.222000-05:00,41.6975923,-86.2346961,64957d65,T-Mobile,Concourse,NR,5260.0
2025-11-22 18:58:25.219000-05:00,41.697599,-86.2346704,64957d65,T-Mobile,Concourse,NR,5260.0
2025-11-22 18:58:30.217000-05:00,41.6976081,-86.2346631,64957d65,T-Mobile,Concourse,NR,5260.0
2025-11-22 18:58:35.253000-05:00,41.6976108,-86.2346569,64957d65,T-Mobile,Concourse,NR,5260.0
2025-11-22 18:58:40.226000-05:00,41.6976168,-86.2346664,64957d65,T-Mobile,Concourse,NR,5260.0
2025-11-22 18:58:45.233000-05:00,41.6976271,-86.2346703,64957d65,T-Mobile,Concourse,NR,5260.0
2025-11-22 18:58:50.226000-05:00,41.6976491,-86.2346561,64957d65,T-Mobile,Concourse,NR,5260.0
2025-11-22 18:58:55.221000-05:00,41.6976433,-86.2346454,64957d65,T-Mobile,Concourse,NR,5260.0
2025-11-22 18:59:00.232000-05:00,41.6976444,-86.2346424,64957d65,T-Mobile,Concourse,NR,5260.0
2025-11-22 18:59:05.219000-05:00,41.6976496,-86.2346434,64957d65,T-Mobile,Concourse,NR,5260.0
2025-11-22 18:59:10.436000-05:00,41.6976496,-86.234643,64957d65,T-Mobile,Concourse,NR,
2025-11-22 18:59:15.220000-05:00,41.6976488,-86.2346394,64957d65,T-Mobile,Concourse,NR,
2025-11-22 18:59:20.228000-05:00,41.6976576,-86.2346233,64957d65,T-Mobile,Concourse,NR,
2025-11-22 18:59:25.226000-05:00,41.6976338,-86.2346555,64957d65,T-Mobile,Concourse,NR,
2025-11-22 18:59:30.224000-05:00,41.697628,-86.234655,64957d65,T-Mobile,Concourse,NR,
2025-11-22 18:59:35.227000-05:00,41.6976192,-86.2346592,64957d65,T-Mobile,Concourse,NR,
2025-11-22 18:59:40.225000-05:00,41.6976124,-86.2346751,64957d65,T-Mobile,Concourse,NR,
2025-11-22 18:59:45.226000-05:00,41.6976078,-86.2346834,64957d65,T-Mobile,Concourse,NR,
2025-11-22 18:59:50.226000-05:00,41.6976057,-86.2346632,64957d65,T-Mobile,Concourse,NR,
2025-11-22 18:59:55.226000-05:00,41.6975931,-86.2346871,64957d65,T-Mobile,Concourse,NR,
2025-11-22 19:00:00.230000-05:00,41.6975925,-86.2346921,64957d65,T-Mobile,Concourse,NR,
2025-11-22 19:00:05.221000-05:00,41.6975867,-86.2346886,64957d65,T-Mobile,Concourse,NR,
2025-11-22 19:00:10.240000-05:00,41.6975799,-86.2346859,64957d65,T-Mobile,Concourse,NR,
2025-11-22 19:00:15.238000-05:00,41.6975756,-86.2346848,64957d65,T-Mobile,Concourse,NR,
2025-11-22 19:00:20.229000-05:00,41.6975987,-86.2346142,64957d65,T-Mobile,Concourse,NR,
2025-11-22 19:00:25.226000-05:00,41.6976079,-86.2345963,64957d65,T-Mobile,Concourse,NR,
2025-11-22 19:00:30.235000-05:00,41.6975839,-86.2346463,64957d65,T-Mobile,Concourse,NR,
2025-11-22 19:00:35.224000-05:00,41.6975727,-86.2346659,64957d65,T-Mobile,Concourse,NR,
