timestamp,latitude,longitude,uuid,operator,Location,network_type*,wifi_connected_primary_freq_mhz
2025-11-08 20:11:13.830000-05:00,41.6980831,-86.2330633,64957d65,T-Mobile,Bowl,NR,
2025-11-08 20:11:18.827000-05:00,41.6979402,-86.2331957,64957d65,T-Mobile,Bowl,NR,
2025-11-08 20:11:23.825000-05:00,41.6979251,-86.2332175,64957d65,T-Mobile,Bowl,NR,
2025-11-08 20:11:28.821000-05:00,41.6979176,-86.2332229,64957d65,T-Mobile,Bowl,NR,
2025-11-08 20:11:33.826000-05:00,41.6979176,-86.2332229,64957d65,T-Mobile,Bowl,NR,
2025-11-08 20:11:38.833000-05:00,41.6978861,-86.2332626,64957d65,T-Mobile,Bowl,NR,
2025-11-08 20:11:43.844000-05:00,41.6978872,-86.2332545,64957d65,T-Mobile,Bowl,NR,
2025-11-08 20:11:48.826000-05:00,41.6979027,-86.2332557,64957d65,T-Mobile,Bowl,NR,
2025-11-08 20:11:53.840000-05:00,41.6979052,-86.2332753,64957d65,T-Mobile,Bowl,NR,
2025-11-08 20:11:58.833000-05:00,41.6978961,-86.2332643,64957d65,T-Mobile,Bowl,NR,
2025-11-08 20:12:03.836000-05:00,41.6979313,-86.2333262,64957d65,T-Mobile,Bowl,NR,
2025-11-08 20:12:08.833000-05:00,41.6979403,-86.2333612,64957d65,T-Mobile,Bowl,NR,
2025-11-08 20:12:13.837000-05:00,41.69795,-86.2333667,64957d65,T-Mobile,Bowl,NR,
2025-11-08 20:12:18.833000-05:00,41.6979535,-86.2333714,64957d65,T-Mobile,Bowl,NR,
2025-11-08 20:12:23.825000-05:00,41.697956,-86.2333832,64957d65,T-Mobile,Bowl,NR,
2025-11-08 20:12:28.835000-05:00,41.6979506,-86.233394,64957d65,T-Mobile,Bowl,NR,
2025-11-08 20:12:33.826000-05:00,41.6979537,-86.2333935,64957d65,T-Mobile,Bowl,LTE,
2025-11-08 20:12:38.834000-05:00,41.6979605,-86.2333873,64957d65,T-Mobile,Bowl,LTE,
2025-11-08 20:12:43.830000-05:00,41.6979551,-86.2333972,64957d65,T-Mobile,Bowl,LTE,
2025-11-08 20:12:48.832000-05:00,41.6979462,-86.2333998,64957d65,T-Mobile,Bowl,LTE,
2025-11-08 20:12:53.836000-05:00,41.6979498,-86.233402,64957d65,T-Mobile,Bowl,NR,
2025-11-08 20:12:58.832000-05:00,41.6979503,-86.2334036,64957d65,T-Mobile,Bowl,NR,
2025-11-08 20:13:03.836000-05:00,41.6979498,-86.2334031,64957d65,T-Mobile,Bowl,NR,
2025-11-08 20:13:08.838000-05:00,41.6979491,-86.2334033,64957d65,T-Mobile,Bowl,NR,
2025-11-08 20:13:13.838000-05:00,41.6979489,-86.2334038,64957d65,T-Mobile,Bowl,NR,
2025-11-08 20:13:18.841000-05:00,41.6979485,-86.2334074,64957d65,T-Mobile,Bowl,NR,
2025-11-08 20:13:23.842000-05:00,41.6979497,-86.2334044,64957d65,T-Mobile,Bowl,NR,
2025-11-08 20:13:28.832000-05:00,41.6979489,-86.2334014,64957d65,T-Mobile,Bowl,NR,
2025-11-08 20:13:33.834000-05:00,41.6979491,-86.2334006,64957d65,T-Mobile,Bowl,NR,
2025-11-08 20:13:38.837000-05:00,41.6979494,-86.2334005,64957d65,T-Mobile,Bowl,NR,
2025-11-08 20:13:43.840000-05:00,41.6979494,-86.2334006,64957d65,T-Mobile,Bowl,NR,
2025-11-08 20:13:48.837000-05:00,41.6979496,-86.2334011,64957d65,T-Mobile,Bowl,NR,
2025-11-08 20:13:53.839000-05:00,41.6979494,-86.2334014,64957d65,T-Mobile,Bowl,NR,
2025-11-08 20:13:58.836000-05:00,41.6979494,-86.2334016,64957d65,T-Mobile,Bowl,NR,
2025-11-08 20:14:03.843000-05:00,41.6979497,-86.233402,64957d65,T-Mobile,Bowl,NR,
2025-11-08 20:14:08.839000-05:00,41.6979495,-86.2334023,64957d65,T-Mobile,Bowl,NR,
2025-11-08 20:14:13.839000-05:00,41.6979498,-86.2334027,64957d65,T-Mobile,Bowl,NR,
2025-11-08 20:14:18.839000-05:00,41.6979497,-86.233403,64957d65,T-Mobile,Bowl,NR,
2025-11-08 20:14:23.841000-05:00,41.6979497,-86.2334031,64957d65,T-Mobile,Bowl,NR,
2025-11-08 20:14:24.300000-05:00,41.6979497,-86.2345057,a0654bd3,AT&T,Bowl,LTE,
2025-11-08 20:14:28.836000-05:00,41.6979492,-86.2334032,64957d65,T-Mobile,Bowl,NR,
2025-11-08 20:14:32.763000-05:00,41.6979525,-86.2345003,a0654bd3,AT&T,Bowl,LTE,
2025-11-08 20:14:33.837000-05:00,41.6979491,-86.2334032,64957d65,T-Mobile,Bowl,NR,
2025-11-08 20:14:37.770000-05:00,41.6979527,-86.2345007,a0654bd3,AT&T,Bowl,LTE,
2025-11-08 20:14:38.833000-05:00,41.6979493,-86.2334035,64957d65,T-Mobile,Bowl,NR,
2025-11-08 20:14:42.769000-05:00,41.6979503,-86.2345024,a0654bd3,AT&T,Bowl,LTE,
2025-11-08 20:14:43.837000-05:00,41.6979493,-86.2334038,64957d65,T-Mobile,Bowl,NR,
2025-11-08 20:14:48.835000-05:00,41.697949,-86.2334038,64957d65,T-Mobile,Bowl,NR,
2025-11-08 20:14:52.818000-05:00,41.6979517,-86.2345035,a0654bd3,AT&T,Bowl,LTE,
2025-11-08 20:14:53.844000-05:00,41.6979495,-86.2334037,64957d65,T-Mobile,Bowl,NR,
2025-11-08 20:14:58.844000-05:00,41.6979496,-86.2334032,64957d65,T-Mobile,Bowl,NR,
2025-11-08 20:15:00.245000-05:00,41.6979591,-86.2345242,a0654bd3,AT&T,Bowl,LTE,
2025-11-08 20:15:03.841000-05:00,41.6979497,-86.2334034,64957d65,T-Mobile,Bowl,NR,
2025-11-08 20:15:07.687000-05:00,41.6979571,-86.2345458,a0654bd3,AT&T,Bowl,LTE,
2025-11-08 20:15:08.846000-05:00,41.6979495,-86.2334034,64957d65,T-Mobile,Bowl,NR,
2025-11-08 20:15:12.699000-05:00,41.6979456,-86.2345722,a0654bd3,AT&T,Bowl,LTE,
2025-11-08 20:15:13.844000-05:00,41.6979495,-86.2334036,64957d65,T-Mobile,Bowl,NR,
2025-11-08 20:15:17.694000-05:00,41.6979401,-86.2345827,a0654bd3,AT&T,Bowl,LTE,
2025-11-08 20:15:18.849000-05:00,41.6979498,-86.2334038,64957d65,T-Mobile,Bowl,NR,
2025-11-08 20:15:22.699000-05:00,41.6979402,-86.2345847,a0654bd3,AT&T,Bowl,LTE,
2025-11-08 20:15:23.844000-05:00,41.6979499,-86.2334036,64957d65,T-Mobile,Bowl,NR,
2025-11-08 20:15:27.705000-05:00,41.697945,-86.2345848,a0654bd3,AT&T,Bowl,LTE,
2025-11-08 20:15:28.837000-05:00,41.6979488,-86.2334075,64957d65,T-Mobile,Bowl,NR,5600.0
2025-11-08 20:15:32.707000-05:00,41.697944,-86.2345787,a0654bd3,AT&T,Bowl,LTE,
2025-11-08 20:15:33.848000-05:00,41.6979489,-86.2334049,64957d65,T-Mobile,Bowl,NR,5600.0
2025-11-08 20:15:37.704000-05:00,41.6979485,-86.2345745,a0654bd3,AT&T,Bowl,LTE,
2025-11-08 20:15:38.844000-05:00,41.6979494,-86.2334059,64957d65,T-Mobile,Bowl,NR,5600.0
2025-11-08 20:15:42.697000-05:00,41.6979483,-86.2345296,a0654bd3,AT&T,Bowl,LTE,
2025-11-08 20:15:43.845000-05:00,41.6979497,-86.2334059,64957d65,T-Mobile,Bowl,NR,5600.0
2025-11-08 20:15:47.704000-05:00,41.6979389,-86.2345188,a0654bd3,AT&T,Bowl,LTE,
2025-11-08 20:15:48.838000-05:00,41.6979492,-86.2334036,64957d65,T-Mobile,Bowl,NR,6215.0
2025-11-08 20:15:52.700000-05:00,41.6979375,-86.2345145,a0654bd3,AT&T,Bowl,LTE,
2025-11-08 20:15:53.849000-05:00,41.697949,-86.2334035,64957d65,T-Mobile,Bowl,LTE,6215.0
2025-11-08 20:15:57.700000-05:00,41.6979384,-86.2344953,a0654bd3,AT&T,Bowl,LTE,
2025-11-08 20:15:58.864000-05:00,41.6979486,-86.2334038,64957d65,T-Mobile,Bowl,LTE,6215.0
2025-11-08 20:16:02.777000-05:00,41.6979355,-86.2344796,a0654bd3,AT&T,Bowl,LTE,
2025-11-08 20:16:03.865000-05:00,41.6979486,-86.2334037,64957d65,T-Mobile,Bowl,LTE,6215.0
2025-11-08 20:16:07.782000-05:00,41.6979378,-86.2344685,a0654bd3,AT&T,Bowl,LTE,
2025-11-08 20:16:08.853000-05:00,41.6979487,-86.2334036,64957d65,T-Mobile,Bowl,LTE,6215.0
2025-11-08 20:16:12.783000-05:00,41.697936,-86.2344745,a0654bd3,AT&T,Bowl,LTE,
2025-11-08 20:16:13.846000-05:00,41.6979487,-86.2334036,64957d65,T-Mobile,Bowl,NR,6215.0
2025-11-08 20:16:17.780000-05:00,41.6979338,-86.234487,a0654bd3,AT&T,Bowl,LTE,
2025-11-08 20:16:18.853000-05:00,41.6979488,-86.2334034,64957d65,T-Mobile,Bowl,NR,6215.0
2025-11-08 20:16:22.786000-05:00,41.6979334,-86.2344911,a0654bd3,AT&T,Bowl,LTE,
2025-11-08 20:16:23.851000-05:00,41.6979489,-86.2334035,64957d65,T-Mobile,Bowl,NR,6215.0
2025-11-08 20:16:27.785000-05:00,41.6979336,-86.2344929,a0654bd3,AT&T,Bowl,LTE,
2025-11-08 20:16:28.858000-05:00,41.697949,-86.2334026,64957d65,T-Mobile,Bowl,NR,6215.0
2025-11-08 20:16:32.784000-05:00,41.6979442,-86.2345054,a0654bd3,AT&T,Bowl,NR-NSA,
2025-11-08 20:16:33.856000-05:00,41.6979489,-86.2334024,64957d65,T-Mobile,Bowl,NR,6215.0
2025-11-08 20:16:37.785000-05:00,41.6979443,-86.234514,a0654bd3,AT&T,Bowl,NR-NSA,
2025-11-08 20:16:38.850000-05:00,41.6979489,-86.2334025,64957d65,T-Mobile,Bowl,NR,6215.0
2025-11-08 20:16:42.781000-05:00,41.697945,-86.2345249,a0654bd3,AT&T,Bowl,NR-NSA,
2025-11-08 20:16:43.843000-05:00,41.697949,-86.2334026,64957d65,T-Mobile,Bowl,NR,6215.0
2025-11-08 20:16:47.785000-05:00,41.6979472,-86.2345311,a0654bd3,AT&T,Bowl,NR-NSA,
2025-11-08 20:16:48.842000-05:00,41.6979491,-86.2334028,64957d65,T-Mobile,Bowl,NR,6215.0
2025-11-08 20:16:52.785000-05:00,41.6979481,-86.2345346,a0654bd3,AT&T,Bowl,LTE,
2025-11-08 20:16:53.846000-05:00,41.6979491,-86.2334027,64957d65,T-Mobile,Bowl,NR,6215.0
2025-11-08 20:16:57.785000-05:00,41.697952,-86.2345342,a0654bd3,AT&T,Bowl,LTE,
2025-11-08 20:16:58.850000-05:00,41.6979489,-86.2334029,64957d65,T-Mobile,Bowl,NR,6215.0
2025-11-08 20:17:02.786000-05:00,41.697952,-86.2345337,a0654bd3,AT&T,Bowl,LTE,
2025-11-08 20:17:03.847000-05:00,41.6979488,-86.2334029,64957d65,T-Mobile,Bowl,NR,6215.0
2025-11-08 20:17:07.785000-05:00,41.6979515,-86.2345301,a0654bd3,AT&T,Bowl,LTE,
2025-11-08 20:17:08.853000-05:00,41.6979487,-86.2334031,64957d65,T-Mobile,Bowl,NR,6215.0
2025-11-08 20:17:12.786000-05:00,41.6979467,-86.234523,a0654bd3,AT&T,Bowl,LTE,
2025-11-08 20:17:13.853000-05:00,41.6979486,-86.2334032,64957d65,T-Mobile,Bowl,NR,6215.0
2025-11-08 20:17:17.785000-05:00,41.697951,-86.2345158,a0654bd3,AT&T,Bowl,LTE,
2025-11-08 20:17:18.845000-05:00,41.6979488,-86.2334035,64957d65,T-Mobile,Bowl,NR,6215.0
2025-11-08 20:17:22.783000-05:00,41.6979514,-86.2345147,a0654bd3,AT&T,Bowl,LTE,
2025-11-08 20:17:23.522000-05:00,41.6988898,-86.2333119,7c36e7df,Verizon,Bowl,LTE,
2025-11-08 20:17:23.851000-05:00,41.6979488,-86.2334035,64957d65,T-Mobile,Bowl,NR,6215.0
2025-11-08 20:17:27.784000-05:00,41.6979514,-86.2345148,a0654bd3,AT&T,Bowl,LTE,
2025-11-08 20:17:28.522000-05:00,41.6988543,-86.233355,7c36e7df,Verizon,Bowl,LTE,
2025-11-08 20:17:28.851000-05:00,41.6979489,-86.2334035,64957d65,T-Mobile,Bowl,NR,6215.0
2025-11-08 20:17:32.807000-05:00,41.6979514,-86.2345147,a0654bd3,AT&T,Bowl,LTE,
2025-11-08 20:17:33.851000-05:00,41.6979489,-86.2334036,64957d65,T-Mobile,Bowl,NR,6215.0
2025-11-08 20:17:35.092000-05:00,41.6988407,-86.2333723,7c36e7df,Verizon,Bowl,LTE,
2025-11-08 20:17:37.788000-05:00,41.6979514,-86.2345149,a0654bd3,AT&T,Bowl,LTE,
2025-11-08 20:17:38.852000-05:00,41.6979488,-86.2334038,64957d65,T-Mobile,Bowl,NR,6215.0
2025-11-08 20:17:41.413000-05:00,41.6988316,-86.2334032,7c36e7df,Verizon,Bowl,LTE,
2025-11-08 20:17:42.786000-05:00,41.6979514,-86.2345149,a0654bd3,AT&T,Bowl,LTE,
2025-11-08 20:17:43.854000-05:00,41.6979488,-86.2334037,64957d65,T-Mobile,Bowl,NR,6215.0
2025-11-08 20:17:46.409000-05:00,41.6988316,-86.2334032,7c36e7df,Verizon,Bowl,LTE,
2025-11-08 20:17:47.788000-05:00,41.6979518,-86.2345134,a0654bd3,AT&T,Bowl,LTE,
2025-11-08 20:17:48.853000-05:00,41.6979491,-86.2334036,64957d65,T-Mobile,Bowl,NR,6215.0
2025-11-08 20:17:51.417000-05:00,41.6988279,-86.2333988,7c36e7df,Verizon,Bowl,LTE,
2025-11-08 20:17:52.790000-05:00,41.6979528,-86.2345126,a0654bd3,AT&T,Bowl,LTE,
2025-11-08 20:17:53.855000-05:00,41.697949,-86.2334036,64957d65,T-Mobile,Bowl,NR,6215.0
2025-11-08 20:17:56.417000-05:00,41.6988296,-86.2333904,7c36e7df,Verizon,Bowl,LTE,
2025-11-08 20:17:57.793000-05:00,41.6979529,-86.2345124,a0654bd3,AT&T,Bowl,LTE,
2025-11-08 20:17:58.856000-05:00,41.6979492,-86.2334037,64957d65,T-Mobile,Bowl,NR,6215.0
2025-11-08 20:18:01.890000-05:00,41.6988278,-86.2333856,7c36e7df,Verizon,Bowl,LTE,
2025-11-08 20:18:02.788000-05:00,41.6979537,-86.2345054,a0654bd3,AT&T,Bowl,LTE,
2025-11-08 20:18:03.856000-05:00,41.6979491,-86.2334035,64957d65,T-Mobile,Bowl,NR,6215.0
2025-11-08 20:18:06.902000-05:00,41.6988279,-86.2333838,7c36e7df,Verizon,Bowl,LTE,
2025-11-08 20:18:07.797000-05:00,41.6979501,-86.2345022,a0654bd3,AT&T,Bowl,LTE,
2025-11-08 20:18:08.871000-05:00,41.697949,-86.2334036,64957d65,T-Mobile,Bowl,NR,6215.0
2025-11-08 20:18:11.897000-05:00,41.6988247,-86.2333814,7c36e7df,Verizon,Bowl,LTE,
2025-11-08 20:18:12.795000-05:00,41.697956,-86.2345056,a0654bd3,AT&T,Bowl,LTE,
2025-11-08 20:18:13.857000-05:00,41.6979489,-86.2334033,64957d65,T-Mobile,Bowl,NR,6215.0
2025-11-08 20:18:16.899000-05:00,41.6988244,-86.2333813,7c36e7df,Verizon,Bowl,LTE,
2025-11-08 20:18:17.792000-05:00,41.697957,-86.2345161,a0654bd3,AT&T,Bowl,LTE,
2025-11-08 20:18:18.859000-05:00,41.6979487,-86.2334034,64957d65,T-Mobile,Bowl,NR,6215.0
2025-11-08 20:18:21.903000-05:00,41.6988243,-86.2333809,7c36e7df,Verizon,Bowl,NR-NSA,
2025-11-08 20:18:22.793000-05:00,41.697958,-86.2345147,a0654bd3,AT&T,Bowl,LTE,
2025-11-08 20:18:23.858000-05:00,41.6979491,-86.2334026,64957d65,T-Mobile,Bowl,NR,6215.0
2025-11-08 20:18:26.898000-05:00,41.6988245,-86.2333809,7c36e7df,Verizon,Bowl,NR-NSA,
2025-11-08 20:18:27.790000-05:00,41.6979574,-86.2345154,a0654bd3,AT&T,Bowl,LTE,
2025-11-08 20:18:28.856000-05:00,41.6979474,-86.2334055,64957d65,T-Mobile,Bowl,NR,6215.0
2025-11-08 20:18:31.900000-05:00,41.6988246,-86.2333812,7c36e7df,Verizon,Bowl,NR-NSA,
2025-11-08 20:18:32.790000-05:00,41.6979549,-86.2345079,a0654bd3,AT&T,Bowl,LTE,
2025-11-08 20:18:33.852000-05:00,41.6979505,-86.2334022,64957d65,T-Mobile,Bowl,NR,6215.0
2025-11-08 20:18:36.899000-05:00,41.6988246,-86.2333806,7c36e7df,Verizon,Bowl,LTE,
2025-11-08 20:18:37.790000-05:00,41.6979557,-86.2345066,a0654bd3,AT&T,Bowl,LTE,
2025-11-08 20:18:38.856000-05:00,41.6979511,-86.2334018,64957d65,T-Mobile,Bowl,NR,6215.0
2025-11-08 20:18:41.908000-05:00,41.6988247,-86.2333804,7c36e7df,Verizon,Bowl,LTE,
2025-11-08 20:18:42.792000-05:00,41.6979557,-86.2345068,a0654bd3,AT&T,Bowl,LTE,
2025-11-08 20:18:43.851000-05:00,41.6979511,-86.2334022,64957d65,T-Mobile,Bowl,NR,6215.0
2025-11-08 20:18:46.896000-05:00,41.6988249,-86.2333807,7c36e7df,Verizon,Bowl,LTE,
2025-11-08 20:18:47.793000-05:00,41.6979552,-86.2345072,a0654bd3,AT&T,Bowl,LTE,
2025-11-08 20:18:48.860000-05:00,41.6979514,-86.2334025,64957d65,T-Mobile,Bowl,NR,6215.0
2025-11-08 20:18:51.903000-05:00,41.6988251,-86.2333805,7c36e7df,Verizon,Bowl,LTE,
2025-11-08 20:18:52.792000-05:00,41.6979549,-86.2345058,a0654bd3,AT&T,Bowl,LTE,
2025-11-08 20:18:53.849000-05:00,41.6979515,-86.2334029,64957d65,T-Mobile,Bowl,NR,6215.0
2025-11-08 20:18:56.896000-05:00,41.6988251,-86.2333799,7c36e7df,Verizon,Bowl,LTE,
2025-11-08 20:18:57.788000-05:00,41.6979557,-86.2345049,a0654bd3,AT&T,Bowl,LTE,
2025-11-08 20:18:58.862000-05:00,41.6979519,-86.2334031,64957d65,T-Mobile,Bowl,NR,6215.0
2025-11-08 20:19:01.903000-05:00,41.6988252,-86.2333801,7c36e7df,Verizon,Bowl,LTE,
2025-11-08 20:19:02.786000-05:00,41.6979559,-86.2345053,a0654bd3,AT&T,Bowl,LTE,
2025-11-08 20:19:03.865000-05:00,41.697952,-86.2334034,64957d65,T-Mobile,Bowl,NR,6215.0
2025-11-08 20:19:06.900000-05:00,41.6988253,-86.2333799,7c36e7df,Verizon,Bowl,LTE,
2025-11-08 20:19:07.792000-05:00,41.6979559,-86.2345052,a0654bd3,AT&T,Bowl,LTE,
2025-11-08 20:19:08.861000-05:00,41.6979516,-86.2334035,64957d65,T-Mobile,Bowl,NR,6215.0
2025-11-08 20:19:11.901000-05:00,41.6988254,-86.2333795,7c36e7df,Verizon,Bowl,NR-NSA,
2025-11-08 20:19:12.787000-05:00,41.6979529,-86.2345037,a0654bd3,AT&T,Bowl,LTE,
2025-11-08 20:19:13.861000-05:00,41.6979514,-86.2334034,64957d65,T-Mobile,Bowl,NR,6215.0
2025-11-08 20:19:16.898000-05:00,41.6988255,-86.2333794,7c36e7df,Verizon,Bowl,LTE,
2025-11-08 20:19:17.792000-05:00,41.6979532,-86.2345017,a0654bd3,AT&T,Bowl,LTE,
2025-11-08 20:19:18.853000-05:00,41.6979516,-86.2334037,64957d65,T-Mobile,Bowl,NR,6215.0
2025-11-08 20:19:21.896000-05:00,41.6988255,-86.2333795,7c36e7df,Verizon,Bowl,LTE,
2025-11-08 20:19:22.809000-05:00,41.697954,-86.2344966,a0654bd3,AT&T,Bowl,LTE,
2025-11-08 20:19:23.858000-05:00,41.6979521,-86.2334042,64957d65,T-Mobile,Bowl,NR,
2025-11-08 20:19:26.899000-05:00,41.6988256,-86.2333794,7c36e7df,Verizon,Bowl,LTE,
2025-11-08 20:19:27.792000-05:00,41.697953,-86.2344935,a0654bd3,AT&T,Bowl,NR-NSA,
2025-11-08 20:19:31.906000-05:00,41.6988259,-86.2333793,7c36e7df,Verizon,Bowl,LTE,
2025-11-08 20:19:32.794000-05:00,41.697953,-86.2344933,a0654bd3,AT&T,Bowl,NR-NSA,
2025-11-08 20:19:36.900000-05:00,41.698826,-86.2333792,7c36e7df,Verizon,Bowl,LTE,
2025-11-08 20:19:37.794000-05:00,41.6979501,-86.2344916,a0654bd3,AT&T,Bowl,NR-NSA,
2025-11-08 20:19:41.899000-05:00,41.6988261,-86.2333792,7c36e7df,Verizon,Bowl,LTE,
2025-11-08 20:19:42.792000-05:00,41.6979501,-86.2344914,a0654bd3,AT&T,Bowl,LTE,
2025-11-08 20:19:46.900000-05:00,41.6988264,-86.2333793,7c36e7df,Verizon,Bowl,LTE,
2025-11-08 20:19:47.793000-05:00,41.6979498,-86.2344888,a0654bd3,AT&T,Bowl,LTE,
2025-11-08 20:19:51.901000-05:00,41.6988269,-86.2333791,7c36e7df,Verizon,Bowl,LTE,
2025-11-08 20:19:52.791000-05:00,41.6979554,-86.2344957,a0654bd3,AT&T,Bowl,LTE,
2025-11-08 20:19:56.898000-05:00,41.698828,-86.2333812,7c36e7df,Verizon,Bowl,LTE,
2025-11-08 20:19:57.792000-05:00,41.697956,-86.2344963,a0654bd3,AT&T,Bowl,LTE,
2025-11-08 20:20:01.897000-05:00,41.6988292,-86.2333896,7c36e7df,Verizon,Bowl,LTE,
2025-11-08 20:20:02.795000-05:00,41.697956,-86.234496,a0654bd3,AT&T,Bowl,LTE,
2025-11-08 20:20:06.898000-05:00,41.6988274,-86.2333898,7c36e7df,Verizon,Bowl,LTE,
2025-11-08 20:20:07.794000-05:00,41.6979559,-86.2344958,a0654bd3,AT&T,Bowl,LTE,
2025-11-08 20:20:11.898000-05:00,41.698827,-86.2333891,7c36e7df,Verizon,Bowl,LTE,
2025-11-08 20:20:12.795000-05:00,41.6979557,-86.2344955,a0654bd3,AT&T,Bowl,LTE,
2025-11-08 20:20:16.902000-05:00,41.6988271,-86.2333894,7c36e7df,Verizon,Bowl,LTE,
2025-11-08 20:20:17.797000-05:00,41.6979551,-86.2344937,a0654bd3,AT&T,Bowl,LTE,
2025-11-08 20:20:21.901000-05:00,41.6988269,-86.2333888,7c36e7df,Verizon,Bowl,LTE,
2025-11-08 20:20:22.794000-05:00,41.6979549,-86.2344931,a0654bd3,AT&T,Bowl,NR-NSA,
2025-11-08 20:20:26.900000-05:00,41.6988269,-86.2333886,7c36e7df,Verizon,Bowl,LTE,
2025-11-08 20:20:27.793000-05:00,41.6979548,-86.2344932,a0654bd3,AT&T,Bowl,NR-NSA,
2025-11-08 20:20:31.903000-05:00,41.6988268,-86.2333881,7c36e7df,Verizon,Bowl,LTE,
2025-11-08 20:20:32.796000-05:00,41.6979557,-86.2344933,a0654bd3,AT&T,Bowl,LTE,
2025-11-08 20:20:36.900000-05:00,41.6988268,-86.2333878,7c36e7df,Verizon,Bowl,LTE,
2025-11-08 20:20:37.799000-05:00,41.6979523,-86.2344962,a0654bd3,AT&T,Bowl,NR-NSA,
2025-11-08 20:20:41.904000-05:00,41.6988267,-86.2333873,7c36e7df,Verizon,Bowl,LTE,
2025-11-08 20:20:42.797000-05:00,41.6979512,-86.2344946,a0654bd3,AT&T,Bowl,NR-NSA,
2025-11-08 20:20:46.913000-05:00,41.6988268,-86.2333871,7c36e7df,Verizon,Bowl,LTE,
2025-11-08 20:20:47.797000-05:00,41.6979513,-86.2344945,a0654bd3,AT&T,Bowl,NR-NSA,
2025-11-08 20:20:51.901000-05:00,41.6988267,-86.2333866,7c36e7df,Verizon,Bowl,NR-NSA,
2025-11-08 20:20:52.796000-05:00,41.6979508,-86.2344923,a0654bd3,AT&T,Bowl,NR-NSA,
2025-11-08 20:20:56.904000-05:00,41.6988266,-86.2333861,7c36e7df,Verizon,Bowl,LTE,
2025-11-08 20:20:57.798000-05:00,41.6979524,-86.2344987,a0654bd3,AT&T,Bowl,LTE,
2025-11-08 20:21:01.902000-05:00,41.6988266,-86.2333857,7c36e7df,Verizon,Bowl,NR-NSA,
2025-11-08 20:21:02.797000-05:00,41.6979521,-86.2344992,a0654bd3,AT&T,Bowl,LTE,
2025-11-08 20:21:06.904000-05:00,41.6988267,-86.2333852,7c36e7df,Verizon,Bowl,NR-NSA,
2025-11-08 20:21:07.797000-05:00,41.6979517,-86.2344991,a0654bd3,AT&T,Bowl,LTE,
2025-11-08 20:21:11.906000-05:00,41.6988249,-86.2333885,7c36e7df,Verizon,Bowl,NR-NSA,
2025-11-08 20:21:12.797000-05:00,41.6979508,-86.234498,a0654bd3,AT&T,Bowl,LTE,
2025-11-08 20:21:16.903000-05:00,41.6988337,-86.2333882,7c36e7df,Verizon,Bowl,NR-NSA,
2025-11-08 20:21:17.800000-05:00,41.6979477,-86.2345005,a0654bd3,AT&T,Bowl,LTE,
2025-11-08 20:21:21.906000-05:00,41.6988304,-86.2333928,7c36e7df,Verizon,Bowl,NR-NSA,
2025-11-08 20:21:22.802000-05:00,41.6979512,-86.2345009,a0654bd3,AT&T,Bowl,LTE,
2025-11-08 20:21:26.906000-05:00,41.698828,-86.2333929,7c36e7df,Verizon,Bowl,NR-NSA,
2025-11-08 20:21:27.797000-05:00,41.6979511,-86.2345007,a0654bd3,AT&T,Bowl,LTE,
2025-11-08 20:21:31.905000-05:00,41.6988279,-86.2333924,7c36e7df,Verizon,Bowl,NR-NSA,
2025-11-08 20:21:32.802000-05:00,41.6979491,-86.2344911,a0654bd3,AT&T,Bowl,LTE,
2025-11-08 20:21:36.908000-05:00,41.6988339,-86.2333952,7c36e7df,Verizon,Bowl,LTE,
2025-11-08 20:21:37.803000-05:00,41.697949,-86.2344899,a0654bd3,AT&T,Bowl,LTE,
2025-11-08 20:21:41.915000-05:00,41.6988314,-86.2333993,7c36e7df,Verizon,Bowl,LTE,
2025-11-08 20:21:42.793000-05:00,41.6979462,-86.2344895,a0654bd3,AT&T,Bowl,LTE,
2025-11-08 20:21:46.910000-05:00,41.6988278,-86.2333919,7c36e7df,Verizon,Bowl,LTE,
2025-11-08 20:21:47.812000-05:00,41.6979449,-86.2344891,a0654bd3,AT&T,Bowl,LTE,
2025-11-08 20:21:51.911000-05:00,41.6988294,-86.2333925,7c36e7df,Verizon,Bowl,LTE,
2025-11-08 20:21:52.801000-05:00,41.6979421,-86.2344936,a0654bd3,AT&T,Bowl,LTE,
2025-11-08 20:21:56.921000-05:00,41.6988321,-86.2333913,7c36e7df,Verizon,Bowl,LTE,
2025-11-08 20:21:57.800000-05:00,41.6979383,-86.2344986,a0654bd3,AT&T,Bowl,LTE,
2025-11-08 20:22:01.919000-05:00,41.6988335,-86.233389,7c36e7df,Verizon,Bowl,LTE,
2025-11-08 20:22:02.803000-05:00,41.6979393,-86.2345008,a0654bd3,AT&T,Bowl,LTE,
2025-11-08 20:22:06.907000-05:00,41.6988335,-86.2333883,7c36e7df,Verizon,Bowl,LTE,
2025-11-08 20:22:07.800000-05:00,41.6979392,-86.2345005,a0654bd3,AT&T,Bowl,NR-NSA,
2025-11-08 20:22:11.907000-05:00,41.6988357,-86.2333796,7c36e7df,Verizon,Bowl,LTE,
2025-11-08 20:22:12.798000-05:00,41.6979367,-86.2344934,a0654bd3,AT&T,Bowl,NR-NSA,
2025-11-08 20:22:16.917000-05:00,41.6988355,-86.2333793,7c36e7df,Verizon,Bowl,LTE,
2025-11-08 20:22:17.799000-05:00,41.6979384,-86.2344927,a0654bd3,AT&T,Bowl,LTE,
2025-11-08 20:22:21.911000-05:00,41.6988354,-86.2333789,7c36e7df,Verizon,Bowl,LTE,
2025-11-08 20:22:22.804000-05:00,41.6979371,-86.2344897,a0654bd3,AT&T,Bowl,LTE,
2025-11-08 20:22:26.913000-05:00,41.6988353,-86.2333786,7c36e7df,Verizon,Bowl,LTE,
2025-11-08 20:22:27.802000-05:00,41.6979366,-86.2344892,a0654bd3,AT&T,Bowl,LTE,
2025-11-08 20:22:31.916000-05:00,41.6988352,-86.2333783,7c36e7df,Verizon,Bowl,Wi-Fi,6135.0
2025-11-08 20:22:32.802000-05:00,41.6979366,-86.2344893,a0654bd3,AT&T,Bowl,NR-NSA,
2025-11-08 20:22:36.919000-05:00,41.6988354,-86.2333785,7c36e7df,Verizon,Bowl,Wi-Fi,6135.0
2025-11-08 20:22:37.801000-05:00,41.6979364,-86.2344893,a0654bd3,AT&T,Bowl,LTE,
2025-11-08 20:22:41.914000-05:00,41.6988358,-86.2333792,7c36e7df,Verizon,Bowl,Wi-Fi,6135.0
2025-11-08 20:22:42.803000-05:00,41.6979352,-86.2344875,a0654bd3,AT&T,Bowl,LTE,
2025-11-08 20:22:46.919000-05:00,41.6988356,-86.2333791,7c36e7df,Verizon,Bowl,Wi-Fi,6135.0
2025-11-08 20:22:47.799000-05:00,41.6979352,-86.2344877,a0654bd3,AT&T,Bowl,LTE,
2025-11-08 20:22:51.923000-05:00,41.6988337,-86.2333816,7c36e7df,Verizon,Bowl,Wi-Fi,6135.0
2025-11-08 20:22:52.813000-05:00,41.6979374,-86.2344893,a0654bd3,AT&T,Bowl,LTE,
2025-11-08 20:22:56.916000-05:00,41.6988308,-86.2333807,7c36e7df,Verizon,Bowl,Wi-Fi,6135.0
2025-11-08 20:22:57.805000-05:00,41.6979373,-86.2344893,a0654bd3,AT&T,Bowl,LTE,
2025-11-08 20:23:02.008000-05:00,41.6988285,-86.2333828,7c36e7df,Verizon,Bowl,Wi-Fi,6135.0
2025-11-08 20:23:02.804000-05:00,41.6979373,-86.2344893,a0654bd3,AT&T,Bowl,LTE,
2025-11-08 20:23:06.926000-05:00,41.6988268,-86.2333854,7c36e7df,Verizon,Bowl,Wi-Fi,6135.0
2025-11-08 20:23:07.803000-05:00,41.6979373,-86.2344894,a0654bd3,AT&T,Bowl,LTE,
2025-11-08 20:23:11.928000-05:00,41.6988274,-86.2333871,7c36e7df,Verizon,Bowl,Wi-Fi,6135.0
2025-11-08 20:23:12.805000-05:00,41.6979381,-86.2344892,a0654bd3,AT&T,Bowl,LTE,
2025-11-08 20:23:16.919000-05:00,41.6988276,-86.2333867,7c36e7df,Verizon,Bowl,Wi-Fi,6135.0
2025-11-08 20:23:17.805000-05:00,41.6979377,-86.234482,a0654bd3,AT&T,Bowl,LTE,
2025-11-08 20:23:21.923000-05:00,41.6988273,-86.2333864,7c36e7df,Verizon,Bowl,Wi-Fi,6135.0
2025-11-08 20:23:22.801000-05:00,41.697938,-86.2344827,a0654bd3,AT&T,Bowl,LTE,
2025-11-08 20:23:26.920000-05:00,41.6988273,-86.2333859,7c36e7df,Verizon,Bowl,Wi-Fi,6135.0
2025-11-08 20:23:27.800000-05:00,41.6979383,-86.2344817,a0654bd3,AT&T,Bowl,LTE,
2025-11-08 20:23:31.917000-05:00,41.6988267,-86.2333843,7c36e7df,Verizon,Bowl,Wi-Fi,6135.0
2025-11-08 20:23:32.812000-05:00,41.697938,-86.2344839,a0654bd3,AT&T,Bowl,LTE,
2025-11-08 20:23:36.923000-05:00,41.6988347,-86.2334046,7c36e7df,Verizon,Bowl,Wi-Fi,6135.0
2025-11-08 20:23:37.811000-05:00,41.6979352,-86.2344873,a0654bd3,AT&T,Bowl,LTE,
2025-11-08 20:23:41.914000-05:00,41.6988325,-86.2334101,7c36e7df,Verizon,Bowl,Wi-Fi,6135.0
2025-11-08 20:23:42.808000-05:00,41.6979351,-86.2344871,a0654bd3,AT&T,Bowl,LTE,
2025-11-08 20:23:46.919000-05:00,41.6988318,-86.2334102,7c36e7df,Verizon,Bowl,Wi-Fi,6135.0
2025-11-08 20:23:47.811000-05:00,41.6979352,-86.2344872,a0654bd3,AT&T,Bowl,LTE,
2025-11-08 20:23:51.919000-05:00,41.6988318,-86.2334099,7c36e7df,Verizon,Bowl,Wi-Fi,6135.0
2025-11-08 20:23:52.821000-05:00,41.6979357,-86.2344875,a0654bd3,AT&T,Bowl,LTE,
2025-11-08 20:23:56.918000-05:00,41.6988318,-86.2334095,7c36e7df,Verizon,Bowl,Wi-Fi,6135.0
2025-11-08 20:23:57.809000-05:00,41.6979357,-86.2344877,a0654bd3,AT&T,Bowl,LTE,
2025-11-08 20:24:01.922000-05:00,41.69883,-86.2334062,7c36e7df,Verizon,Bowl,Wi-Fi,6135.0
2025-11-08 20:24:02.816000-05:00,41.6979338,-86.234478,a0654bd3,AT&T,Bowl,LTE,
2025-11-08 20:24:06.924000-05:00,41.6988304,-86.2334077,7c36e7df,Verizon,Bowl,Wi-Fi,6135.0
2025-11-08 20:24:07.811000-05:00,41.697934,-86.2344774,a0654bd3,AT&T,Bowl,LTE,
2025-11-08 20:24:11.922000-05:00,41.69883,-86.2334066,7c36e7df,Verizon,Bowl,Wi-Fi,6135.0
2025-11-08 20:24:12.808000-05:00,41.6979344,-86.2344787,a0654bd3,AT&T,Bowl,LTE,
2025-11-08 20:24:16.920000-05:00,41.6988309,-86.2334034,7c36e7df,Verizon,Bowl,Wi-Fi,6135.0
2025-11-08 20:24:17.814000-05:00,41.697934,-86.2344774,a0654bd3,AT&T,Bowl,LTE,
2025-11-08 20:24:22.003000-05:00,41.6988323,-86.2334052,7c36e7df,Verizon,Bowl,Wi-Fi,6135.0
2025-11-08 20:24:22.811000-05:00,41.6979358,-86.2344749,a0654bd3,AT&T,Bowl,NR-NSA,
2025-11-08 20:24:26.924000-05:00,41.6988322,-86.2334088,7c36e7df,Verizon,Bowl,Wi-Fi,6135.0
2025-11-08 20:24:27.816000-05:00,41.6979364,-86.2344781,a0654bd3,AT&T,Bowl,LTE,
2025-11-08 20:24:31.921000-05:00,41.6988323,-86.2334091,7c36e7df,Verizon,Bowl,Wi-Fi,6135.0
2025-11-08 20:24:32.813000-05:00,41.6979371,-86.2344778,a0654bd3,AT&T,Bowl,LTE,
2025-11-08 20:24:36.921000-05:00,41.6988326,-86.2334089,7c36e7df,Verizon,Bowl,Wi-Fi,6135.0
2025-11-08 20:24:37.815000-05:00,41.6979398,-86.2344788,a0654bd3,AT&T,Bowl,LTE,
2025-11-08 20:24:41.921000-05:00,41.6988328,-86.2334088,7c36e7df,Verizon,Bowl,Wi-Fi,6135.0
2025-11-08 20:24:42.811000-05:00,41.6979384,-86.2344746,a0654bd3,AT&T,Bowl,LTE,
2025-11-08 20:24:43.191000-05:00,41.6988561,-86.2333782,64957d65,T-Mobile,Bowl,NR,
2025-11-08 20:24:46.920000-05:00,41.6988329,-86.2334085,7c36e7df,Verizon,Bowl,Wi-Fi,6135.0
2025-11-08 20:24:47.817000-05:00,41.6979388,-86.2344746,a0654bd3,AT&T,Bowl,NR-NSA,
2025-11-08 20:24:48.207000-05:00,41.6988528,-86.2333809,64957d65,T-Mobile,Bowl,NR,
2025-11-08 20:24:51.925000-05:00,41.698833,-86.2334086,7c36e7df,Verizon,Bowl,Wi-Fi,6135.0
2025-11-08 20:24:52.817000-05:00,41.6979396,-86.2344783,a0654bd3,AT&T,Bowl,NR-NSA,
2025-11-08 20:24:53.206000-05:00,41.6988503,-86.2333825,64957d65,T-Mobile,Bowl,NR,
2025-11-08 20:24:56.924000-05:00,41.6988357,-86.2334053,7c36e7df,Verizon,Bowl,Wi-Fi,6135.0
2025-11-08 20:24:57.812000-05:00,41.6979412,-86.2344925,a0654bd3,AT&T,Bowl,NR-NSA,
2025-11-08 20:24:58.204000-05:00,41.6988476,-86.2333783,64957d65,T-Mobile,Bowl,NR,
2025-11-08 20:25:01.987000-05:00,41.6988382,-86.2334074,7c36e7df,Verizon,Bowl,Wi-Fi,6135.0
2025-11-08 20:25:02.811000-05:00,41.6979383,-86.234495,a0654bd3,AT&T,Bowl,NR-NSA,
2025-11-08 20:25:03.204000-05:00,41.6988461,-86.2333729,64957d65,T-Mobile,Bowl,NR,
2025-11-08 20:25:06.918000-05:00,41.6988394,-86.2334021,7c36e7df,Verizon,Bowl,Wi-Fi,6135.0
2025-11-08 20:25:07.815000-05:00,41.6979384,-86.234495,a0654bd3,AT&T,Bowl,NR-NSA,
2025-11-08 20:25:08.203000-05:00,41.6988371,-86.2333747,64957d65,T-Mobile,Bowl,NR,
2025-11-08 20:25:11.925000-05:00,41.698841,-86.2334043,7c36e7df,Verizon,Bowl,Wi-Fi,6135.0
2025-11-08 20:25:12.811000-05:00,41.697936,-86.2344954,a0654bd3,AT&T,Bowl,NR-NSA,
2025-11-08 20:25:13.211000-05:00,41.6988367,-86.2333748,64957d65,T-Mobile,Bowl,NR,
2025-11-08 20:25:16.921000-05:00,41.6988417,-86.2334025,7c36e7df,Verizon,Bowl,Wi-Fi,6135.0
2025-11-08 20:25:17.812000-05:00,41.6979358,-86.2344954,a0654bd3,AT&T,Bowl,LTE,
2025-11-08 20:25:18.203000-05:00,41.6988365,-86.2333749,64957d65,T-Mobile,Bowl,NR,
2025-11-08 20:25:21.930000-05:00,41.6988361,-86.2334087,7c36e7df,Verizon,Bowl,Wi-Fi,6135.0
2025-11-08 20:25:22.816000-05:00,41.6979359,-86.2344956,a0654bd3,AT&T,Bowl,LTE,
2025-11-08 20:25:23.215000-05:00,41.6988399,-86.2333759,64957d65,T-Mobile,Bowl,LTE,
2025-11-08 20:25:26.927000-05:00,41.6988361,-86.2334091,7c36e7df,Verizon,Bowl,Wi-Fi,6135.0
2025-11-08 20:25:27.812000-05:00,41.6979359,-86.2344957,a0654bd3,AT&T,Bowl,LTE,
2025-11-08 20:25:28.210000-05:00,41.6988401,-86.2333786,64957d65,T-Mobile,Bowl,NR-NSA,
2025-11-08 20:25:31.927000-05:00,41.6988362,-86.2334094,7c36e7df,Verizon,Bowl,Wi-Fi,6135.0
2025-11-08 20:25:32.814000-05:00,41.6979357,-86.2344958,a0654bd3,AT&T,Bowl,LTE,
2025-11-08 20:25:33.210000-05:00,41.6988413,-86.2333841,64957d65,T-Mobile,Bowl,NR,
2025-11-08 20:25:36.928000-05:00,41.6988308,-86.2334211,7c36e7df,Verizon,Bowl,Wi-Fi,6135.0
2025-11-08 20:25:37.815000-05:00,41.6979356,-86.2344959,a0654bd3,AT&T,Bowl,LTE,
2025-11-08 20:25:38.206000-05:00,41.6988395,-86.233387,64957d65,T-Mobile,Bowl,NR,
2025-11-08 20:25:41.929000-05:00,41.6988364,-86.2334121,7c36e7df,Verizon,Bowl,Wi-Fi,6135.0
2025-11-08 20:25:42.816000-05:00,41.6979356,-86.2344965,a0654bd3,AT&T,Bowl,LTE,
2025-11-08 20:25:43.208000-05:00,41.6988355,-86.2333779,64957d65,T-Mobile,Bowl,NR,
2025-11-08 20:25:46.931000-05:00,41.698837,-86.233413,7c36e7df,Verizon,Bowl,Wi-Fi,6135.0
2025-11-08 20:25:47.812000-05:00,41.6979361,-86.2344967,a0654bd3,AT&T,Bowl,LTE,
2025-11-08 20:25:48.207000-05:00,41.6988343,-86.2333757,64957d65,T-Mobile,Bowl,NR,
2025-11-08 20:25:51.931000-05:00,41.6988387,-86.2334156,7c36e7df,Verizon,Bowl,Wi-Fi,6135.0
2025-11-08 20:25:52.815000-05:00,41.6979363,-86.2344966,a0654bd3,AT&T,Bowl,LTE,
2025-11-08 20:25:53.209000-05:00,41.6988435,-86.233385,64957d65,T-Mobile,Bowl,NR,
2025-11-08 20:25:56.932000-05:00,41.6988419,-86.2334116,7c36e7df,Verizon,Bowl,Wi-Fi,6135.0
2025-11-08 20:25:57.817000-05:00,41.6979355,-86.2344968,a0654bd3,AT&T,Bowl,LTE,
2025-11-08 20:25:58.207000-05:00,41.6988458,-86.2333806,64957d65,T-Mobile,Bowl,NR,
2025-11-08 20:26:01.932000-05:00,41.6988418,-86.2334129,7c36e7df,Verizon,Bowl,Wi-Fi,6135.0
2025-11-08 20:26:02.820000-05:00,41.6979381,-86.234496,a0654bd3,AT&T,Bowl,LTE,
2025-11-08 20:26:03.208000-05:00,41.6988432,-86.2333813,64957d65,T-Mobile,Bowl,NR,
2025-11-08 20:26:06.935000-05:00,41.6988423,-86.2334162,7c36e7df,Verizon,Bowl,Wi-Fi,6135.0
2025-11-08 20:26:07.824000-05:00,41.6979384,-86.2344945,a0654bd3,AT&T,Bowl,LTE,
2025-11-08 20:26:08.207000-05:00,41.6988472,-86.2333833,64957d65,T-Mobile,Bowl,NR,
2025-11-08 20:26:11.944000-05:00,41.6988406,-86.2334137,7c36e7df,Verizon,Bowl,Wi-Fi,6135.0
2025-11-08 20:26:12.811000-05:00,41.6979385,-86.2344946,a0654bd3,AT&T,Bowl,LTE,
2025-11-08 20:26:13.206000-05:00,41.6988434,-86.2333852,64957d65,T-Mobile,Bowl,NR,
2025-11-08 20:26:16.939000-05:00,41.6988417,-86.2334155,7c36e7df,Verizon,Bowl,Wi-Fi,6135.0
2025-11-08 20:26:17.811000-05:00,41.6979344,-86.2344918,a0654bd3,AT&T,Bowl,LTE,
2025-11-08 20:26:18.209000-05:00,41.6988371,-86.233376,64957d65,T-Mobile,Bowl,NR,
2025-11-08 20:26:21.931000-05:00,41.6988381,-86.2334077,7c36e7df,Verizon,Bowl,Wi-Fi,6135.0
2025-11-08 20:26:22.816000-05:00,41.6979434,-86.2344949,a0654bd3,AT&T,Bowl,LTE,
2025-11-08 20:26:23.203000-05:00,41.6988451,-86.2333865,64957d65,T-Mobile,Bowl,NR,
2025-11-08 20:26:26.949000-05:00,41.6988369,-86.2334058,7c36e7df,Verizon,Bowl,Wi-Fi,6135.0
2025-11-08 20:26:27.811000-05:00,41.6979438,-86.2344957,a0654bd3,AT&T,Bowl,LTE,
2025-11-08 20:26:28.211000-05:00,41.6988446,-86.2333843,64957d65,T-Mobile,Bowl,NR,
2025-11-08 20:26:31.938000-05:00,41.6988372,-86.2334063,7c36e7df,Verizon,Bowl,Wi-Fi,6135.0
2025-11-08 20:26:32.821000-05:00,41.6979437,-86.2344957,a0654bd3,AT&T,Bowl,LTE,
2025-11-08 20:26:33.211000-05:00,41.6988459,-86.2333836,64957d65,T-Mobile,Bowl,NR,
2025-11-08 20:26:36.940000-05:00,41.6988374,-86.2334061,7c36e7df,Verizon,Bowl,Wi-Fi,6135.0
2025-11-08 20:26:37.832000-05:00,41.6979437,-86.2344957,a0654bd3,AT&T,Bowl,LTE,
2025-11-08 20:26:38.212000-05:00,41.6988483,-86.2333841,64957d65,T-Mobile,Bowl,NR,
2025-11-08 20:26:41.935000-05:00,41.6988369,-86.2334067,7c36e7df,Verizon,Bowl,Wi-Fi,6135.0
2025-11-08 20:26:42.825000-05:00,41.6979437,-86.2344957,a0654bd3,AT&T,Bowl,LTE,
2025-11-08 20:26:43.218000-05:00,41.6988449,-86.2333689,64957d65,T-Mobile,Bowl,NR,
2025-11-08 20:26:46.937000-05:00,41.6988368,-86.2334084,7c36e7df,Verizon,Bowl,Wi-Fi,6135.0
2025-11-08 20:26:47.819000-05:00,41.6979412,-86.2344928,a0654bd3,AT&T,Bowl,LTE,
2025-11-08 20:26:48.205000-05:00,41.698845,-86.2333682,64957d65,T-Mobile,Bowl,NR,
2025-11-08 20:26:51.932000-05:00,41.6988353,-86.2334057,7c36e7df,Verizon,Bowl,Wi-Fi,6135.0
2025-11-08 20:26:52.815000-05:00,41.6979408,-86.2344949,a0654bd3,AT&T,Bowl,LTE,
2025-11-08 20:26:53.213000-05:00,41.6988449,-86.2333676,64957d65,T-Mobile,Bowl,NR,
2025-11-08 20:26:56.949000-05:00,41.6988341,-86.2334068,7c36e7df,Verizon,Bowl,Wi-Fi,6135.0
2025-11-08 20:26:57.818000-05:00,41.6979408,-86.2344949,a0654bd3,AT&T,Bowl,LTE,
2025-11-08 20:26:58.213000-05:00,41.6988433,-86.2333699,64957d65,T-Mobile,Bowl,NR,
2025-11-08 20:27:02.823000-05:00,41.6979407,-86.2344948,a0654bd3,AT&T,Bowl,LTE,
2025-11-08 20:27:03.211000-05:00,41.6988389,-86.2333716,64957d65,T-Mobile,Bowl,NR,
2025-11-08 20:27:07.815000-05:00,41.6979392,-86.234495,a0654bd3,AT&T,Bowl,LTE,
2025-11-08 20:27:08.205000-05:00,41.698843,-86.2333746,64957d65,T-Mobile,Bowl,NR,
2025-11-08 20:27:12.816000-05:00,41.697938,-86.2344936,a0654bd3,AT&T,Bowl,LTE,
2025-11-08 20:27:13.219000-05:00,41.6988382,-86.2333732,64957d65,T-Mobile,Bowl,LTE,
2025-11-08 20:27:17.820000-05:00,41.6979364,-86.2344985,a0654bd3,AT&T,Bowl,LTE,
2025-11-08 20:27:18.218000-05:00,41.6988385,-86.2333738,64957d65,T-Mobile,Bowl,NR,
2025-11-08 20:27:22.832000-05:00,41.6979403,-86.2344993,a0654bd3,AT&T,Bowl,LTE,
2025-11-08 20:27:23.219000-05:00,41.6988389,-86.2333738,64957d65,T-Mobile,Bowl,NR,
2025-11-08 20:27:27.823000-05:00,41.6979444,-86.2345024,a0654bd3,AT&T,Bowl,LTE,
2025-11-08 20:27:28.211000-05:00,41.6988391,-86.2333722,64957d65,T-Mobile,Bowl,NR,
2025-11-08 20:27:32.831000-05:00,41.6979418,-86.2345044,a0654bd3,AT&T,Bowl,LTE,
2025-11-08 20:27:33.220000-05:00,41.6988391,-86.2333708,64957d65,T-Mobile,Bowl,NR,
2025-11-08 20:27:37.822000-05:00,41.6979414,-86.2345042,a0654bd3,AT&T,Bowl,LTE,
2025-11-08 20:27:38.220000-05:00,41.6988384,-86.2333702,64957d65,T-Mobile,Bowl,NR,6055.0
2025-11-08 20:27:42.823000-05:00,41.697941,-86.2345041,a0654bd3,AT&T,Bowl,LTE,
2025-11-08 20:27:43.210000-05:00,41.6988388,-86.2333702,64957d65,T-Mobile,Bowl,NR,6055.0
2025-11-08 20:27:47.822000-05:00,41.6979425,-86.2345039,a0654bd3,AT&T,Bowl,NR-NSA,
2025-11-08 20:27:48.209000-05:00,41.6988383,-86.23337,64957d65,T-Mobile,Bowl,NR,6055.0
2025-11-08 20:27:52.825000-05:00,41.6979425,-86.2345012,a0654bd3,AT&T,Bowl,LTE,
2025-11-08 20:27:53.226000-05:00,41.698839,-86.2333761,64957d65,T-Mobile,Bowl,NR,6055.0
2025-11-08 20:27:57.836000-05:00,41.6979423,-86.234501,a0654bd3,AT&T,Bowl,LTE,
2025-11-08 20:27:58.223000-05:00,41.6988417,-86.2333789,64957d65,T-Mobile,Bowl,NR,6055.0
2025-11-08 20:28:02.823000-05:00,41.6979422,-86.2345011,a0654bd3,AT&T,Bowl,LTE,
2025-11-08 20:28:03.214000-05:00,41.6988428,-86.2333782,64957d65,T-Mobile,Bowl,LTE,6055.0
2025-11-08 20:28:07.824000-05:00,41.6979421,-86.2345011,a0654bd3,AT&T,Bowl,LTE,
2025-11-08 20:28:08.223000-05:00,41.6988426,-86.2333781,64957d65,T-Mobile,Bowl,LTE,6055.0
2025-11-08 20:28:12.823000-05:00,41.697942,-86.2345011,a0654bd3,AT&T,Bowl,LTE,
2025-11-08 20:28:13.216000-05:00,41.6988421,-86.2333781,64957d65,T-Mobile,Bowl,LTE,6055.0
2025-11-08 20:28:17.836000-05:00,41.6979419,-86.234501,a0654bd3,AT&T,Bowl,LTE,
2025-11-08 20:28:18.225000-05:00,41.6988417,-86.2333775,64957d65,T-Mobile,Bowl,LTE,6055.0
2025-11-08 20:28:22.820000-05:00,41.6979402,-86.2344976,a0654bd3,AT&T,Bowl,LTE,
2025-11-08 20:28:23.226000-05:00,41.6988417,-86.2333768,64957d65,T-Mobile,Bowl,NR,6055.0
2025-11-08 20:28:27.822000-05:00,41.6979387,-86.2344966,a0654bd3,AT&T,Bowl,LTE,
2025-11-08 20:28:28.226000-05:00,41.6988421,-86.2333775,64957d65,T-Mobile,Bowl,NR,6055.0
2025-11-08 20:28:32.824000-05:00,41.6979389,-86.234497,a0654bd3,AT&T,Bowl,LTE,
2025-11-08 20:28:33.218000-05:00,41.6988422,-86.2333782,64957d65,T-Mobile,Bowl,NR,6055.0
2025-11-08 20:28:37.824000-05:00,41.6979489,-86.2344988,a0654bd3,AT&T,Bowl,LTE,
2025-11-08 20:28:38.224000-05:00,41.6988425,-86.2333804,64957d65,T-Mobile,Bowl,NR,6055.0
2025-11-08 20:28:42.827000-05:00,41.6979492,-86.2344991,a0654bd3,AT&T,Bowl,LTE,
2025-11-08 20:28:43.225000-05:00,41.6988419,-86.2333805,64957d65,T-Mobile,Bowl,NR,6055.0
2025-11-08 20:28:47.829000-05:00,41.6979498,-86.2344993,a0654bd3,AT&T,Bowl,LTE,
2025-11-08 20:28:48.218000-05:00,41.6988415,-86.2333795,64957d65,T-Mobile,Bowl,NR,6055.0
2025-11-08 20:28:52.828000-05:00,41.697949,-86.2345007,a0654bd3,AT&T,Bowl,LTE,
2025-11-08 20:28:53.237000-05:00,41.6988416,-86.2333781,64957d65,T-Mobile,Bowl,NR,6055.0
2025-11-08 20:28:57.572000-05:00,41.698484,-86.2333627,7c36e7df,Verizon,Bowl,NR-NSA,
2025-11-08 20:28:57.830000-05:00,41.6979488,-86.2345005,a0654bd3,AT&T,Bowl,LTE,
2025-11-08 20:28:58.228000-05:00,41.6988417,-86.2333776,64957d65,T-Mobile,Bowl,NR,6055.0
2025-11-08 20:29:02.576000-05:00,41.6984798,-86.2333667,7c36e7df,Verizon,Bowl,NR-NSA,
2025-11-08 20:29:02.827000-05:00,41.697947,-86.2345031,a0654bd3,AT&T,Bowl,LTE,
2025-11-08 20:29:03.226000-05:00,41.6988524,-86.2333804,64957d65,T-Mobile,Bowl,NR,6055.0
2025-11-08 20:29:07.581000-05:00,41.698474,-86.2333753,7c36e7df,Verizon,Bowl,NR-NSA,
2025-11-08 20:29:07.829000-05:00,41.6979453,-86.2345044,a0654bd3,AT&T,Bowl,NR-NSA,
2025-11-08 20:29:08.226000-05:00,41.6988513,-86.2333804,64957d65,T-Mobile,Bowl,NR,6055.0
2025-11-08 20:29:12.585000-05:00,41.6984707,-86.2333758,7c36e7df,Verizon,Bowl,NR-NSA,
2025-11-08 20:29:12.824000-05:00,41.6979445,-86.2345028,a0654bd3,AT&T,Bowl,NR-NSA,
2025-11-08 20:29:13.227000-05:00,41.6988485,-86.2333799,64957d65,T-Mobile,Bowl,NR,6055.0
2025-11-08 20:29:17.594000-05:00,41.6984657,-86.2333823,7c36e7df,Verizon,Bowl,NR-NSA,
2025-11-08 20:29:17.822000-05:00,41.6979453,-86.2345092,a0654bd3,AT&T,Bowl,LTE,
2025-11-08 20:29:18.224000-05:00,41.6988463,-86.2333814,64957d65,T-Mobile,Bowl,NR,6055.0
2025-11-08 20:29:22.589000-05:00,41.6984592,-86.2333902,7c36e7df,Verizon,Bowl,LTE,
2025-11-08 20:29:22.828000-05:00,41.6979447,-86.2345076,a0654bd3,AT&T,Bowl,NR-NSA,
2025-11-08 20:29:23.221000-05:00,41.6988454,-86.2333843,64957d65,T-Mobile,Bowl,NR,6055.0
2025-11-08 20:29:27.592000-05:00,41.6984534,-86.2333872,7c36e7df,Verizon,Bowl,LTE,
2025-11-08 20:29:27.819000-05:00,41.6979462,-86.23451,a0654bd3,AT&T,Bowl,NR-NSA,
2025-11-08 20:29:28.225000-05:00,41.6988452,-86.2333843,64957d65,T-Mobile,Bowl,NR,6055.0
2025-11-08 20:29:32.587000-05:00,41.6984527,-86.2333875,7c36e7df,Verizon,Bowl,LTE,
2025-11-08 20:29:32.834000-05:00,41.6979441,-86.2345107,a0654bd3,AT&T,Bowl,NR-NSA,
2025-11-08 20:29:33.223000-05:00,41.6988447,-86.2333844,64957d65,T-Mobile,Bowl,NR,6055.0
2025-11-08 20:29:37.586000-05:00,41.698451,-86.2333893,7c36e7df,Verizon,Bowl,LTE,
2025-11-08 20:29:37.839000-05:00,41.697942,-86.2345107,a0654bd3,AT&T,Bowl,NR-NSA,
2025-11-08 20:29:38.222000-05:00,41.698845,-86.2333846,64957d65,T-Mobile,Bowl,NR,6055.0
2025-11-08 20:29:42.591000-05:00,41.6984503,-86.2333899,7c36e7df,Verizon,Bowl,LTE,
2025-11-08 20:29:42.826000-05:00,41.6979454,-86.2345215,a0654bd3,AT&T,Bowl,NR-NSA,
2025-11-08 20:29:43.226000-05:00,41.6988453,-86.2333828,64957d65,T-Mobile,Bowl,NR,6055.0
2025-11-08 20:29:47.590000-05:00,41.6984504,-86.2333899,7c36e7df,Verizon,Bowl,LTE,
2025-11-08 20:29:47.824000-05:00,41.6979341,-86.2345152,a0654bd3,AT&T,Bowl,LTE,
2025-11-08 20:29:48.227000-05:00,41.6988451,-86.2333823,64957d65,T-Mobile,Bowl,NR,6055.0
2025-11-08 20:29:52.597000-05:00,41.6984503,-86.2333981,7c36e7df,Verizon,Bowl,LTE,
2025-11-08 20:29:52.840000-05:00,41.6979379,-86.2345126,a0654bd3,AT&T,Bowl,LTE,
2025-11-08 20:29:53.224000-05:00,41.698847,-86.2333814,64957d65,T-Mobile,Bowl,NR,6055.0
2025-11-08 20:29:57.609000-05:00,41.6984501,-86.2334019,7c36e7df,Verizon,Bowl,LTE,
2025-11-08 20:29:57.826000-05:00,41.6979381,-86.234513,a0654bd3,AT&T,Bowl,LTE,
2025-11-08 20:29:58.227000-05:00,41.6988465,-86.2333813,64957d65,T-Mobile,Bowl,NR,6055.0
2025-11-08 20:30:02.592000-05:00,41.6984538,-86.233399,7c36e7df,Verizon,Bowl,LTE,
2025-11-08 20:30:02.830000-05:00,41.697938,-86.2345133,a0654bd3,AT&T,Bowl,LTE,
2025-11-08 20:30:03.226000-05:00,41.6988401,-86.2333807,64957d65,T-Mobile,Bowl,NR,6055.0
2025-11-08 20:30:07.591000-05:00,41.6984559,-86.233409,7c36e7df,Verizon,Bowl,LTE,
2025-11-08 20:30:07.838000-05:00,41.6979375,-86.2345113,a0654bd3,AT&T,Bowl,LTE,
2025-11-08 20:30:12.593000-05:00,41.6984514,-86.2334054,7c36e7df,Verizon,Bowl,LTE,
2025-11-08 20:30:12.828000-05:00,41.6979358,-86.2345086,a0654bd3,AT&T,Bowl,LTE,
2025-11-08 20:30:17.601000-05:00,41.6984524,-86.2334048,7c36e7df,Verizon,Bowl,LTE,
2025-11-08 20:30:17.831000-05:00,41.6979358,-86.2345084,a0654bd3,AT&T,Bowl,LTE,5975.0
2025-11-08 20:30:22.599000-05:00,41.6984517,-86.2334055,7c36e7df,Verizon,Bowl,NR-NSA,
2025-11-08 20:30:23.071000-05:00,41.6979359,-86.2345088,a0654bd3,AT&T,Bowl,LTE,5975.0
2025-11-08 20:30:27.592000-05:00,41.6984489,-86.2334042,7c36e7df,Verizon,Bowl,NR-NSA,
2025-11-08 20:30:28.067000-05:00,41.6979359,-86.2345089,a0654bd3,AT&T,Bowl,LTE,5975.0
2025-11-08 20:30:32.597000-05:00,41.6984532,-86.2333952,7c36e7df,Verizon,Bowl,NR-NSA,
2025-11-08 20:30:33.064000-05:00,41.697936,-86.2345092,a0654bd3,AT&T,Bowl,LTE,5975.0
2025-11-08 20:30:37.593000-05:00,41.6984535,-86.233394,7c36e7df,Verizon,Bowl,NR-NSA,
2025-11-08 20:30:38.069000-05:00,41.6979359,-86.2345089,a0654bd3,AT&T,Bowl,LTE,5975.0
2025-11-08 20:30:42.600000-05:00,41.6984534,-86.233394,7c36e7df,Verizon,Bowl,NR-NSA,
2025-11-08 20:30:43.070000-05:00,41.6979396,-86.2345109,a0654bd3,AT&T,Bowl,LTE,5975.0
2025-11-08 20:30:47.598000-05:00,41.6984533,-86.233394,7c36e7df,Verizon,Bowl,NR-NSA,
2025-11-08 20:30:48.063000-05:00,41.6979398,-86.2345108,a0654bd3,AT&T,Bowl,LTE,5975.0
2025-11-08 20:30:52.593000-05:00,41.6984532,-86.2333939,7c36e7df,Verizon,Bowl,NR-NSA,
2025-11-08 20:30:53.063000-05:00,41.6979395,-86.2345106,a0654bd3,AT&T,Bowl,LTE,5975.0
2025-11-08 20:30:57.596000-05:00,41.6984531,-86.2333939,7c36e7df,Verizon,Bowl,NR-NSA,
2025-11-08 20:30:58.063000-05:00,41.6979393,-86.2345103,a0654bd3,AT&T,Bowl,LTE,5975.0
2025-11-08 20:31:02.597000-05:00,41.6984527,-86.2333934,7c36e7df,Verizon,Bowl,NR-NSA,
2025-11-08 20:31:03.066000-05:00,41.6979411,-86.2345121,a0654bd3,AT&T,Bowl,LTE,5975.0
2025-11-08 20:31:07.595000-05:00,41.6984543,-86.2333912,7c36e7df,Verizon,Bowl,NR-NSA,
2025-11-08 20:31:08.068000-05:00,41.697944,-86.2345176,a0654bd3,AT&T,Bowl,LTE,5975.0
2025-11-08 20:31:12.593000-05:00,41.6984541,-86.2333938,7c36e7df,Verizon,Bowl,NR-NSA,
2025-11-08 20:31:13.065000-05:00,41.6979452,-86.2345165,a0654bd3,AT&T,Bowl,LTE,5975.0
2025-11-08 20:31:17.611000-05:00,41.6984541,-86.2333937,7c36e7df,Verizon,Bowl,NR-NSA,
2025-11-08 20:31:18.063000-05:00,41.6979452,-86.2345174,a0654bd3,AT&T,Bowl,LTE,5975.0
2025-11-08 20:31:22.596000-05:00,41.6984542,-86.2333939,7c36e7df,Verizon,Bowl,NR-NSA,
2025-11-08 20:31:23.062000-05:00,41.6979448,-86.2345172,a0654bd3,AT&T,Bowl,LTE,5975.0
2025-11-08 20:31:27.594000-05:00,41.6984542,-86.2333939,7c36e7df,Verizon,Bowl,NR-NSA,
2025-11-08 20:31:28.063000-05:00,41.6979447,-86.2345165,a0654bd3,AT&T,Bowl,LTE,5975.0
2025-11-08 20:31:32.596000-05:00,41.6984542,-86.2333939,7c36e7df,Verizon,Bowl,NR-NSA,
2025-11-08 20:31:33.063000-05:00,41.6979416,-86.2345168,a0654bd3,AT&T,Bowl,LTE,5975.0
2025-11-08 20:31:37.596000-05:00,41.6984529,-86.2333894,7c36e7df,Verizon,Bowl,NR-NSA,
2025-11-08 20:31:38.086000-05:00,41.6979428,-86.2345225,a0654bd3,AT&T,Bowl,LTE,5975.0
2025-11-08 20:31:42.598000-05:00,41.6984539,-86.2333891,7c36e7df,Verizon,Bowl,NR-NSA,
2025-11-08 20:31:43.061000-05:00,41.6979434,-86.2345232,a0654bd3,AT&T,Bowl,LTE,5975.0
2025-11-08 20:31:47.598000-05:00,41.6984536,-86.2333897,7c36e7df,Verizon,Bowl,NR-NSA,
2025-11-08 20:31:48.063000-05:00,41.6979392,-86.2345296,a0654bd3,AT&T,Bowl,LTE,5975.0
2025-11-08 20:31:52.599000-05:00,41.698453,-86.2333898,7c36e7df,Verizon,Bowl,LTE,
2025-11-08 20:31:53.070000-05:00,41.6979388,-86.2345294,a0654bd3,AT&T,Bowl,LTE,5975.0
2025-11-08 20:31:57.600000-05:00,41.6984541,-86.2333918,7c36e7df,Verizon,Bowl,LTE,
2025-11-08 20:31:58.072000-05:00,41.697938,-86.2345281,a0654bd3,AT&T,Bowl,LTE,5975.0
2025-11-08 20:32:02.600000-05:00,41.6984533,-86.2333897,7c36e7df,Verizon,Bowl,LTE,
2025-11-08 20:32:03.066000-05:00,41.6979381,-86.2345279,a0654bd3,AT&T,Bowl,LTE,5975.0
2025-11-08 20:32:07.597000-05:00,41.6984531,-86.2333898,7c36e7df,Verizon,Bowl,NR-NSA,
2025-11-08 20:32:08.066000-05:00,41.6979379,-86.2345276,a0654bd3,AT&T,Bowl,LTE,5975.0
2025-11-08 20:32:12.597000-05:00,41.6984526,-86.2333837,7c36e7df,Verizon,Bowl,NR-NSA,
2025-11-08 20:32:13.063000-05:00,41.6979363,-86.2345266,a0654bd3,AT&T,Bowl,LTE,5975.0
2025-11-08 20:32:17.599000-05:00,41.6984541,-86.2333837,7c36e7df,Verizon,Bowl,NR-NSA,
2025-11-08 20:32:18.119000-05:00,41.6979331,-86.2345257,a0654bd3,AT&T,Bowl,LTE,5975.0
2025-11-08 20:32:22.601000-05:00,41.6984543,-86.233384,7c36e7df,Verizon,Bowl,NR-NSA,
2025-11-08 20:32:23.067000-05:00,41.6979327,-86.2345258,a0654bd3,AT&T,Bowl,LTE,5975.0
2025-11-08 20:32:27.599000-05:00,41.6984542,-86.233384,7c36e7df,Verizon,Bowl,NR-NSA,
2025-11-08 20:32:28.067000-05:00,41.6979328,-86.2345258,a0654bd3,AT&T,Bowl,LTE,5975.0
2025-11-08 20:32:32.599000-05:00,41.6984541,-86.233384,7c36e7df,Verizon,Bowl,NR-NSA,
2025-11-08 20:32:33.067000-05:00,41.6979326,-86.2345256,a0654bd3,AT&T,Bowl,LTE,5975.0
2025-11-08 20:32:37.599000-05:00,41.698454,-86.2333839,7c36e7df,Verizon,Bowl,NR-NSA,
2025-11-08 20:32:38.066000-05:00,41.6979329,-86.2345238,a0654bd3,AT&T,Bowl,LTE,5975.0
2025-11-08 20:32:42.599000-05:00,41.6984538,-86.2333838,7c36e7df,Verizon,Bowl,NR-NSA,
2025-11-08 20:32:43.075000-05:00,41.6979324,-86.2345242,a0654bd3,AT&T,Bowl,LTE,5975.0
2025-11-08 20:32:47.610000-05:00,41.6984566,-86.2333859,7c36e7df,Verizon,Bowl,LTE,
2025-11-08 20:32:48.076000-05:00,41.697931,-86.2345256,a0654bd3,AT&T,Bowl,LTE,5975.0
2025-11-08 20:32:52.595000-05:00,41.6984565,-86.2333856,7c36e7df,Verizon,Bowl,NR-NSA,
2025-11-08 20:32:53.080000-05:00,41.6979328,-86.2345241,a0654bd3,AT&T,Bowl,LTE,5975.0
2025-11-08 20:32:57.601000-05:00,41.6984596,-86.233388,7c36e7df,Verizon,Bowl,NR-NSA,
2025-11-08 20:32:58.074000-05:00,41.6979321,-86.2345254,a0654bd3,AT&T,Bowl,LTE,5975.0
2025-11-08 20:33:02.604000-05:00,41.6984566,-86.2333859,7c36e7df,Verizon,Bowl,NR-NSA,
2025-11-08 20:33:03.074000-05:00,41.6979348,-86.2345202,a0654bd3,AT&T,Bowl,LTE,5975.0
2025-11-08 20:33:07.599000-05:00,41.6984561,-86.2333859,7c36e7df,Verizon,Bowl,NR-NSA,
2025-11-08 20:33:08.079000-05:00,41.6979348,-86.2345168,a0654bd3,AT&T,Bowl,LTE,5975.0
2025-11-08 20:33:12.596000-05:00,41.698456,-86.233386,7c36e7df,Verizon,Bowl,NR-NSA,
2025-11-08 20:33:13.071000-05:00,41.6979321,-86.234499,a0654bd3,AT&T,Bowl,LTE,5975.0
2025-11-08 20:33:17.601000-05:00,41.698456,-86.2333861,7c36e7df,Verizon,Bowl,NR-NSA,
2025-11-08 20:33:18.074000-05:00,41.69793,-86.2344955,a0654bd3,AT&T,Bowl,LTE,5975.0
2025-11-08 20:33:22.599000-05:00,41.6984559,-86.2333861,7c36e7df,Verizon,Bowl,NR-NSA,
2025-11-08 20:33:23.072000-05:00,41.6979372,-86.2345045,a0654bd3,AT&T,Bowl,LTE,5975.0
2025-11-08 20:33:27.603000-05:00,41.6984552,-86.2333902,7c36e7df,Verizon,Bowl,NR-NSA,
2025-11-08 20:33:28.071000-05:00,41.6979406,-86.2345122,a0654bd3,AT&T,Bowl,LTE,5975.0
2025-11-08 20:33:32.599000-05:00,41.6984551,-86.2333901,7c36e7df,Verizon,Bowl,NR-NSA,
2025-11-08 20:33:33.073000-05:00,41.697937,-86.2345089,a0654bd3,AT&T,Bowl,LTE,5975.0
2025-11-08 20:33:37.602000-05:00,41.6984569,-86.2333899,7c36e7df,Verizon,Bowl,NR-NSA,
2025-11-08 20:33:38.080000-05:00,41.6979375,-86.2345093,a0654bd3,AT&T,Bowl,LTE,5975.0
2025-11-08 20:33:42.603000-05:00,41.6984578,-86.233388,7c36e7df,Verizon,Bowl,NR-NSA,
2025-11-08 20:33:43.069000-05:00,41.6979377,-86.2345086,a0654bd3,AT&T,Bowl,LTE,5975.0
2025-11-08 20:33:47.600000-05:00,41.6984578,-86.2333878,7c36e7df,Verizon,Bowl,LTE,
2025-11-08 20:33:48.076000-05:00,41.6979376,-86.2345096,a0654bd3,AT&T,Bowl,LTE,5975.0
2025-11-08 20:33:52.601000-05:00,41.6984578,-86.2333879,7c36e7df,Verizon,Bowl,NR-NSA,
2025-11-08 20:33:53.076000-05:00,41.697939,-86.234512,a0654bd3,AT&T,Bowl,LTE,5975.0
2025-11-08 20:33:57.603000-05:00,41.6984567,-86.2333868,7c36e7df,Verizon,Bowl,NR-NSA,
2025-11-08 20:33:58.089000-05:00,41.697939,-86.234512,a0654bd3,AT&T,Bowl,LTE,5975.0
2025-11-08 20:34:02.604000-05:00,41.6984566,-86.2333867,7c36e7df,Verizon,Bowl,NR-NSA,
2025-11-08 20:34:03.078000-05:00,41.6979391,-86.2345121,a0654bd3,AT&T,Bowl,LTE,5975.0
2025-11-08 20:34:07.601000-05:00,41.6984566,-86.2333869,7c36e7df,Verizon,Bowl,NR-NSA,
2025-11-08 20:34:08.079000-05:00,41.6979389,-86.234512,a0654bd3,AT&T,Bowl,LTE,5975.0
2025-11-08 20:34:12.614000-05:00,41.6984566,-86.233387,7c36e7df,Verizon,Bowl,NR-NSA,
2025-11-08 20:34:13.082000-05:00,41.6979388,-86.234512,a0654bd3,AT&T,Bowl,LTE,5975.0
2025-11-08 20:34:17.602000-05:00,41.6984597,-86.233383,7c36e7df,Verizon,Bowl,LTE,
2025-11-08 20:34:18.080000-05:00,41.6979386,-86.2345118,a0654bd3,AT&T,Bowl,LTE,5975.0
2025-11-08 20:34:22.600000-05:00,41.698462,-86.2333809,7c36e7df,Verizon,Bowl,LTE,
2025-11-08 20:34:23.093000-05:00,41.6979411,-86.2345131,a0654bd3,AT&T,Bowl,LTE,5975.0
2025-11-08 20:34:27.610000-05:00,41.6984654,-86.233386,7c36e7df,Verizon,Bowl,LTE,
2025-11-08 20:34:28.073000-05:00,41.6979424,-86.2345149,a0654bd3,AT&T,Bowl,LTE,5975.0
2025-11-08 20:34:32.618000-05:00,41.698462,-86.2333808,7c36e7df,Verizon,Bowl,Wi-Fi,6215.0
2025-11-08 20:34:33.087000-05:00,41.6979418,-86.2345142,a0654bd3,AT&T,Bowl,LTE,5975.0
2025-11-08 20:34:37.605000-05:00,41.698462,-86.233381,7c36e7df,Verizon,Bowl,Wi-Fi,6215.0
2025-11-08 20:34:38.086000-05:00,41.6979419,-86.2345141,a0654bd3,AT&T,Bowl,LTE,5975.0
2025-11-08 20:34:42.610000-05:00,41.6984634,-86.2333813,7c36e7df,Verizon,Bowl,Wi-Fi,6215.0
2025-11-08 20:34:43.076000-05:00,41.6979429,-86.2345176,a0654bd3,AT&T,Bowl,LTE,5975.0
2025-11-08 20:34:47.603000-05:00,41.6984636,-86.2333813,7c36e7df,Verizon,Bowl,Wi-Fi,6215.0
2025-11-08 20:34:48.068000-05:00,41.6979425,-86.2345185,a0654bd3,AT&T,Bowl,LTE,5975.0
2025-11-08 20:34:52.604000-05:00,41.6984658,-86.2333867,7c36e7df,Verizon,Bowl,Wi-Fi,6215.0
2025-11-08 20:34:53.079000-05:00,41.6979411,-86.2345194,a0654bd3,AT&T,Bowl,LTE,5975.0
2025-11-08 20:34:57.607000-05:00,41.6984693,-86.2333889,7c36e7df,Verizon,Bowl,Wi-Fi,6215.0
2025-11-08 20:34:58.076000-05:00,41.6979406,-86.2345193,a0654bd3,AT&T,Bowl,LTE,5975.0
2025-11-08 20:35:02.614000-05:00,41.6984693,-86.2333898,7c36e7df,Verizon,Bowl,Wi-Fi,6215.0
2025-11-08 20:35:03.081000-05:00,41.6979395,-86.2345184,a0654bd3,AT&T,Bowl,LTE,5975.0
2025-11-08 20:35:07.610000-05:00,41.6984692,-86.2333901,7c36e7df,Verizon,Bowl,Wi-Fi,6215.0
2025-11-08 20:35:08.080000-05:00,41.6979395,-86.2345185,a0654bd3,AT&T,Bowl,LTE,5975.0
2025-11-08 20:35:12.613000-05:00,41.6984687,-86.2333897,7c36e7df,Verizon,Bowl,Wi-Fi,6215.0
2025-11-08 20:35:13.086000-05:00,41.6979394,-86.2345185,a0654bd3,AT&T,Bowl,LTE,5975.0
2025-11-08 20:35:17.609000-05:00,41.698469,-86.2333869,7c36e7df,Verizon,Bowl,Wi-Fi,6215.0
2025-11-08 20:35:18.091000-05:00,41.6979376,-86.2345212,a0654bd3,AT&T,Bowl,LTE,5975.0
2025-11-08 20:35:22.615000-05:00,41.6984716,-86.2333868,7c36e7df,Verizon,Bowl,Wi-Fi,6215.0
2025-11-08 20:35:23.085000-05:00,41.6979371,-86.2345214,a0654bd3,AT&T,Bowl,LTE,5975.0
2025-11-08 20:35:27.608000-05:00,41.6984738,-86.2333869,7c36e7df,Verizon,Bowl,Wi-Fi,6215.0
2025-11-08 20:35:28.075000-05:00,41.697937,-86.2345217,a0654bd3,AT&T,Bowl,LTE,5975.0
2025-11-08 20:35:32.606000-05:00,41.6984716,-86.2333895,7c36e7df,Verizon,Bowl,Wi-Fi,6215.0
2025-11-08 20:35:33.082000-05:00,41.6979369,-86.2345218,a0654bd3,AT&T,Bowl,LTE,5975.0
2025-11-08 20:35:37.609000-05:00,41.6984681,-86.2333928,7c36e7df,Verizon,Bowl,Wi-Fi,6215.0
2025-11-08 20:35:38.081000-05:00,41.6979369,-86.2345218,a0654bd3,AT&T,Bowl,LTE,5975.0
2025-11-08 20:35:42.611000-05:00,41.6984691,-86.2333806,7c36e7df,Verizon,Bowl,Wi-Fi,6215.0
2025-11-08 20:35:43.085000-05:00,41.6979196,-86.2345234,a0654bd3,AT&T,Bowl,LTE,5975.0
2025-11-08 20:35:47.608000-05:00,41.6984703,-86.2333797,7c36e7df,Verizon,Bowl,Wi-Fi,6215.0
2025-11-08 20:35:48.095000-05:00,41.6979192,-86.2345208,a0654bd3,AT&T,Bowl,LTE,5975.0
2025-11-08 20:35:52.606000-05:00,41.6984669,-86.2333859,7c36e7df,Verizon,Bowl,Wi-Fi,6215.0
2025-11-08 20:35:53.113000-05:00,41.6979208,-86.2345205,a0654bd3,AT&T,Bowl,LTE,5975.0
2025-11-08 20:35:57.586000-05:00,41.6979253,-86.234474,64957d65,T-Mobile,Bowl,NR,5975.0
2025-11-08 20:35:57.612000-05:00,41.698465,-86.2333901,7c36e7df,Verizon,Bowl,Wi-Fi,6215.0
2025-11-08 20:35:58.088000-05:00,41.6979216,-86.2345204,a0654bd3,AT&T,Bowl,LTE,5975.0
2025-11-08 20:36:02.590000-05:00,41.6979216,-86.2344776,64957d65,T-Mobile,Bowl,NR,
2025-11-08 20:36:02.608000-05:00,41.6984695,-86.233387,7c36e7df,Verizon,Bowl,Wi-Fi,6215.0
2025-11-08 20:36:03.093000-05:00,41.697922,-86.2345204,a0654bd3,AT&T,Bowl,LTE,5975.0
2025-11-08 20:36:07.594000-05:00,41.6979187,-86.2344783,64957d65,T-Mobile,Bowl,NR,
2025-11-08 20:36:07.608000-05:00,41.6984765,-86.2333869,7c36e7df,Verizon,Bowl,Wi-Fi,6215.0
2025-11-08 20:36:08.089000-05:00,41.6979221,-86.2345204,a0654bd3,AT&T,Bowl,LTE,5975.0
2025-11-08 20:36:12.595000-05:00,41.6979177,-86.2344758,64957d65,T-Mobile,Bowl,NR,
2025-11-08 20:36:12.605000-05:00,41.6984753,-86.233384,7c36e7df,Verizon,Bowl,Wi-Fi,6215.0
2025-11-08 20:36:13.076000-05:00,41.6979224,-86.2345205,a0654bd3,AT&T,Bowl,LTE,5975.0
2025-11-08 20:36:17.597000-05:00,41.6979178,-86.234474,64957d65,T-Mobile,Bowl,NR,
2025-11-08 20:36:17.607000-05:00,41.6984778,-86.2333725,7c36e7df,Verizon,Bowl,Wi-Fi,6215.0
2025-11-08 20:36:22.592000-05:00,41.6979207,-86.2344743,64957d65,T-Mobile,Bowl,NR,
2025-11-08 20:36:22.609000-05:00,41.6984778,-86.233373,7c36e7df,Verizon,Bowl,Wi-Fi,6215.0
2025-11-08 20:36:27.599000-05:00,41.6979219,-86.2344742,64957d65,T-Mobile,Bowl,NR,
2025-11-08 20:36:27.604000-05:00,41.6984749,-86.2333752,7c36e7df,Verizon,Bowl,Wi-Fi,6215.0
2025-11-08 20:36:32.598000-05:00,41.6979224,-86.2344741,64957d65,T-Mobile,Bowl,LTE,
2025-11-08 20:36:32.605000-05:00,41.6984751,-86.2333759,7c36e7df,Verizon,Bowl,Wi-Fi,6215.0
2025-11-08 20:36:37.597000-05:00,41.6979223,-86.234474,64957d65,T-Mobile,Bowl,LTE,
2025-11-08 20:36:37.608000-05:00,41.6984762,-86.2333773,7c36e7df,Verizon,Bowl,Wi-Fi,6215.0
2025-11-08 20:36:42.600000-05:00,41.6979222,-86.234474,64957d65,T-Mobile,Bowl,LTE,
2025-11-08 20:36:42.610000-05:00,41.6984763,-86.233377,7c36e7df,Verizon,Bowl,Wi-Fi,6215.0
2025-11-08 20:36:47.596000-05:00,41.6979222,-86.2344744,64957d65,T-Mobile,Bowl,NR,
2025-11-08 20:36:47.610000-05:00,41.6984762,-86.2333771,7c36e7df,Verizon,Bowl,Wi-Fi,6215.0
2025-11-08 20:36:52.603000-05:00,41.6979221,-86.2344744,64957d65,T-Mobile,Bowl,NR,
2025-11-08 20:36:52.607000-05:00,41.698476,-86.233377,7c36e7df,Verizon,Bowl,Wi-Fi,6215.0
2025-11-08 20:36:57.595000-05:00,41.6979252,-86.2344765,64957d65,T-Mobile,Bowl,NR,
2025-11-08 20:36:57.609000-05:00,41.6984759,-86.2333771,7c36e7df,Verizon,Bowl,Wi-Fi,6215.0
2025-11-08 20:37:02.602000-05:00,41.697925,-86.2344762,64957d65,T-Mobile,Bowl,NR,
2025-11-08 20:37:02.606000-05:00,41.6984758,-86.2333772,7c36e7df,Verizon,Bowl,Wi-Fi,6215.0
2025-11-08 20:37:07.598000-05:00,41.6979252,-86.2344761,64957d65,T-Mobile,Bowl,NR,
2025-11-08 20:37:07.611000-05:00,41.6984741,-86.2333818,7c36e7df,Verizon,Bowl,Wi-Fi,6215.0
2025-11-08 20:37:12.601000-05:00,41.6979234,-86.2344757,64957d65,T-Mobile,Bowl,NR,
2025-11-08 20:37:12.613000-05:00,41.6984726,-86.2333833,7c36e7df,Verizon,Bowl,Wi-Fi,6215.0
2025-11-08 20:37:17.601000-05:00,41.6979219,-86.2344751,64957d65,T-Mobile,Bowl,NR,
2025-11-08 20:37:17.611000-05:00,41.6984725,-86.2333835,7c36e7df,Verizon,Bowl,Wi-Fi,6215.0
2025-11-08 20:37:21.098000-05:00,41.6979476,-86.2347823,a0654bd3,AT&T,Bowl,LTE,5975.0
2025-11-08 20:37:22.600000-05:00,41.6979217,-86.2344737,64957d65,T-Mobile,Bowl,NR,
2025-11-08 20:37:22.610000-05:00,41.6984725,-86.2333838,7c36e7df,Verizon,Bowl,Wi-Fi,6215.0
2025-11-08 20:37:27.599000-05:00,41.6979215,-86.2344732,64957d65,T-Mobile,Bowl,NR,
2025-11-08 20:37:27.606000-05:00,41.6984721,-86.2333864,7c36e7df,Verizon,Bowl,Wi-Fi,6215.0
2025-11-08 20:37:32.603000-05:00,41.6979214,-86.2344732,64957d65,T-Mobile,Bowl,NR,
2025-11-08 20:37:32.626000-05:00,41.6984721,-86.2333865,7c36e7df,Verizon,Bowl,Wi-Fi,6215.0
2025-11-08 20:37:37.594000-05:00,41.6979238,-86.2344747,64957d65,T-Mobile,Bowl,NR,
2025-11-08 20:37:37.618000-05:00,41.6984715,-86.2333874,7c36e7df,Verizon,Bowl,Wi-Fi,6215.0
2025-11-08 20:37:42.594000-05:00,41.6979237,-86.2344744,64957d65,T-Mobile,Bowl,NR,
2025-11-08 20:37:42.615000-05:00,41.6984717,-86.233402,7c36e7df,Verizon,Bowl,Wi-Fi,6215.0
2025-11-08 20:37:46.604000-05:00,41.6979476,-86.2347823,a0654bd3,AT&T,Bowl,LTE,
2025-11-08 20:37:47.598000-05:00,41.6979202,-86.2344823,64957d65,T-Mobile,Bowl,NR,
2025-11-08 20:37:47.619000-05:00,41.6984706,-86.2334,7c36e7df,Verizon,Bowl,Wi-Fi,6215.0
2025-11-08 20:37:51.621000-05:00,41.6979477,-86.2347821,a0654bd3,AT&T,Bowl,LTE,
2025-11-08 20:37:52.597000-05:00,41.6979199,-86.2344811,64957d65,T-Mobile,Bowl,NR,
2025-11-08 20:37:52.616000-05:00,41.6984705,-86.2334002,7c36e7df,Verizon,Bowl,Wi-Fi,6215.0
2025-11-08 20:37:56.617000-05:00,41.6979477,-86.2347823,a0654bd3,AT&T,Bowl,LTE,
2025-11-08 20:37:57.602000-05:00,41.6979201,-86.2344822,64957d65,T-Mobile,Bowl,NR,
2025-11-08 20:37:57.615000-05:00,41.6984754,-86.2333976,7c36e7df,Verizon,Bowl,Wi-Fi,6215.0
2025-11-08 20:38:01.614000-05:00,41.6979366,-86.2347897,a0654bd3,AT&T,Bowl,LTE,
2025-11-08 20:38:02.603000-05:00,41.6979202,-86.2344815,64957d65,T-Mobile,Bowl,NR,
2025-11-08 20:38:02.611000-05:00,41.6984748,-86.2333962,7c36e7df,Verizon,Bowl,Wi-Fi,6215.0
2025-11-08 20:38:06.619000-05:00,41.6979303,-86.2347903,a0654bd3,AT&T,Bowl,LTE,
2025-11-08 20:38:07.601000-05:00,41.6979203,-86.2344811,64957d65,T-Mobile,Bowl,NR,
2025-11-08 20:38:07.617000-05:00,41.6984699,-86.2333991,7c36e7df,Verizon,Bowl,Wi-Fi,6215.0
2025-11-08 20:38:11.614000-05:00,41.697932,-86.2347912,a0654bd3,AT&T,Bowl,LTE,
2025-11-08 20:38:12.601000-05:00,41.6979214,-86.2344871,64957d65,T-Mobile,Bowl,NR,
2025-11-08 20:38:12.613000-05:00,41.6984696,-86.2334003,7c36e7df,Verizon,Bowl,Wi-Fi,6215.0
2025-11-08 20:38:16.612000-05:00,41.6979324,-86.2347908,a0654bd3,AT&T,Bowl,LTE,
2025-11-08 20:38:17.608000-05:00,41.6979255,-86.2344842,64957d65,T-Mobile,Bowl,NR,
2025-11-08 20:38:17.615000-05:00,41.6984693,-86.2334002,7c36e7df,Verizon,Bowl,Wi-Fi,6215.0
2025-11-08 20:38:21.620000-05:00,41.6979324,-86.2347902,a0654bd3,AT&T,Bowl,LTE,
2025-11-08 20:38:22.596000-05:00,41.6979253,-86.2344844,64957d65,T-Mobile,Bowl,NR,
2025-11-08 20:38:22.626000-05:00,41.6984695,-86.2333991,7c36e7df,Verizon,Bowl,Wi-Fi,6215.0
2025-11-08 20:38:26.624000-05:00,41.6979334,-86.234787,a0654bd3,AT&T,Bowl,LTE,
2025-11-08 20:38:27.597000-05:00,41.6979241,-86.2344847,64957d65,T-Mobile,Bowl,NR,6215.0
2025-11-08 20:38:27.617000-05:00,41.6984694,-86.2333998,7c36e7df,Verizon,Bowl,Wi-Fi,6215.0
2025-11-08 20:38:31.627000-05:00,41.6979389,-86.2347838,a0654bd3,AT&T,Bowl,LTE,
2025-11-08 20:38:32.607000-05:00,41.697924,-86.2344854,64957d65,T-Mobile,Bowl,NR,6215.0
2025-11-08 20:38:32.625000-05:00,41.6984694,-86.2334,7c36e7df,Verizon,Bowl,Wi-Fi,6215.0
2025-11-08 20:38:36.611000-05:00,41.6979391,-86.234782,a0654bd3,AT&T,Bowl,LTE,
2025-11-08 20:38:37.607000-05:00,41.6979239,-86.2344842,64957d65,T-Mobile,Bowl,NR,6215.0
2025-11-08 20:38:37.633000-05:00,41.6984746,-86.2333961,7c36e7df,Verizon,Bowl,Wi-Fi,6215.0
2025-11-08 20:38:41.772000-05:00,41.6979417,-86.2347916,a0654bd3,AT&T,Bowl,LTE,
2025-11-08 20:38:42.604000-05:00,41.6979236,-86.2344838,64957d65,T-Mobile,Bowl,NR,6215.0
2025-11-08 20:38:42.621000-05:00,41.6984684,-86.233414,7c36e7df,Verizon,Bowl,Wi-Fi,6215.0
2025-11-08 20:38:46.772000-05:00,41.6979517,-86.2347978,a0654bd3,AT&T,Bowl,LTE,
2025-11-08 20:38:47.598000-05:00,41.6979237,-86.2344839,64957d65,T-Mobile,Bowl,NR,6215.0
2025-11-08 20:38:51.764000-05:00,41.6979579,-86.2348083,a0654bd3,AT&T,Bowl,LTE,
2025-11-08 20:38:52.607000-05:00,41.697922,-86.2344854,64957d65,T-Mobile,Bowl,NR,6215.0
2025-11-08 20:38:56.762000-05:00,41.6979573,-86.2348081,a0654bd3,AT&T,Bowl,LTE,
2025-11-08 20:38:57.606000-05:00,41.6979224,-86.234485,64957d65,T-Mobile,Bowl,LTE,6215.0
2025-11-08 20:39:01.760000-05:00,41.6979569,-86.2348076,a0654bd3,AT&T,Bowl,LTE,
2025-11-08 20:39:02.607000-05:00,41.6979224,-86.2344844,64957d65,T-Mobile,Bowl,LTE,6215.0
2025-11-08 20:39:06.758000-05:00,41.6979563,-86.2348068,a0654bd3,AT&T,Bowl,NR-NSA,
2025-11-08 20:39:07.607000-05:00,41.6979222,-86.2344844,64957d65,T-Mobile,Bowl,LTE,6215.0
2025-11-08 20:39:11.763000-05:00,41.6979558,-86.2348065,a0654bd3,AT&T,Bowl,NR-NSA,
2025-11-08 20:39:12.610000-05:00,41.6979222,-86.2344842,64957d65,T-Mobile,Bowl,NR,6215.0
2025-11-08 20:39:16.758000-05:00,41.6979553,-86.2348054,a0654bd3,AT&T,Bowl,NR-NSA,
2025-11-08 20:39:17.618000-05:00,41.6979223,-86.2344838,64957d65,T-Mobile,Bowl,NR,6215.0
2025-11-08 20:39:21.759000-05:00,41.697955,-86.2348047,a0654bd3,AT&T,Bowl,NR-NSA,
2025-11-08 20:39:22.610000-05:00,41.6979227,-86.2344831,64957d65,T-Mobile,Bowl,NR,6215.0
2025-11-08 20:39:26.761000-05:00,41.6979546,-86.2348041,a0654bd3,AT&T,Bowl,NR-NSA,
2025-11-08 20:39:27.609000-05:00,41.6979228,-86.2344828,64957d65,T-Mobile,Bowl,NR,6215.0
2025-11-08 20:39:31.762000-05:00,41.6979544,-86.2348033,a0654bd3,AT&T,Bowl,NR-NSA,
2025-11-08 20:39:32.609000-05:00,41.6979245,-86.2344801,64957d65,T-Mobile,Bowl,NR,6215.0
2025-11-08 20:39:36.764000-05:00,41.6979543,-86.2348028,a0654bd3,AT&T,Bowl,LTE,
2025-11-08 20:39:37.611000-05:00,41.6979238,-86.2344806,64957d65,T-Mobile,Bowl,NR,6215.0
2025-11-08 20:39:41.763000-05:00,41.6979543,-86.2348022,a0654bd3,AT&T,Bowl,LTE,
2025-11-08 20:39:42.606000-05:00,41.6979204,-86.2344864,64957d65,T-Mobile,Bowl,NR,6215.0
2025-11-08 20:39:46.758000-05:00,41.6979541,-86.2348015,a0654bd3,AT&T,Bowl,NR-NSA,
2025-11-08 20:39:47.612000-05:00,41.6979211,-86.2344856,64957d65,T-Mobile,Bowl,NR,6215.0
2025-11-08 20:39:51.774000-05:00,41.6979537,-86.2348008,a0654bd3,AT&T,Bowl,NR-NSA,
2025-11-08 20:39:52.612000-05:00,41.6979217,-86.2344859,64957d65,T-Mobile,Bowl,NR,6215.0
2025-11-08 20:39:56.761000-05:00,41.697953,-86.2347995,a0654bd3,AT&T,Bowl,NR-NSA,
2025-11-08 20:39:57.611000-05:00,41.6979216,-86.2344857,64957d65,T-Mobile,Bowl,NR,6215.0
2025-11-08 20:40:01.764000-05:00,41.6979527,-86.2347986,a0654bd3,AT&T,Bowl,NR-NSA,
2025-11-08 20:40:02.609000-05:00,41.6979246,-86.2344863,64957d65,T-Mobile,Bowl,NR,6215.0
2025-11-08 20:40:06.758000-05:00,41.6979523,-86.2347978,a0654bd3,AT&T,Bowl,NR-NSA,
2025-11-08 20:40:07.618000-05:00,41.6979245,-86.2344865,64957d65,T-Mobile,Bowl,NR,6215.0
2025-11-08 20:40:11.764000-05:00,41.697949,-86.2347942,a0654bd3,AT&T,Bowl,NR-NSA,
2025-11-08 20:40:12.615000-05:00,41.6979248,-86.2344863,64957d65,T-Mobile,Bowl,NR,6215.0
2025-11-08 20:40:16.762000-05:00,41.6979485,-86.2347934,a0654bd3,AT&T,Bowl,NR-NSA,
2025-11-08 20:40:17.613000-05:00,41.6979276,-86.2344894,64957d65,T-Mobile,Bowl,NR,6215.0
2025-11-08 20:40:21.759000-05:00,41.6979483,-86.2347928,a0654bd3,AT&T,Bowl,NR-NSA,
2025-11-08 20:40:22.614000-05:00,41.6979276,-86.2344881,64957d65,T-Mobile,Bowl,NR,6215.0
2025-11-08 20:40:26.759000-05:00,41.6979479,-86.2347923,a0654bd3,AT&T,Bowl,NR-NSA,
2025-11-08 20:40:27.613000-05:00,41.6979298,-86.2344863,64957d65,T-Mobile,Bowl,NR,6215.0
2025-11-08 20:40:31.762000-05:00,41.6979473,-86.2347917,a0654bd3,AT&T,Bowl,NR-NSA,
2025-11-08 20:40:32.618000-05:00,41.6979289,-86.2344859,64957d65,T-Mobile,Bowl,NR,6215.0
2025-11-08 20:40:36.762000-05:00,41.6979467,-86.2347912,a0654bd3,AT&T,Bowl,NR-NSA,
2025-11-08 20:40:37.616000-05:00,41.697927,-86.2344844,64957d65,T-Mobile,Bowl,NR,6215.0
2025-11-08 20:40:41.764000-05:00,41.6979465,-86.2347909,a0654bd3,AT&T,Bowl,LTE,
2025-11-08 20:40:42.614000-05:00,41.6979255,-86.2344836,64957d65,T-Mobile,Bowl,NR,6215.0
2025-11-08 20:40:46.764000-05:00,41.6979463,-86.2347907,a0654bd3,AT&T,Bowl,LTE,
2025-11-08 20:40:47.617000-05:00,41.6979255,-86.2344836,64957d65,T-Mobile,Bowl,NR,6215.0
2025-11-08 20:40:51.765000-05:00,41.6979384,-86.2347897,a0654bd3,AT&T,Bowl,LTE,
2025-11-08 20:40:52.612000-05:00,41.6979307,-86.234484,64957d65,T-Mobile,Bowl,NR,6215.0
2025-11-08 20:40:56.764000-05:00,41.6979396,-86.2347846,a0654bd3,AT&T,Bowl,LTE,
2025-11-08 20:40:57.615000-05:00,41.6979307,-86.234484,64957d65,T-Mobile,Bowl,NR,6215.0
2025-11-08 20:41:01.766000-05:00,41.6979419,-86.2347843,a0654bd3,AT&T,Bowl,LTE,
2025-11-08 20:41:02.613000-05:00,41.697931,-86.2344887,64957d65,T-Mobile,Bowl,NR,6215.0
2025-11-08 20:41:06.765000-05:00,41.6979419,-86.2347839,a0654bd3,AT&T,Bowl,LTE,
2025-11-08 20:41:07.616000-05:00,41.697931,-86.2344892,64957d65,T-Mobile,Bowl,NR,6215.0
2025-11-08 20:41:11.764000-05:00,41.697942,-86.2347837,a0654bd3,AT&T,Bowl,LTE,
2025-11-08 20:41:12.626000-05:00,41.6979307,-86.2344885,64957d65,T-Mobile,Bowl,NR,6215.0
2025-11-08 20:41:16.764000-05:00,41.697942,-86.2347835,a0654bd3,AT&T,Bowl,LTE,
2025-11-08 20:41:17.634000-05:00,41.6979301,-86.2344881,64957d65,T-Mobile,Bowl,NR,6215.0
2025-11-08 20:41:21.770000-05:00,41.6979421,-86.2347836,a0654bd3,AT&T,Bowl,LTE,
2025-11-08 20:41:22.613000-05:00,41.6979298,-86.234488,64957d65,T-Mobile,Bowl,NR,6215.0
2025-11-08 20:41:26.767000-05:00,41.6979421,-86.2347835,a0654bd3,AT&T,Bowl,LTE,
2025-11-08 20:41:27.626000-05:00,41.6979295,-86.2344914,64957d65,T-Mobile,Bowl,NR,6215.0
2025-11-08 20:41:31.772000-05:00,41.697942,-86.2347834,a0654bd3,AT&T,Bowl,LTE,
2025-11-08 20:41:32.619000-05:00,41.6979296,-86.2344911,64957d65,T-Mobile,Bowl,NR,6215.0
2025-11-08 20:41:36.771000-05:00,41.6979419,-86.2347834,a0654bd3,AT&T,Bowl,LTE,
2025-11-08 20:41:37.615000-05:00,41.6979287,-86.2344917,64957d65,T-Mobile,Bowl,NR,6215.0
2025-11-08 20:41:41.770000-05:00,41.697942,-86.2347833,a0654bd3,AT&T,Bowl,LTE,
2025-11-08 20:41:42.630000-05:00,41.6979286,-86.2344916,64957d65,T-Mobile,Bowl,NR,6215.0
2025-11-08 20:41:46.772000-05:00,41.6979419,-86.2347833,a0654bd3,AT&T,Bowl,LTE,
2025-11-08 20:41:47.621000-05:00,41.6979286,-86.2344915,64957d65,T-Mobile,Bowl,NR,6215.0
2025-11-08 20:41:51.773000-05:00,41.6979418,-86.2347834,a0654bd3,AT&T,Bowl,LTE,
2025-11-08 20:41:52.625000-05:00,41.6979285,-86.2344914,64957d65,T-Mobile,Bowl,NR,6215.0
2025-11-08 20:41:56.771000-05:00,41.6979416,-86.2347834,a0654bd3,AT&T,Bowl,LTE,
2025-11-08 20:41:57.625000-05:00,41.6979282,-86.2344912,64957d65,T-Mobile,Bowl,NR,6215.0
2025-11-08 20:42:01.767000-05:00,41.6979412,-86.2347836,a0654bd3,AT&T,Bowl,LTE,
2025-11-08 20:42:02.618000-05:00,41.6979262,-86.2344907,64957d65,T-Mobile,Bowl,NR,6215.0
2025-11-08 20:42:06.502000-05:00,41.697936,-86.233364,7c36e7df,Verizon,Bowl,LTE,
2025-11-08 20:42:06.770000-05:00,41.697941,-86.2347837,a0654bd3,AT&T,Bowl,LTE,
2025-11-08 20:42:11.506000-05:00,41.6979337,-86.2333621,7c36e7df,Verizon,Bowl,NR-NSA,
2025-11-08 20:42:11.770000-05:00,41.6979409,-86.2347837,a0654bd3,AT&T,Bowl,LTE,
2025-11-08 20:42:16.506000-05:00,41.6979281,-86.2333685,7c36e7df,Verizon,Bowl,NR-NSA,
2025-11-08 20:42:16.770000-05:00,41.6979409,-86.2347838,a0654bd3,AT&T,Bowl,LTE,
2025-11-08 20:42:21.505000-05:00,41.6979287,-86.2333681,7c36e7df,Verizon,Bowl,NR-NSA,
2025-11-08 20:42:21.786000-05:00,41.6979409,-86.2347839,a0654bd3,AT&T,Bowl,LTE,
2025-11-08 20:42:26.504000-05:00,41.6979298,-86.233376,7c36e7df,Verizon,Bowl,NR-NSA,
2025-11-08 20:42:26.774000-05:00,41.6979407,-86.234784,a0654bd3,AT&T,Bowl,LTE,
2025-11-08 20:42:31.514000-05:00,41.6979306,-86.233385,7c36e7df,Verizon,Bowl,NR-NSA,
2025-11-08 20:42:31.774000-05:00,41.6979406,-86.2347841,a0654bd3,AT&T,Bowl,LTE,
2025-11-08 20:42:36.503000-05:00,41.6979364,-86.2333916,7c36e7df,Verizon,Bowl,NR-NSA,
2025-11-08 20:42:36.773000-05:00,41.6979406,-86.2347842,a0654bd3,AT&T,Bowl,LTE,
2025-11-08 20:42:41.511000-05:00,41.6979364,-86.233393,7c36e7df,Verizon,Bowl,NR-NSA,
2025-11-08 20:42:41.768000-05:00,41.6979404,-86.2347843,a0654bd3,AT&T,Bowl,LTE,
2025-11-08 20:42:46.510000-05:00,41.6979365,-86.233393,7c36e7df,Verizon,Bowl,LTE,
2025-11-08 20:42:46.776000-05:00,41.6979402,-86.2347842,a0654bd3,AT&T,Bowl,LTE,
2025-11-08 20:42:51.510000-05:00,41.6979338,-86.2333961,7c36e7df,Verizon,Bowl,LTE,
2025-11-08 20:42:51.772000-05:00,41.6979428,-86.2347847,a0654bd3,AT&T,Bowl,LTE,
2025-11-08 20:42:56.511000-05:00,41.6979384,-86.2334048,7c36e7df,Verizon,Bowl,NR-NSA,
2025-11-08 20:42:56.772000-05:00,41.6979425,-86.2347847,a0654bd3,AT&T,Bowl,NR-NSA,
2025-11-08 20:43:01.512000-05:00,41.6979418,-86.2334052,7c36e7df,Verizon,Bowl,NR-NSA,
2025-11-08 20:43:01.774000-05:00,41.6979424,-86.2347847,a0654bd3,AT&T,Bowl,NR-NSA,
2025-11-08 20:43:06.513000-05:00,41.697944,-86.2334036,7c36e7df,Verizon,Bowl,NR-NSA,
2025-11-08 20:43:06.776000-05:00,41.6979573,-86.234789,a0654bd3,AT&T,Bowl,NR-NSA,
2025-11-08 20:43:11.506000-05:00,41.6979452,-86.2334009,7c36e7df,Verizon,Bowl,NR-NSA,
2025-11-08 20:43:11.776000-05:00,41.6979227,-86.2347642,a0654bd3,AT&T,Bowl,NR-NSA,
2025-11-08 20:43:16.505000-05:00,41.6979462,-86.2334041,7c36e7df,Verizon,Bowl,NR-NSA,
2025-11-08 20:43:16.775000-05:00,41.6979226,-86.2347658,a0654bd3,AT&T,Bowl,NR-NSA,
2025-11-08 20:43:21.509000-05:00,41.6979494,-86.2334023,7c36e7df,Verizon,Bowl,NR-NSA,
2025-11-08 20:43:21.778000-05:00,41.6979246,-86.2347656,a0654bd3,AT&T,Bowl,LTE,
2025-11-08 20:43:26.509000-05:00,41.6979477,-86.233401,7c36e7df,Verizon,Bowl,NR-NSA,
2025-11-08 20:43:26.782000-05:00,41.6979254,-86.2347656,a0654bd3,AT&T,Bowl,LTE,
2025-11-08 20:43:31.512000-05:00,41.6979487,-86.2334039,7c36e7df,Verizon,Bowl,NR-NSA,
2025-11-08 20:43:31.776000-05:00,41.6979258,-86.2347657,a0654bd3,AT&T,Bowl,LTE,
2025-11-08 20:43:36.510000-05:00,41.6979436,-86.2334003,7c36e7df,Verizon,Bowl,NR-NSA,
2025-11-08 20:43:36.789000-05:00,41.6979258,-86.2347657,a0654bd3,AT&T,Bowl,NR-NSA,
2025-11-08 20:43:41.516000-05:00,41.6979472,-86.2334,7c36e7df,Verizon,Bowl,NR-NSA,
2025-11-08 20:43:41.777000-05:00,41.6979256,-86.2347655,a0654bd3,AT&T,Bowl,NR-NSA,
2025-11-08 20:43:46.515000-05:00,41.6979441,-86.2334031,7c36e7df,Verizon,Bowl,NR-NSA,
2025-11-08 20:43:46.773000-05:00,41.6979234,-86.2347689,a0654bd3,AT&T,Bowl,NR-NSA,
2025-11-08 20:43:51.512000-05:00,41.6979435,-86.2334025,7c36e7df,Verizon,Bowl,NR-NSA,
2025-11-08 20:43:51.783000-05:00,41.6979237,-86.2347689,a0654bd3,AT&T,Bowl,NR-NSA,
2025-11-08 20:43:56.515000-05:00,41.6979434,-86.2334024,7c36e7df,Verizon,Bowl,NR-NSA,
2025-11-08 20:43:56.778000-05:00,41.6979238,-86.234769,a0654bd3,AT&T,Bowl,NR-NSA,
2025-11-08 20:44:01.512000-05:00,41.6979432,-86.2334023,7c36e7df,Verizon,Bowl,NR-NSA,
2025-11-08 20:44:01.787000-05:00,41.6979238,-86.234769,a0654bd3,AT&T,Bowl,NR-NSA,
2025-11-08 20:44:06.509000-05:00,41.6979333,-86.2333995,7c36e7df,Verizon,Bowl,NR-NSA,
2025-11-08 20:44:06.782000-05:00,41.6979235,-86.2347692,a0654bd3,AT&T,Bowl,NR-NSA,
2025-11-08 20:44:11.515000-05:00,41.6979333,-86.2333995,7c36e7df,Verizon,Bowl,NR-NSA,
2025-11-08 20:44:11.776000-05:00,41.6979213,-86.2347709,a0654bd3,AT&T,Bowl,NR-NSA,
2025-11-08 20:44:16.518000-05:00,41.6979333,-86.2333995,7c36e7df,Verizon,Bowl,NR-NSA,
2025-11-08 20:44:16.779000-05:00,41.6979202,-86.2347712,a0654bd3,AT&T,Bowl,NR-NSA,
2025-11-08 20:44:21.519000-05:00,41.6979336,-86.2333997,7c36e7df,Verizon,Bowl,NR-NSA,
2025-11-08 20:44:21.786000-05:00,41.6979202,-86.2347714,a0654bd3,AT&T,Bowl,NR-NSA,
2025-11-08 20:44:26.514000-05:00,41.6979342,-86.2334008,7c36e7df,Verizon,Bowl,NR-NSA,
2025-11-08 20:44:26.776000-05:00,41.6979261,-86.2347667,a0654bd3,AT&T,Bowl,LTE,
2025-11-08 20:44:31.516000-05:00,41.6979353,-86.2334024,7c36e7df,Verizon,Bowl,NR-NSA,
2025-11-08 20:44:31.785000-05:00,41.6979315,-86.234772,a0654bd3,AT&T,Bowl,LTE,
2025-11-08 20:44:36.518000-05:00,41.6979336,-86.2333994,7c36e7df,Verizon,Bowl,NR-NSA,
2025-11-08 20:44:36.783000-05:00,41.6979348,-86.23478,a0654bd3,AT&T,Bowl,LTE,
2025-11-08 20:44:41.514000-05:00,41.697934,-86.2333961,7c36e7df,Verizon,Bowl,NR-NSA,
2025-11-08 20:44:41.798000-05:00,41.6979345,-86.2347804,a0654bd3,AT&T,Bowl,LTE,
2025-11-08 20:44:46.517000-05:00,41.6979341,-86.233396,7c36e7df,Verizon,Bowl,NR-NSA,
2025-11-08 20:44:46.787000-05:00,41.6979362,-86.2347891,a0654bd3,AT&T,Bowl,LTE,
2025-11-08 20:44:51.513000-05:00,41.6979402,-86.2333979,7c36e7df,Verizon,Bowl,NR-NSA,
2025-11-08 20:44:51.783000-05:00,41.6979334,-86.2347897,a0654bd3,AT&T,Bowl,LTE,
2025-11-08 20:44:55.050000-05:00,41.6988966,-86.2346534,64957d65,T-Mobile,Bowl,NR,
2025-11-08 20:44:56.510000-05:00,41.6979403,-86.2333981,7c36e7df,Verizon,Bowl,NR-NSA,
2025-11-08 20:44:56.788000-05:00,41.6979397,-86.2347831,a0654bd3,AT&T,Bowl,LTE,
2025-11-08 20:45:00.054000-05:00,41.6988972,-86.2346324,64957d65,T-Mobile,Bowl,NR,
2025-11-08 20:45:01.517000-05:00,41.6979332,-86.2333954,7c36e7df,Verizon,Bowl,NR-NSA,
2025-11-08 20:45:01.781000-05:00,41.6979361,-86.2347847,a0654bd3,AT&T,Bowl,NR-NSA,
2025-11-08 20:45:05.051000-05:00,41.6988929,-86.2345896,64957d65,T-Mobile,Bowl,NR,
2025-11-08 20:45:06.514000-05:00,41.6979334,-86.2333956,7c36e7df,Verizon,Bowl,NR-NSA,
2025-11-08 20:45:06.782000-05:00,41.6979339,-86.2347861,a0654bd3,AT&T,Bowl,NR-NSA,
2025-11-08 20:45:10.058000-05:00,41.6988725,-86.234556,64957d65,T-Mobile,Bowl,NR,
2025-11-08 20:45:11.517000-05:00,41.6979337,-86.2333991,7c36e7df,Verizon,Bowl,NR-NSA,
2025-11-08 20:45:11.777000-05:00,41.6979327,-86.2347829,a0654bd3,AT&T,Bowl,NR-NSA,
2025-11-08 20:45:15.063000-05:00,41.6988463,-86.2345217,64957d65,T-Mobile,Bowl,NR-NSA,
2025-11-08 20:45:16.507000-05:00,41.6979337,-86.233399,7c36e7df,Verizon,Bowl,LTE,
2025-11-08 20:45:16.781000-05:00,41.6979348,-86.2347844,a0654bd3,AT&T,Bowl,NR-NSA,
2025-11-08 20:45:20.056000-05:00,41.6988387,-86.234509,64957d65,T-Mobile,Bowl,LTE,
2025-11-08 20:45:21.511000-05:00,41.6979329,-86.2333958,7c36e7df,Verizon,Bowl,NR-NSA,
2025-11-08 20:45:21.783000-05:00,41.6979348,-86.2347842,a0654bd3,AT&T,Bowl,NR-NSA,
2025-11-08 20:45:25.063000-05:00,41.6988335,-86.2344954,64957d65,T-Mobile,Bowl,NR-NSA,
2025-11-08 20:45:26.513000-05:00,41.6979329,-86.2333955,7c36e7df,Verizon,Bowl,NR-NSA,
2025-11-08 20:45:26.783000-05:00,41.6979341,-86.2347829,a0654bd3,AT&T,Bowl,NR-NSA,
2025-11-08 20:45:30.063000-05:00,41.6988335,-86.2344949,64957d65,T-Mobile,Bowl,LTE,
2025-11-08 20:45:31.517000-05:00,41.6979414,-86.2333937,7c36e7df,Verizon,Bowl,NR-NSA,
2025-11-08 20:45:31.783000-05:00,41.6979341,-86.2347806,a0654bd3,AT&T,Bowl,NR-NSA,
2025-11-08 20:45:35.066000-05:00,41.6988334,-86.2344947,64957d65,T-Mobile,Bowl,LTE,
2025-11-08 20:45:36.523000-05:00,41.6979413,-86.2333902,7c36e7df,Verizon,Bowl,NR-NSA,
2025-11-08 20:45:36.783000-05:00,41.6979257,-86.2348174,a0654bd3,AT&T,Bowl,NR-NSA,
2025-11-08 20:45:40.061000-05:00,41.6988324,-86.2344935,64957d65,T-Mobile,Bowl,LTE,
2025-11-08 20:45:41.509000-05:00,41.6979422,-86.2333922,7c36e7df,Verizon,Bowl,NR-NSA,
2025-11-08 20:45:41.778000-05:00,41.6979299,-86.2348421,a0654bd3,AT&T,Bowl,NR-NSA,
2025-11-08 20:45:45.066000-05:00,41.6988313,-86.2344933,64957d65,T-Mobile,Bowl,NR,
2025-11-08 20:45:46.520000-05:00,41.6979416,-86.2333927,7c36e7df,Verizon,Bowl,NR-NSA,
2025-11-08 20:45:46.785000-05:00,41.6979335,-86.2348222,a0654bd3,AT&T,Bowl,NR-NSA,
2025-11-08 20:45:50.066000-05:00,41.6988304,-86.2344895,64957d65,T-Mobile,Bowl,NR,
2025-11-08 20:45:51.520000-05:00,41.6979417,-86.2333987,7c36e7df,Verizon,Bowl,NR-NSA,
2025-11-08 20:45:51.787000-05:00,41.6979408,-86.2348368,a0654bd3,AT&T,Bowl,NR-NSA,
2025-11-08 20:45:55.065000-05:00,41.6988294,-86.2344894,64957d65,T-Mobile,Bowl,NR,
2025-11-08 20:45:56.521000-05:00,41.6979429,-86.2333975,7c36e7df,Verizon,Bowl,NR-NSA,
2025-11-08 20:45:56.783000-05:00,41.697942,-86.2348292,a0654bd3,AT&T,Bowl,NR-NSA,
2025-11-08 20:46:00.063000-05:00,41.6988258,-86.2344886,64957d65,T-Mobile,Bowl,NR,
2025-11-08 20:46:01.529000-05:00,41.6979463,-86.2334031,7c36e7df,Verizon,Bowl,LTE,
2025-11-08 20:46:01.785000-05:00,41.6979427,-86.2348277,a0654bd3,AT&T,Bowl,NR-NSA,
2025-11-08 20:46:05.067000-05:00,41.698822,-86.2344857,64957d65,T-Mobile,Bowl,NR,
2025-11-08 20:46:06.524000-05:00,41.6979497,-86.2334084,7c36e7df,Verizon,Bowl,LTE,
2025-11-08 20:46:06.782000-05:00,41.6979427,-86.2348274,a0654bd3,AT&T,Bowl,NR-NSA,
2025-11-08 20:46:10.056000-05:00,41.6988222,-86.2344853,64957d65,T-Mobile,Bowl,NR,
2025-11-08 20:46:11.524000-05:00,41.6979478,-86.233406,7c36e7df,Verizon,Bowl,Wi-Fi,6215.0
2025-11-08 20:46:11.781000-05:00,41.6979409,-86.234821,a0654bd3,AT&T,Bowl,NR-NSA,
2025-11-08 20:46:15.056000-05:00,41.698822,-86.2344848,64957d65,T-Mobile,Bowl,NR,
2025-11-08 20:46:16.525000-05:00,41.6979384,-86.2334033,7c36e7df,Verizon,Bowl,Wi-Fi,6215.0
2025-11-08 20:46:16.789000-05:00,41.6979347,-86.2348114,a0654bd3,AT&T,Bowl,NR-NSA,
2025-11-08 20:46:20.071000-05:00,41.6988219,-86.2344848,64957d65,T-Mobile,Bowl,NR,
2025-11-08 20:46:21.526000-05:00,41.6979316,-86.2334029,7c36e7df,Verizon,Bowl,Wi-Fi,6215.0
2025-11-08 20:46:21.791000-05:00,41.6979342,-86.2348061,a0654bd3,AT&T,Bowl,NR-NSA,
2025-11-08 20:46:25.062000-05:00,41.6988214,-86.2344838,64957d65,T-Mobile,Bowl,NR,
2025-11-08 20:46:26.564000-05:00,41.6979318,-86.2334031,7c36e7df,Verizon,Bowl,Wi-Fi,6215.0
2025-11-08 20:46:26.789000-05:00,41.6979343,-86.2348059,a0654bd3,AT&T,Bowl,NR-NSA,
2025-11-08 20:46:30.062000-05:00,41.6988212,-86.2344838,64957d65,T-Mobile,Bowl,NR,
2025-11-08 20:46:31.523000-05:00,41.697932,-86.2334033,7c36e7df,Verizon,Bowl,Wi-Fi,6215.0
2025-11-08 20:46:31.789000-05:00,41.697934,-86.2348053,a0654bd3,AT&T,Bowl,NR-NSA,
2025-11-08 20:46:35.062000-05:00,41.698821,-86.2344835,64957d65,T-Mobile,Bowl,NR,
2025-11-08 20:46:36.526000-05:00,41.6979324,-86.2334034,7c36e7df,Verizon,Bowl,Wi-Fi,6215.0
2025-11-08 20:46:36.793000-05:00,41.6979355,-86.2348138,a0654bd3,AT&T,Bowl,NR-NSA,
2025-11-08 20:46:40.065000-05:00,41.6988208,-86.2344835,64957d65,T-Mobile,Bowl,NR,
2025-11-08 20:46:41.523000-05:00,41.6979328,-86.2334035,7c36e7df,Verizon,Bowl,Wi-Fi,6215.0
2025-11-08 20:46:41.790000-05:00,41.6979351,-86.2348143,a0654bd3,AT&T,Bowl,NR-NSA,
2025-11-08 20:46:45.066000-05:00,41.6988242,-86.2344832,64957d65,T-Mobile,Bowl,NR,
2025-11-08 20:46:46.525000-05:00,41.6979303,-86.2334026,7c36e7df,Verizon,Bowl,Wi-Fi,6215.0
2025-11-08 20:46:46.790000-05:00,41.6979379,-86.2348138,a0654bd3,AT&T,Bowl,NR-NSA,
2025-11-08 20:46:50.060000-05:00,41.698826,-86.234485,64957d65,T-Mobile,Bowl,NR,
2025-11-08 20:46:51.521000-05:00,41.6979132,-86.2333993,7c36e7df,Verizon,Bowl,Wi-Fi,6215.0
2025-11-08 20:46:51.792000-05:00,41.6979424,-86.23481,a0654bd3,AT&T,Bowl,NR-NSA,
2025-11-08 20:46:55.070000-05:00,41.6988287,-86.2344846,64957d65,T-Mobile,Bowl,NR,
2025-11-08 20:46:56.522000-05:00,41.6979178,-86.2334015,7c36e7df,Verizon,Bowl,Wi-Fi,6215.0
2025-11-08 20:46:56.792000-05:00,41.6979435,-86.234805,a0654bd3,AT&T,Bowl,NR-NSA,
2025-11-08 20:47:00.062000-05:00,41.6988283,-86.2344836,64957d65,T-Mobile,Bowl,NR,
2025-11-08 20:47:01.521000-05:00,41.6979211,-86.2333879,7c36e7df,Verizon,Bowl,Wi-Fi,6215.0
2025-11-08 20:47:01.795000-05:00,41.6979462,-86.2348077,a0654bd3,AT&T,Bowl,LTE,
2025-11-08 20:47:05.070000-05:00,41.6988281,-86.2344832,64957d65,T-Mobile,Bowl,NR,
2025-11-08 20:47:06.548000-05:00,41.6979204,-86.2333868,7c36e7df,Verizon,Bowl,Wi-Fi,6215.0
2025-11-08 20:47:06.795000-05:00,41.6979457,-86.2348076,a0654bd3,AT&T,Bowl,LTE,
2025-11-08 20:47:10.069000-05:00,41.6988281,-86.2344832,64957d65,T-Mobile,Bowl,NR,
2025-11-08 20:47:11.526000-05:00,41.6979208,-86.2333868,7c36e7df,Verizon,Bowl,Wi-Fi,6215.0
2025-11-08 20:47:11.802000-05:00,41.6979454,-86.2348073,a0654bd3,AT&T,Bowl,LTE,6215.0
2025-11-08 20:47:15.065000-05:00,41.698828,-86.2344831,64957d65,T-Mobile,Bowl,NR,
2025-11-08 20:47:16.529000-05:00,41.6979211,-86.2333869,7c36e7df,Verizon,Bowl,Wi-Fi,6215.0
2025-11-08 20:47:16.798000-05:00,41.697946,-86.2348054,a0654bd3,AT&T,Bowl,LTE,6215.0
2025-11-08 20:47:20.065000-05:00,41.6988285,-86.2344833,64957d65,T-Mobile,Bowl,NR,
2025-11-08 20:47:21.529000-05:00,41.6979218,-86.2333869,7c36e7df,Verizon,Bowl,Wi-Fi,6215.0
2025-11-08 20:47:21.799000-05:00,41.6979456,-86.2348051,a0654bd3,AT&T,Bowl,LTE,6215.0
2025-11-08 20:47:25.071000-05:00,41.6988285,-86.234483,64957d65,T-Mobile,Bowl,NR,
2025-11-08 20:47:26.519000-05:00,41.6979229,-86.233387,7c36e7df,Verizon,Bowl,Wi-Fi,6215.0
2025-11-08 20:47:26.800000-05:00,41.6979453,-86.2348057,a0654bd3,AT&T,Bowl,LTE,6215.0
2025-11-08 20:47:30.070000-05:00,41.6988285,-86.2344818,64957d65,T-Mobile,Bowl,NR,
2025-11-08 20:47:31.529000-05:00,41.6979234,-86.2333869,7c36e7df,Verizon,Bowl,Wi-Fi,6215.0
2025-11-08 20:47:31.796000-05:00,41.697945,-86.2348055,a0654bd3,AT&T,Bowl,LTE,6215.0
2025-11-08 20:47:35.063000-05:00,41.6988285,-86.2344818,64957d65,T-Mobile,Bowl,NR,
2025-11-08 20:47:36.521000-05:00,41.6979274,-86.2333874,7c36e7df,Verizon,Bowl,Wi-Fi,6215.0
2025-11-08 20:47:36.792000-05:00,41.6979421,-86.2348032,a0654bd3,AT&T,Bowl,LTE,6215.0
2025-11-08 20:47:40.073000-05:00,41.6988285,-86.234482,64957d65,T-Mobile,Bowl,NR,
2025-11-08 20:47:41.525000-05:00,41.6979272,-86.2333872,7c36e7df,Verizon,Bowl,Wi-Fi,6215.0
2025-11-08 20:47:41.797000-05:00,41.6979395,-86.234812,a0654bd3,AT&T,Bowl,LTE,6215.0
2025-11-08 20:47:45.076000-05:00,41.6988278,-86.2344807,64957d65,T-Mobile,Bowl,NR,
2025-11-08 20:47:46.530000-05:00,41.6979271,-86.2333872,7c36e7df,Verizon,Bowl,Wi-Fi,6215.0
2025-11-08 20:47:46.794000-05:00,41.6979215,-86.2348159,a0654bd3,AT&T,Bowl,LTE,6215.0
2025-11-08 20:47:50.086000-05:00,41.6988236,-86.2344752,64957d65,T-Mobile,Bowl,NR,
2025-11-08 20:47:51.529000-05:00,41.6979271,-86.2333871,7c36e7df,Verizon,Bowl,Wi-Fi,6215.0
2025-11-08 20:47:51.802000-05:00,41.6979271,-86.2348296,a0654bd3,AT&T,Bowl,LTE,6215.0
2025-11-08 20:47:55.066000-05:00,41.698823,-86.2344769,64957d65,T-Mobile,Bowl,NR,
2025-11-08 20:47:56.528000-05:00,41.6979269,-86.2333871,7c36e7df,Verizon,Bowl,Wi-Fi,6215.0
2025-11-08 20:47:56.797000-05:00,41.69793,-86.2348285,a0654bd3,AT&T,Bowl,LTE,6215.0
2025-11-08 20:48:00.072000-05:00,41.698822,-86.2344798,64957d65,T-Mobile,Bowl,NR,
2025-11-08 20:48:01.522000-05:00,41.6979245,-86.2333885,7c36e7df,Verizon,Bowl,Wi-Fi,6215.0
2025-11-08 20:48:01.798000-05:00,41.6979303,-86.2348273,a0654bd3,AT&T,Bowl,LTE,6215.0
2025-11-08 20:48:05.078000-05:00,41.6988213,-86.2344868,64957d65,T-Mobile,Bowl,NR,
2025-11-08 20:48:06.523000-05:00,41.6979246,-86.2333883,7c36e7df,Verizon,Bowl,Wi-Fi,6215.0
2025-11-08 20:48:06.802000-05:00,41.6979344,-86.2348241,a0654bd3,AT&T,Bowl,LTE,6215.0
2025-11-08 20:48:10.070000-05:00,41.6988234,-86.2344835,64957d65,T-Mobile,Bowl,NR,
2025-11-08 20:48:11.529000-05:00,41.6979268,-86.233389,7c36e7df,Verizon,Bowl,Wi-Fi,6215.0
2025-11-08 20:48:11.800000-05:00,41.6979356,-86.2348237,a0654bd3,AT&T,Bowl,LTE,6215.0
2025-11-08 20:48:15.069000-05:00,41.6988249,-86.2344868,64957d65,T-Mobile,Bowl,NR,
2025-11-08 20:48:16.523000-05:00,41.6979254,-86.2333883,7c36e7df,Verizon,Bowl,Wi-Fi,6215.0
2025-11-08 20:48:16.797000-05:00,41.6979354,-86.2348235,a0654bd3,AT&T,Bowl,LTE,6215.0
2025-11-08 20:48:20.073000-05:00,41.698827,-86.2344905,64957d65,T-Mobile,Bowl,NR,
2025-11-08 20:48:21.532000-05:00,41.6979188,-86.2333982,7c36e7df,Verizon,Bowl,Wi-Fi,6215.0
2025-11-08 20:48:21.849000-05:00,41.6979349,-86.2348232,a0654bd3,AT&T,Bowl,LTE,6215.0
2025-11-08 20:48:25.077000-05:00,41.6988261,-86.23449,64957d65,T-Mobile,Bowl,NR,
2025-11-08 20:48:26.544000-05:00,41.6979191,-86.233398,7c36e7df,Verizon,Bowl,Wi-Fi,6215.0
2025-11-08 20:48:26.798000-05:00,41.6979346,-86.234823,a0654bd3,AT&T,Bowl,LTE,6215.0
2025-11-08 20:48:30.079000-05:00,41.6988253,-86.234489,64957d65,T-Mobile,Bowl,NR,
2025-11-08 20:48:31.529000-05:00,41.6979128,-86.2333746,7c36e7df,Verizon,Bowl,Wi-Fi,6215.0
2025-11-08 20:48:31.797000-05:00,41.6979399,-86.2348164,a0654bd3,AT&T,Bowl,LTE,6215.0
2025-11-08 20:48:35.074000-05:00,41.6988325,-86.2344898,64957d65,T-Mobile,Bowl,NR,
2025-11-08 20:48:36.530000-05:00,41.6979163,-86.2333802,7c36e7df,Verizon,Bowl,Wi-Fi,6215.0
2025-11-08 20:48:36.798000-05:00,41.6979558,-86.2347848,a0654bd3,AT&T,Bowl,LTE,6215.0
2025-11-08 20:48:40.078000-05:00,41.6988342,-86.2344871,64957d65,T-Mobile,Bowl,NR,
2025-11-08 20:48:41.530000-05:00,41.6979203,-86.2333845,7c36e7df,Verizon,Bowl,Wi-Fi,6215.0
2025-11-08 20:48:41.796000-05:00,41.6979564,-86.2347839,a0654bd3,AT&T,Bowl,LTE,6215.0
2025-11-08 20:48:45.084000-05:00,41.6988287,-86.2344938,64957d65,T-Mobile,Bowl,NR,
2025-11-08 20:48:46.530000-05:00,41.6979206,-86.2333841,7c36e7df,Verizon,Bowl,Wi-Fi,6215.0
2025-11-08 20:48:46.798000-05:00,41.6979552,-86.2347857,a0654bd3,AT&T,Bowl,LTE,6215.0
2025-11-08 20:48:50.076000-05:00,41.6988272,-86.2344928,64957d65,T-Mobile,Bowl,NR,6215.0
2025-11-08 20:48:51.536000-05:00,41.6979208,-86.2333842,7c36e7df,Verizon,Bowl,Wi-Fi,6215.0
2025-11-08 20:48:51.802000-05:00,41.6979547,-86.2347866,a0654bd3,AT&T,Bowl,LTE,6215.0
2025-11-08 20:48:55.085000-05:00,41.6988266,-86.234492,64957d65,T-Mobile,Bowl,NR,6215.0
2025-11-08 20:48:56.534000-05:00,41.697921,-86.2333846,7c36e7df,Verizon,Bowl,Wi-Fi,6215.0
2025-11-08 20:48:56.806000-05:00,41.6979531,-86.2347887,a0654bd3,AT&T,Bowl,LTE,6215.0
2025-11-08 20:49:00.082000-05:00,41.6988271,-86.2344923,64957d65,T-Mobile,Bowl,NR,6215.0
2025-11-08 20:49:01.533000-05:00,41.6979211,-86.2333847,7c36e7df,Verizon,Bowl,Wi-Fi,6215.0
2025-11-08 20:49:01.796000-05:00,41.6979589,-86.2347898,a0654bd3,AT&T,Bowl,LTE,6215.0
2025-11-08 20:49:05.085000-05:00,41.6988266,-86.2344925,64957d65,T-Mobile,Bowl,NR,6215.0
2025-11-08 20:49:06.804000-05:00,41.6979594,-86.2347959,a0654bd3,AT&T,Bowl,LTE,6215.0
2025-11-08 20:49:10.085000-05:00,41.6988261,-86.2344924,64957d65,T-Mobile,Bowl,NR,6215.0
2025-11-08 20:49:11.809000-05:00,41.6979603,-86.2347986,a0654bd3,AT&T,Bowl,LTE,6215.0
2025-11-08 20:49:15.076000-05:00,41.6988269,-86.2344925,64957d65,T-Mobile,Bowl,LTE,6215.0
2025-11-08 20:49:16.801000-05:00,41.6979598,-86.2347984,a0654bd3,AT&T,Bowl,LTE,6215.0
2025-11-08 20:49:20.087000-05:00,41.6988284,-86.2344927,64957d65,T-Mobile,Bowl,LTE,6215.0
2025-11-08 20:49:21.807000-05:00,41.697958,-86.2347974,a0654bd3,AT&T,Bowl,LTE,6215.0
2025-11-08 20:49:25.084000-05:00,41.6988291,-86.2344923,64957d65,T-Mobile,Bowl,LTE,6215.0
2025-11-08 20:49:26.800000-05:00,41.6979575,-86.2347972,a0654bd3,AT&T,Bowl,LTE,6215.0
2025-11-08 20:49:30.084000-05:00,41.6988305,-86.234493,64957d65,T-Mobile,Bowl,LTE,6215.0
2025-11-08 20:49:31.801000-05:00,41.6979577,-86.2347973,a0654bd3,AT&T,Bowl,LTE,6215.0
2025-11-08 20:49:35.076000-05:00,41.6988302,-86.2344925,64957d65,T-Mobile,Bowl,NR,6215.0
2025-11-08 20:49:36.810000-05:00,41.6979574,-86.2347971,a0654bd3,AT&T,Bowl,LTE,6215.0
2025-11-08 20:49:40.096000-05:00,41.6988298,-86.2344918,64957d65,T-Mobile,Bowl,NR,6215.0
2025-11-08 20:49:41.810000-05:00,41.697957,-86.234797,a0654bd3,AT&T,Bowl,LTE,6215.0
2025-11-08 20:49:45.086000-05:00,41.6988297,-86.2344922,64957d65,T-Mobile,Bowl,NR,6215.0
2025-11-08 20:49:46.813000-05:00,41.6979559,-86.2348001,a0654bd3,AT&T,Bowl,LTE,6215.0
2025-11-08 20:49:50.087000-05:00,41.6988308,-86.2344925,64957d65,T-Mobile,Bowl,NR,6215.0
2025-11-08 20:49:51.811000-05:00,41.6979552,-86.2348005,a0654bd3,AT&T,Bowl,LTE,6215.0
2025-11-08 20:49:55.076000-05:00,41.6988309,-86.2344925,64957d65,T-Mobile,Bowl,NR,6215.0
2025-11-08 20:49:56.815000-05:00,41.6979554,-86.2348003,a0654bd3,AT&T,Bowl,LTE,6215.0
2025-11-08 20:50:00.084000-05:00,41.6988309,-86.2344921,64957d65,T-Mobile,Bowl,NR,6215.0
2025-11-08 20:50:01.803000-05:00,41.6979553,-86.2348002,a0654bd3,AT&T,Bowl,LTE,6215.0
2025-11-08 20:50:05.085000-05:00,41.6988314,-86.2344922,64957d65,T-Mobile,Bowl,NR,6215.0
2025-11-08 20:50:06.809000-05:00,41.6979551,-86.2348002,a0654bd3,AT&T,Bowl,LTE,6215.0
2025-11-08 20:50:10.087000-05:00,41.6988318,-86.2344918,64957d65,T-Mobile,Bowl,NR,6215.0
2025-11-08 20:50:11.808000-05:00,41.6979541,-86.2348022,a0654bd3,AT&T,Bowl,LTE,6215.0
2025-11-08 20:50:15.079000-05:00,41.6988307,-86.2344908,64957d65,T-Mobile,Bowl,NR,6215.0
2025-11-08 20:50:16.805000-05:00,41.6979529,-86.2348012,a0654bd3,AT&T,Bowl,LTE,6215.0
2025-11-08 20:50:20.083000-05:00,41.6988307,-86.2344909,64957d65,T-Mobile,Bowl,NR,6215.0
2025-11-08 20:50:21.805000-05:00,41.6979509,-86.2347981,a0654bd3,AT&T,Bowl,LTE,6215.0
2025-11-08 20:50:25.084000-05:00,41.6988305,-86.2344907,64957d65,T-Mobile,Bowl,NR,6215.0
2025-11-08 20:50:26.820000-05:00,41.6979507,-86.2347979,a0654bd3,AT&T,Bowl,LTE,6215.0
2025-11-08 20:50:30.078000-05:00,41.6988305,-86.2344905,64957d65,T-Mobile,Bowl,NR,6215.0
2025-11-08 20:50:31.808000-05:00,41.6979512,-86.2347975,a0654bd3,AT&T,Bowl,LTE,6215.0
2025-11-08 20:50:35.077000-05:00,41.6988302,-86.2344899,64957d65,T-Mobile,Bowl,NR,6215.0
2025-11-08 20:50:36.804000-05:00,41.6979508,-86.2347975,a0654bd3,AT&T,Bowl,LTE,6215.0
2025-11-08 20:50:40.081000-05:00,41.6988352,-86.2344852,64957d65,T-Mobile,Bowl,NR,6215.0
2025-11-08 20:50:41.815000-05:00,41.6979457,-86.2347948,a0654bd3,AT&T,Bowl,LTE,6215.0
2025-11-08 20:50:45.086000-05:00,41.6988367,-86.2344883,64957d65,T-Mobile,Bowl,NR,6215.0
2025-11-08 20:50:50.082000-05:00,41.6988373,-86.2344918,64957d65,T-Mobile,Bowl,NR,6215.0
2025-11-08 20:50:55.083000-05:00,41.6988375,-86.2344919,64957d65,T-Mobile,Bowl,NR,6215.0
2025-11-08 20:51:00.085000-05:00,41.6988375,-86.234492,64957d65,T-Mobile,Bowl,NR,6215.0
2025-11-08 20:51:05.082000-05:00,41.6988375,-86.2344917,64957d65,T-Mobile,Bowl,NR,6215.0
2025-11-08 20:51:10.085000-05:00,41.6988377,-86.2344916,64957d65,T-Mobile,Bowl,NR,6215.0
2025-11-08 20:51:15.089000-05:00,41.698837,-86.2344908,64957d65,T-Mobile,Bowl,NR,6215.0
2025-11-08 20:51:20.085000-05:00,41.6988367,-86.2344904,64957d65,T-Mobile,Bowl,NR,6215.0
2025-11-08 20:51:25.086000-05:00,41.6988363,-86.2344905,64957d65,T-Mobile,Bowl,NR,6215.0
2025-11-08 20:51:30.086000-05:00,41.6988361,-86.2344903,64957d65,T-Mobile,Bowl,NR,6215.0
2025-11-08 20:51:35.086000-05:00,41.6988361,-86.23449,64957d65,T-Mobile,Bowl,NR,6215.0
2025-11-08 20:51:40.089000-05:00,41.6988358,-86.2344898,64957d65,T-Mobile,Bowl,NR,6215.0
2025-11-08 20:51:45.086000-05:00,41.6988358,-86.2344899,64957d65,T-Mobile,Bowl,NR,6215.0
2025-11-08 20:51:50.106000-05:00,41.6988354,-86.2344896,64957d65,T-Mobile,Bowl,NR,6215.0
2025-11-08 20:51:55.092000-05:00,41.6988352,-86.2344896,64957d65,T-Mobile,Bowl,NR,6215.0
2025-11-08 20:52:00.095000-05:00,41.6988352,-86.2344895,64957d65,T-Mobile,Bowl,NR,6215.0
2025-11-08 20:52:05.092000-05:00,41.6988351,-86.2344891,64957d65,T-Mobile,Bowl,NR,6215.0
2025-11-08 20:52:10.090000-05:00,41.6988344,-86.2344891,64957d65,T-Mobile,Bowl,NR,6215.0
2025-11-08 20:52:15.085000-05:00,41.6988346,-86.2344887,64957d65,T-Mobile,Bowl,NR,6215.0
2025-11-08 20:52:20.093000-05:00,41.6988344,-86.2344886,64957d65,T-Mobile,Bowl,NR,6215.0
2025-11-08 20:52:25.090000-05:00,41.6988344,-86.2344884,64957d65,T-Mobile,Bowl,NR,6215.0
2025-11-08 20:52:30.094000-05:00,41.6988345,-86.234488,64957d65,T-Mobile,Bowl,NR,6215.0
2025-11-08 20:52:35.092000-05:00,41.6988338,-86.2344873,64957d65,T-Mobile,Bowl,NR,6215.0
2025-11-08 20:52:40.093000-05:00,41.6988337,-86.2344874,64957d65,T-Mobile,Bowl,NR,6215.0
2025-11-08 20:52:45.091000-05:00,41.6988329,-86.2344861,64957d65,T-Mobile,Bowl,NR,6215.0
2025-11-08 20:52:50.089000-05:00,41.6988328,-86.2344863,64957d65,T-Mobile,Bowl,NR,6215.0
2025-11-08 20:52:55.095000-05:00,41.6988324,-86.2344862,64957d65,T-Mobile,Bowl,NR,6215.0
2025-11-08 20:53:00.097000-05:00,41.6988294,-86.2345007,64957d65,T-Mobile,Bowl,NR,6215.0
2025-11-08 20:55:10.795000-05:00,41.6988484,-86.2345162,a0654bd3,AT&T,Bowl,LTE,
2025-11-08 20:55:16.769000-05:00,41.6988484,-86.2345162,a0654bd3,AT&T,Bowl,LTE,
2025-11-08 20:55:21.773000-05:00,41.6988466,-86.2345144,a0654bd3,AT&T,Bowl,LTE,
2025-11-08 20:55:26.784000-05:00,41.6988417,-86.2345009,a0654bd3,AT&T,Bowl,LTE,
2025-11-08 20:55:31.780000-05:00,41.6988496,-86.2345208,a0654bd3,AT&T,Bowl,LTE,
2025-11-08 20:55:37.011000-05:00,41.698853,-86.2345186,a0654bd3,AT&T,Bowl,LTE,
2025-11-08 20:55:42.002000-05:00,41.6988517,-86.2345174,a0654bd3,AT&T,Bowl,LTE,
2025-11-08 20:55:46.998000-05:00,41.6988507,-86.2345151,a0654bd3,AT&T,Bowl,LTE,
2025-11-08 20:55:52.008000-05:00,41.698849,-86.2345109,a0654bd3,AT&T,Bowl,LTE,
2025-11-08 20:55:57-05:00,41.69885,-86.2345145,a0654bd3,AT&T,Bowl,LTE,
2025-11-08 20:56:02.005000-05:00,41.698849,-86.2345135,a0654bd3,AT&T,Bowl,NR-NSA,
2025-11-08 20:56:07.003000-05:00,41.6988483,-86.2345131,a0654bd3,AT&T,Bowl,NR-NSA,
2025-11-08 20:56:10.866000-05:00,41.6990072,-86.2348463,64957d65,T-Mobile,Concourse,NR,
2025-11-08 20:56:12.003000-05:00,41.6988475,-86.234512,a0654bd3,AT&T,Bowl,NR-NSA,
2025-11-08 20:56:15.876000-05:00,41.6990081,-86.23485,64957d65,T-Mobile,Concourse,NR,
2025-11-08 20:56:17-05:00,41.6988467,-86.234511,a0654bd3,AT&T,Bowl,NR-NSA,
2025-11-08 20:56:20.873000-05:00,41.6990097,-86.234853,64957d65,T-Mobile,Concourse,NR,
2025-11-08 20:56:22.005000-05:00,41.6988463,-86.2345103,a0654bd3,AT&T,Bowl,NR-NSA,
2025-11-08 20:56:22.212000-05:00,41.697886,-86.2345123,7c36e7df,Verizon,Bowl,Wi-Fi,5180.0
2025-11-08 20:56:25.879000-05:00,41.6990115,-86.2348557,64957d65,T-Mobile,Concourse,NR,
2025-11-08 20:56:27.009000-05:00,41.6988459,-86.2345098,a0654bd3,AT&T,Bowl,NR-NSA,
2025-11-08 20:56:27.254000-05:00,41.697895,-86.2345074,7c36e7df,Verizon,Bowl,Wi-Fi,5745.0
2025-11-08 20:56:30.878000-05:00,41.6990125,-86.2348576,64957d65,T-Mobile,Concourse,NR,
2025-11-08 20:56:32.010000-05:00,41.6988456,-86.2345095,a0654bd3,AT&T,Bowl,NR-NSA,
2025-11-08 20:56:32.213000-05:00,41.697911,-86.2344798,7c36e7df,Verizon,Bowl,NR-NSA,
2025-11-08 20:56:35.882000-05:00,41.6990131,-86.2348595,64957d65,T-Mobile,Concourse,NR,
2025-11-08 20:56:37.007000-05:00,41.6988424,-86.234509,a0654bd3,AT&T,Bowl,NR-NSA,
2025-11-08 20:56:37.220000-05:00,41.6979154,-86.2344742,7c36e7df,Verizon,Bowl,NR-NSA,
2025-11-08 20:56:40.879000-05:00,41.6990135,-86.2348615,64957d65,T-Mobile,Concourse,NR,
2025-11-08 20:56:42.007000-05:00,41.698844,-86.2345083,a0654bd3,AT&T,Bowl,NR-NSA,
2025-11-08 20:56:42.227000-05:00,41.6979176,-86.2344768,7c36e7df,Verizon,Bowl,NR-NSA,
2025-11-08 20:56:45.873000-05:00,41.699014,-86.2348634,64957d65,T-Mobile,Concourse,NR,
2025-11-08 20:56:47.007000-05:00,41.6988433,-86.2345055,a0654bd3,AT&T,Bowl,NR-NSA,
2025-11-08 20:56:47.220000-05:00,41.697926,-86.2344861,7c36e7df,Verizon,Bowl,LTE,
2025-11-08 20:56:50.884000-05:00,41.6990145,-86.2348649,64957d65,T-Mobile,Concourse,LTE,
2025-11-08 20:56:52.008000-05:00,41.6988586,-86.2345307,a0654bd3,AT&T,Bowl,NR-NSA,
2025-11-08 20:56:52.222000-05:00,41.6979367,-86.2344762,7c36e7df,Verizon,Bowl,LTE,
2025-11-08 20:56:55.883000-05:00,41.6990146,-86.2348663,64957d65,T-Mobile,Concourse,LTE,
2025-11-08 20:56:57.006000-05:00,41.6988559,-86.2345255,a0654bd3,AT&T,Bowl,NR-NSA,
2025-11-08 20:56:57.228000-05:00,41.6979527,-86.2344648,7c36e7df,Verizon,Bowl,LTE,
2025-11-08 20:57:00.881000-05:00,41.6990154,-86.2348682,64957d65,T-Mobile,Concourse,LTE,
2025-11-08 20:57:02.022000-05:00,41.6988535,-86.2345199,a0654bd3,AT&T,Bowl,NR-NSA,
2025-11-08 20:57:02.228000-05:00,41.6979481,-86.2344703,7c36e7df,Verizon,Bowl,LTE,
2025-11-08 20:57:05.878000-05:00,41.6990174,-86.2348708,64957d65,T-Mobile,Concourse,NR-NSA,
2025-11-08 20:57:07.008000-05:00,41.6988522,-86.2345183,a0654bd3,AT&T,Bowl,NR-NSA,
2025-11-08 20:57:07.228000-05:00,41.697945,-86.2344769,7c36e7df,Verizon,Bowl,NR-NSA,
2025-11-08 20:57:10.876000-05:00,41.6990178,-86.2348725,64957d65,T-Mobile,Concourse,NR,
2025-11-08 20:57:12.009000-05:00,41.6988514,-86.2345168,a0654bd3,AT&T,Bowl,NR-NSA,
2025-11-08 20:57:12.224000-05:00,41.6979444,-86.2344775,7c36e7df,Verizon,Bowl,NR-NSA,
2025-11-08 20:57:15.885000-05:00,41.6990181,-86.2348741,64957d65,T-Mobile,Concourse,NR,
2025-11-08 20:57:17.005000-05:00,41.6988514,-86.2345156,a0654bd3,AT&T,Bowl,NR-NSA,
2025-11-08 20:57:17.226000-05:00,41.6979467,-86.2344713,7c36e7df,Verizon,Bowl,NR-NSA,
2025-11-08 20:57:20.881000-05:00,41.6990155,-86.2348732,64957d65,T-Mobile,Concourse,NR,
2025-11-08 20:57:22.011000-05:00,41.698851,-86.2345127,a0654bd3,AT&T,Bowl,NR-NSA,
2025-11-08 20:57:22.222000-05:00,41.6979466,-86.2344713,7c36e7df,Verizon,Bowl,NR-NSA,
2025-11-08 20:57:25.881000-05:00,41.6990153,-86.2348736,64957d65,T-Mobile,Concourse,NR,
2025-11-08 20:57:27.010000-05:00,41.6988501,-86.2345135,a0654bd3,AT&T,Bowl,NR-NSA,
2025-11-08 20:57:27.220000-05:00,41.6979478,-86.2344695,7c36e7df,Verizon,Bowl,LTE,
2025-11-08 20:57:30.881000-05:00,41.6990159,-86.2348742,64957d65,T-Mobile,Concourse,NR,
2025-11-08 20:57:32.021000-05:00,41.6988453,-86.2345121,a0654bd3,AT&T,Bowl,NR-NSA,
2025-11-08 20:57:32.221000-05:00,41.6979465,-86.2344744,7c36e7df,Verizon,Bowl,LTE,
2025-11-08 20:57:35.875000-05:00,41.699016,-86.2348744,64957d65,T-Mobile,Concourse,NR,
2025-11-08 20:57:37.009000-05:00,41.698846,-86.2345102,a0654bd3,AT&T,Bowl,NR-NSA,
2025-11-08 20:57:37.225000-05:00,41.6979449,-86.2344736,7c36e7df,Verizon,Bowl,NR,
2025-11-08 20:57:40.881000-05:00,41.6990149,-86.2348751,64957d65,T-Mobile,Concourse,NR,
2025-11-08 20:57:42.016000-05:00,41.6988447,-86.2345088,a0654bd3,AT&T,Bowl,NR-NSA,
2025-11-08 20:57:42.218000-05:00,41.6979426,-86.2344773,7c36e7df,Verizon,Bowl,NR,
2025-11-08 20:57:45.879000-05:00,41.6990123,-86.2348744,64957d65,T-Mobile,Concourse,NR,
2025-11-08 20:57:47.011000-05:00,41.6988447,-86.2345087,a0654bd3,AT&T,Bowl,NR-NSA,
2025-11-08 20:57:47.222000-05:00,41.6979336,-86.2344861,7c36e7df,Verizon,Bowl,NR,
2025-11-08 20:57:50.881000-05:00,41.6990127,-86.2348745,64957d65,T-Mobile,Concourse,NR,
2025-11-08 20:57:52.014000-05:00,41.6988445,-86.2345084,a0654bd3,AT&T,Bowl,LTE,
2025-11-08 20:57:52.223000-05:00,41.6979334,-86.2344864,7c36e7df,Verizon,Bowl,NR,
2025-11-08 20:57:55.882000-05:00,41.6990127,-86.2348743,64957d65,T-Mobile,Concourse,NR,
2025-11-08 20:57:57.012000-05:00,41.6988438,-86.2345086,a0654bd3,AT&T,Bowl,NR-NSA,
2025-11-08 20:57:57.222000-05:00,41.6979273,-86.2344879,7c36e7df,Verizon,Bowl,LTE,
2025-11-08 20:58:00.884000-05:00,41.6990132,-86.234876,64957d65,T-Mobile,Concourse,NR,
2025-11-08 20:58:02.011000-05:00,41.698844,-86.2345073,a0654bd3,AT&T,Bowl,NR-NSA,
2025-11-08 20:58:02.225000-05:00,41.6979256,-86.2344925,7c36e7df,Verizon,Bowl,LTE,
2025-11-08 20:58:05.880000-05:00,41.6990138,-86.2348781,64957d65,T-Mobile,Concourse,NR,
2025-11-08 20:58:07.005000-05:00,41.6988436,-86.2345069,a0654bd3,AT&T,Bowl,NR-NSA,
2025-11-08 20:58:07.228000-05:00,41.6979254,-86.2344944,7c36e7df,Verizon,Bowl,LTE,
2025-11-08 20:58:10.884000-05:00,41.6990137,-86.234878,64957d65,T-Mobile,Concourse,NR,
2025-11-08 20:58:12.011000-05:00,41.6988436,-86.2345062,a0654bd3,AT&T,Bowl,NR-NSA,
2025-11-08 20:58:12.232000-05:00,41.6979232,-86.2344908,7c36e7df,Verizon,Bowl,NR-NSA,
2025-11-08 20:58:15.889000-05:00,41.6990151,-86.2348791,64957d65,T-Mobile,Concourse,NR,
2025-11-08 20:58:17.015000-05:00,41.6988451,-86.2345069,a0654bd3,AT&T,Bowl,NR-NSA,
2025-11-08 20:58:17.230000-05:00,41.6979228,-86.2344886,7c36e7df,Verizon,Bowl,NR-NSA,
2025-11-08 20:58:20.896000-05:00,41.6990167,-86.2348805,64957d65,T-Mobile,Concourse,NR,
2025-11-08 20:58:22.011000-05:00,41.6988454,-86.2345058,a0654bd3,AT&T,Bowl,NR-NSA,
2025-11-08 20:58:22.226000-05:00,41.6979218,-86.2344871,7c36e7df,Verizon,Bowl,NR-NSA,
2025-11-08 20:58:25.890000-05:00,41.6990173,-86.2348803,64957d65,T-Mobile,Concourse,NR,
2025-11-08 20:58:27.011000-05:00,41.6988456,-86.234506,a0654bd3,AT&T,Bowl,NR-NSA,
2025-11-08 20:58:27.228000-05:00,41.6979217,-86.234487,7c36e7df,Verizon,Bowl,NR-NSA,
2025-11-08 20:58:30.884000-05:00,41.6990189,-86.234881,64957d65,T-Mobile,Concourse,NR,
2025-11-08 20:58:32.012000-05:00,41.6988447,-86.2345049,a0654bd3,AT&T,Bowl,NR-NSA,
2025-11-08 20:58:32.223000-05:00,41.6979181,-86.2344862,7c36e7df,Verizon,Bowl,NR-NSA,
2025-11-08 20:58:35.887000-05:00,41.69902,-86.2348819,64957d65,T-Mobile,Concourse,NR,
2025-11-08 20:58:37.010000-05:00,41.6988448,-86.2344993,a0654bd3,AT&T,Bowl,LTE,
2025-11-08 20:58:37.226000-05:00,41.697925,-86.2344835,7c36e7df,Verizon,Bowl,NR-NSA,
2025-11-08 20:58:40.892000-05:00,41.69902,-86.2348819,64957d65,T-Mobile,Concourse,NR,
2025-11-08 20:58:42.012000-05:00,41.6988361,-86.2344975,a0654bd3,AT&T,Bowl,NR-NSA,
2025-11-08 20:58:42.228000-05:00,41.6979257,-86.2344827,7c36e7df,Verizon,Bowl,NR-NSA,
2025-11-08 20:58:45.881000-05:00,41.6990203,-86.2348821,64957d65,T-Mobile,Concourse,NR,
2025-11-08 20:58:47.012000-05:00,41.6988533,-86.2344933,a0654bd3,AT&T,Bowl,LTE,
2025-11-08 20:58:47.220000-05:00,41.6979261,-86.234483,7c36e7df,Verizon,Bowl,NR-NSA,
2025-11-08 20:58:50.883000-05:00,41.69902,-86.2348822,64957d65,T-Mobile,Concourse,NR,
2025-11-08 20:58:52.010000-05:00,41.6988715,-86.2344764,a0654bd3,AT&T,Bowl,LTE,
2025-11-08 20:58:52.220000-05:00,41.6979242,-86.234493,7c36e7df,Verizon,Bowl,NR-NSA,
2025-11-08 20:58:55.887000-05:00,41.6990197,-86.2348823,64957d65,T-Mobile,Concourse,NR,
2025-11-08 20:58:57.016000-05:00,41.6988695,-86.2344806,a0654bd3,AT&T,Bowl,LTE,
2025-11-08 20:58:57.226000-05:00,41.6979243,-86.2344916,7c36e7df,Verizon,Bowl,NR-NSA,
2025-11-08 20:59:00.893000-05:00,41.6990202,-86.2348848,64957d65,T-Mobile,Concourse,NR,
2025-11-08 20:59:02.020000-05:00,41.6988668,-86.2344853,a0654bd3,AT&T,Bowl,LTE,
2025-11-08 20:59:02.227000-05:00,41.6979242,-86.2344906,7c36e7df,Verizon,Bowl,NR-NSA,
2025-11-08 20:59:05.891000-05:00,41.6990203,-86.2348858,64957d65,T-Mobile,Concourse,NR,
2025-11-08 20:59:07.014000-05:00,41.6988572,-86.2345219,a0654bd3,AT&T,Bowl,LTE,
2025-11-08 20:59:07.225000-05:00,41.6979242,-86.2344902,7c36e7df,Verizon,Bowl,LTE,
2025-11-08 20:59:10.892000-05:00,41.699021,-86.2348864,64957d65,T-Mobile,Concourse,NR,
2025-11-08 20:59:12.016000-05:00,41.698856,-86.2345254,a0654bd3,AT&T,Bowl,LTE,
2025-11-08 20:59:12.224000-05:00,41.6979206,-86.2344917,7c36e7df,Verizon,Bowl,LTE,
2025-11-08 20:59:15.892000-05:00,41.6990222,-86.2348874,64957d65,T-Mobile,Concourse,NR,
2025-11-08 20:59:17.011000-05:00,41.6988575,-86.2345205,a0654bd3,AT&T,Bowl,LTE,
2025-11-08 20:59:17.224000-05:00,41.6979205,-86.2344917,7c36e7df,Verizon,Bowl,LTE,
2025-11-08 20:59:20.882000-05:00,41.699022,-86.2348873,64957d65,T-Mobile,Concourse,NR,
2025-11-08 20:59:22.015000-05:00,41.6988546,-86.2345214,a0654bd3,AT&T,Bowl,LTE,
2025-11-08 20:59:22.224000-05:00,41.6979213,-86.2344906,7c36e7df,Verizon,Bowl,LTE,
2025-11-08 20:59:25.887000-05:00,41.6990218,-86.2348873,64957d65,T-Mobile,Concourse,NR,
2025-11-08 20:59:27.016000-05:00,41.6988532,-86.2345206,a0654bd3,AT&T,Bowl,LTE,
2025-11-08 20:59:27.224000-05:00,41.6979214,-86.2344903,7c36e7df,Verizon,Bowl,LTE,
2025-11-08 20:59:30.886000-05:00,41.6990218,-86.2348878,64957d65,T-Mobile,Concourse,NR,
2025-11-08 20:59:32.009000-05:00,41.6988528,-86.2345204,a0654bd3,AT&T,Bowl,LTE,
2025-11-08 20:59:32.224000-05:00,41.6979214,-86.2344902,7c36e7df,Verizon,Bowl,LTE,
2025-11-08 20:59:35.891000-05:00,41.6990224,-86.2348878,64957d65,T-Mobile,Concourse,NR,
2025-11-08 20:59:37.013000-05:00,41.6988525,-86.234521,a0654bd3,AT&T,Bowl,LTE,
2025-11-08 20:59:37.228000-05:00,41.6979195,-86.2344867,7c36e7df,Verizon,Bowl,LTE,
2025-11-08 20:59:40.889000-05:00,41.6990235,-86.2348883,64957d65,T-Mobile,Concourse,NR,
2025-11-08 20:59:42.015000-05:00,41.6988545,-86.2345206,a0654bd3,AT&T,Bowl,LTE,
2025-11-08 20:59:42.228000-05:00,41.6979192,-86.2344861,7c36e7df,Verizon,Bowl,LTE,
2025-11-08 20:59:45.897000-05:00,41.6990243,-86.2348898,64957d65,T-Mobile,Concourse,NR,
2025-11-08 20:59:47.014000-05:00,41.6988537,-86.2345156,a0654bd3,AT&T,Bowl,NR-NSA,
2025-11-08 20:59:47.229000-05:00,41.6979191,-86.2344859,7c36e7df,Verizon,Bowl,LTE,
2025-11-08 20:59:50.896000-05:00,41.699025,-86.2348907,64957d65,T-Mobile,Concourse,NR,
2025-11-08 20:59:52.014000-05:00,41.6988529,-86.2345145,a0654bd3,AT&T,Bowl,NR-NSA,
2025-11-08 20:59:52.232000-05:00,41.6979193,-86.2344862,7c36e7df,Verizon,Bowl,LTE,
2025-11-08 20:59:55.894000-05:00,41.6990259,-86.2348919,64957d65,T-Mobile,Concourse,NR,
2025-11-08 20:59:57.017000-05:00,41.6988529,-86.234515,a0654bd3,AT&T,Bowl,NR-NSA,
2025-11-08 20:59:57.231000-05:00,41.6979256,-86.2344842,7c36e7df,Verizon,Bowl,LTE,
2025-11-08 21:00:00.892000-05:00,41.6990266,-86.2348934,64957d65,T-Mobile,Concourse,NR,
2025-11-08 21:00:02.014000-05:00,41.6988511,-86.2345155,a0654bd3,AT&T,Bowl,NR-NSA,
2025-11-08 21:00:02.229000-05:00,41.6979252,-86.2344825,7c36e7df,Verizon,Bowl,LTE,
2025-11-08 21:00:05.889000-05:00,41.699027,-86.2348948,64957d65,T-Mobile,Concourse,NR,6055.0
2025-11-08 21:00:07.014000-05:00,41.6988527,-86.2345167,a0654bd3,AT&T,Bowl,NR-NSA,
2025-11-08 21:00:07.228000-05:00,41.6979271,-86.2344809,7c36e7df,Verizon,Bowl,LTE,
2025-11-08 21:00:10.898000-05:00,41.6990276,-86.2348953,64957d65,T-Mobile,Concourse,NR,6055.0
2025-11-08 21:00:12.015000-05:00,41.6988527,-86.2345166,a0654bd3,AT&T,Bowl,NR-NSA,
2025-11-08 21:00:12.228000-05:00,41.6979263,-86.2344807,7c36e7df,Verizon,Bowl,LTE,
2025-11-08 21:00:15.901000-05:00,41.6990278,-86.2348964,64957d65,T-Mobile,Concourse,NR,6055.0
2025-11-08 21:00:17.018000-05:00,41.6988527,-86.2345166,a0654bd3,AT&T,Bowl,NR-NSA,
2025-11-08 21:00:17.238000-05:00,41.6979278,-86.2344802,7c36e7df,Verizon,Bowl,LTE,
2025-11-08 21:00:20.902000-05:00,41.6990284,-86.2348966,64957d65,T-Mobile,Concourse,NR,6055.0
2025-11-08 21:00:22.016000-05:00,41.6988526,-86.2345166,a0654bd3,AT&T,Bowl,NR-NSA,
2025-11-08 21:00:22.232000-05:00,41.6979186,-86.234486,7c36e7df,Verizon,Bowl,LTE,
2025-11-08 21:00:25.888000-05:00,41.6990289,-86.2348971,64957d65,T-Mobile,Concourse,NR,6055.0
2025-11-08 21:00:27.017000-05:00,41.698854,-86.2345159,a0654bd3,AT&T,Bowl,NR-NSA,
2025-11-08 21:00:27.236000-05:00,41.6979144,-86.2344848,7c36e7df,Verizon,Bowl,LTE,
2025-11-08 21:00:30.900000-05:00,41.6990291,-86.2348979,64957d65,T-Mobile,Concourse,NR,6055.0
2025-11-08 21:00:32.018000-05:00,41.6988515,-86.2345072,a0654bd3,AT&T,Bowl,NR-NSA,
2025-11-08 21:00:32.237000-05:00,41.6979105,-86.2344826,7c36e7df,Verizon,Bowl,LTE,
2025-11-08 21:00:35.906000-05:00,41.6990293,-86.2348985,64957d65,T-Mobile,Concourse,LTE,6055.0
2025-11-08 21:00:37.015000-05:00,41.6988513,-86.2345113,a0654bd3,AT&T,Bowl,NR-NSA,
2025-11-08 21:00:37.232000-05:00,41.6979117,-86.2344811,7c36e7df,Verizon,Bowl,LTE,
2025-11-08 21:00:40.900000-05:00,41.6990298,-86.2348995,64957d65,T-Mobile,Concourse,LTE,6055.0
2025-11-08 21:00:42.017000-05:00,41.6988507,-86.234513,a0654bd3,AT&T,Bowl,NR-NSA,
2025-11-08 21:00:42.242000-05:00,41.6979085,-86.2344752,7c36e7df,Verizon,Bowl,LTE,
2025-11-08 21:00:45.898000-05:00,41.6990302,-86.2349012,64957d65,T-Mobile,Concourse,LTE,6055.0
2025-11-08 21:00:47.015000-05:00,41.6988507,-86.2345129,a0654bd3,AT&T,Bowl,NR-NSA,
2025-11-08 21:00:47.247000-05:00,41.6979095,-86.2344752,7c36e7df,Verizon,Bowl,LTE,
2025-11-08 21:00:50.897000-05:00,41.6990308,-86.2349019,64957d65,T-Mobile,Concourse,NR-NSA,6055.0
2025-11-08 21:00:52.018000-05:00,41.6988453,-86.2345151,a0654bd3,AT&T,Bowl,LTE,
2025-11-08 21:00:52.245000-05:00,41.6979094,-86.2344753,7c36e7df,Verizon,Bowl,LTE,
2025-11-08 21:00:55.901000-05:00,41.6990311,-86.2349022,64957d65,T-Mobile,Concourse,NR,6055.0
2025-11-08 21:00:57.018000-05:00,41.6988396,-86.2345135,a0654bd3,AT&T,Bowl,LTE,
2025-11-08 21:00:57.247000-05:00,41.6979093,-86.2344751,7c36e7df,Verizon,Bowl,Unknown,
2025-11-08 21:01:00.900000-05:00,41.699031,-86.2349022,64957d65,T-Mobile,Concourse,NR,6055.0
2025-11-08 21:01:02.016000-05:00,41.6988473,-86.2345101,a0654bd3,AT&T,Bowl,NR-NSA,
2025-11-08 21:01:02.256000-05:00,41.6979093,-86.2344728,7c36e7df,Verizon,Bowl,Unknown,5975.0
2025-11-08 21:01:05.893000-05:00,41.6990314,-86.2349028,64957d65,T-Mobile,Concourse,NR,6055.0
2025-11-08 21:01:07.019000-05:00,41.6988485,-86.234508,a0654bd3,AT&T,Bowl,NR-NSA,
2025-11-08 21:01:07.242000-05:00,41.6979152,-86.2344765,7c36e7df,Verizon,Bowl,Wi-Fi,5975.0
2025-11-08 21:01:10.889000-05:00,41.6990331,-86.2349034,64957d65,T-Mobile,Concourse,NR,6055.0
2025-11-08 21:01:12.019000-05:00,41.6988464,-86.2345108,a0654bd3,AT&T,Bowl,NR-NSA,
2025-11-08 21:01:12.253000-05:00,41.697918,-86.2344705,7c36e7df,Verizon,Bowl,Wi-Fi,5975.0
2025-11-08 21:01:15.903000-05:00,41.6990335,-86.2349033,64957d65,T-Mobile,Concourse,NR,6055.0
2025-11-08 21:01:17.022000-05:00,41.6988464,-86.2345109,a0654bd3,AT&T,Bowl,NR-NSA,
2025-11-08 21:01:17.250000-05:00,41.6979179,-86.2344704,7c36e7df,Verizon,Bowl,Wi-Fi,5975.0
2025-11-08 21:01:20.910000-05:00,41.699034,-86.2349045,64957d65,T-Mobile,Concourse,NR,6055.0
2025-11-08 21:01:22.021000-05:00,41.6988465,-86.234511,a0654bd3,AT&T,Bowl,NR-NSA,
2025-11-08 21:01:22.247000-05:00,41.6979178,-86.2344702,7c36e7df,Verizon,Bowl,Wi-Fi,5975.0
2025-11-08 21:01:25.896000-05:00,41.699034,-86.2349046,64957d65,T-Mobile,Concourse,NR,6055.0
2025-11-08 21:01:27.022000-05:00,41.698846,-86.2345105,a0654bd3,AT&T,Bowl,NR-NSA,
2025-11-08 21:01:27.243000-05:00,41.6979179,-86.2344743,7c36e7df,Verizon,Bowl,Wi-Fi,5975.0
2025-11-08 21:01:30.902000-05:00,41.6990338,-86.2349045,64957d65,T-Mobile,Concourse,NR,6055.0
2025-11-08 21:01:32.017000-05:00,41.6988498,-86.2345127,a0654bd3,AT&T,Bowl,NR-NSA,
2025-11-08 21:01:32.250000-05:00,41.6979173,-86.2344745,7c36e7df,Verizon,Bowl,Wi-Fi,5975.0
2025-11-08 21:01:35.896000-05:00,41.6990345,-86.2349055,64957d65,T-Mobile,Concourse,NR,6055.0
2025-11-08 21:01:37.018000-05:00,41.6988512,-86.2345137,a0654bd3,AT&T,Bowl,NR-NSA,
2025-11-08 21:01:37.249000-05:00,41.6979149,-86.2344777,7c36e7df,Verizon,Bowl,Wi-Fi,5975.0
2025-11-08 21:01:40.899000-05:00,41.6990352,-86.2349062,64957d65,T-Mobile,Concourse,NR,6055.0
2025-11-08 21:01:42.023000-05:00,41.6988515,-86.2345136,a0654bd3,AT&T,Bowl,NR-NSA,
2025-11-08 21:01:42.250000-05:00,41.6979145,-86.234477,7c36e7df,Verizon,Bowl,Wi-Fi,5975.0
2025-11-08 21:01:45.893000-05:00,41.6990354,-86.2349063,64957d65,T-Mobile,Concourse,NR,6055.0
2025-11-08 21:01:47.015000-05:00,41.6988492,-86.2345136,a0654bd3,AT&T,Bowl,NR-NSA,
2025-11-08 21:01:47.249000-05:00,41.6979144,-86.2344768,7c36e7df,Verizon,Bowl,Wi-Fi,5975.0
2025-11-08 21:01:50.901000-05:00,41.6990354,-86.2349063,64957d65,T-Mobile,Concourse,NR,6055.0
2025-11-08 21:01:52.072000-05:00,41.6988483,-86.2345142,a0654bd3,AT&T,Bowl,LTE,
2025-11-08 21:01:52.245000-05:00,41.6979168,-86.2344776,7c36e7df,Verizon,Bowl,Wi-Fi,5975.0
2025-11-08 21:01:55.909000-05:00,41.6990355,-86.2349072,64957d65,T-Mobile,Concourse,NR,6055.0
2025-11-08 21:01:57.087000-05:00,41.6988488,-86.2345123,a0654bd3,AT&T,Bowl,LTE,
2025-11-08 21:01:57.249000-05:00,41.6979175,-86.2344844,7c36e7df,Verizon,Bowl,Wi-Fi,5975.0
2025-11-08 21:02:00.915000-05:00,41.6990354,-86.2349072,64957d65,T-Mobile,Concourse,NR,6055.0
2025-11-08 21:02:02.085000-05:00,41.6988526,-86.2345163,a0654bd3,AT&T,Bowl,LTE,
2025-11-08 21:02:02.245000-05:00,41.6979176,-86.2344841,7c36e7df,Verizon,Bowl,Wi-Fi,5975.0
2025-11-08 21:02:07.099000-05:00,41.6988503,-86.2345203,a0654bd3,AT&T,Bowl,LTE,
2025-11-08 21:02:07.244000-05:00,41.6979183,-86.2344875,7c36e7df,Verizon,Bowl,Wi-Fi,5975.0
2025-11-08 21:02:12.074000-05:00,41.6988512,-86.2345169,a0654bd3,AT&T,Bowl,LTE,
2025-11-08 21:02:12.243000-05:00,41.6979182,-86.2344851,7c36e7df,Verizon,Bowl,Wi-Fi,5975.0
2025-11-08 21:02:17.111000-05:00,41.6988512,-86.2345168,a0654bd3,AT&T,Bowl,LTE,6215.0
2025-11-08 21:02:17.254000-05:00,41.6979159,-86.23448,7c36e7df,Verizon,Bowl,Wi-Fi,5975.0
2025-11-08 21:02:22.082000-05:00,41.6988513,-86.2345167,a0654bd3,AT&T,Bowl,LTE,
2025-11-08 21:02:22.245000-05:00,41.6979159,-86.2344798,7c36e7df,Verizon,Bowl,Wi-Fi,5975.0
2025-11-08 21:02:27.094000-05:00,41.6988513,-86.2345168,a0654bd3,AT&T,Bowl,LTE,6215.0
2025-11-08 21:02:27.241000-05:00,41.6979184,-86.2344832,7c36e7df,Verizon,Bowl,Wi-Fi,5975.0
2025-11-08 21:02:32.084000-05:00,41.6988512,-86.2345169,a0654bd3,AT&T,Bowl,LTE,6215.0
2025-11-08 21:02:32.248000-05:00,41.6979192,-86.2344838,7c36e7df,Verizon,Bowl,Wi-Fi,5975.0
2025-11-08 21:02:37.139000-05:00,41.6988512,-86.2345168,a0654bd3,AT&T,Bowl,LTE,6215.0
2025-11-08 21:02:37.243000-05:00,41.6979192,-86.2344836,7c36e7df,Verizon,Bowl,Wi-Fi,5975.0
2025-11-08 21:02:42.088000-05:00,41.6988514,-86.2345147,a0654bd3,AT&T,Bowl,LTE,6215.0
2025-11-08 21:02:42.245000-05:00,41.6979193,-86.2344836,7c36e7df,Verizon,Bowl,Wi-Fi,5975.0
2025-11-08 21:02:47.091000-05:00,41.6988514,-86.2345144,a0654bd3,AT&T,Bowl,LTE,6215.0
2025-11-08 21:02:47.247000-05:00,41.6979196,-86.2344847,7c36e7df,Verizon,Bowl,Wi-Fi,5975.0
2025-11-08 21:02:52.088000-05:00,41.6988514,-86.2345143,a0654bd3,AT&T,Bowl,LTE,6215.0
2025-11-08 21:02:52.304000-05:00,41.6979194,-86.2344835,7c36e7df,Verizon,Bowl,Wi-Fi,5975.0
2025-11-08 21:02:57.082000-05:00,41.6988503,-86.2345173,a0654bd3,AT&T,Bowl,LTE,6215.0
2025-11-08 21:02:57.248000-05:00,41.6979194,-86.2344834,7c36e7df,Verizon,Bowl,Wi-Fi,5975.0
2025-11-08 21:03:02.081000-05:00,41.6988503,-86.2345175,a0654bd3,AT&T,Bowl,LTE,6215.0
2025-11-08 21:03:02.247000-05:00,41.6979192,-86.2344831,7c36e7df,Verizon,Bowl,Wi-Fi,5975.0
2025-11-08 21:03:07.080000-05:00,41.6988509,-86.2345186,a0654bd3,AT&T,Bowl,LTE,6215.0
2025-11-08 21:03:07.246000-05:00,41.6979191,-86.2344829,7c36e7df,Verizon,Bowl,Wi-Fi,5975.0
2025-11-08 21:03:12.083000-05:00,41.6988503,-86.2345178,a0654bd3,AT&T,Bowl,LTE,6215.0
2025-11-08 21:03:12.248000-05:00,41.697919,-86.2344828,7c36e7df,Verizon,Bowl,Wi-Fi,5975.0
2025-11-08 21:03:17.079000-05:00,41.6988501,-86.2345175,a0654bd3,AT&T,Bowl,LTE,6215.0
2025-11-08 21:03:17.248000-05:00,41.697919,-86.2344827,7c36e7df,Verizon,Bowl,Wi-Fi,5975.0
2025-11-08 21:03:22.085000-05:00,41.6988496,-86.2345169,a0654bd3,AT&T,Bowl,LTE,6215.0
2025-11-08 21:03:22.251000-05:00,41.6979191,-86.2344828,7c36e7df,Verizon,Bowl,Wi-Fi,5975.0
2025-11-08 21:03:27.093000-05:00,41.6988496,-86.2345166,a0654bd3,AT&T,Bowl,LTE,6215.0
2025-11-08 21:03:27.250000-05:00,41.6979195,-86.2344859,7c36e7df,Verizon,Bowl,Wi-Fi,5975.0
2025-11-08 21:03:32.090000-05:00,41.6988492,-86.2345156,a0654bd3,AT&T,Bowl,LTE,6215.0
2025-11-08 21:03:32.257000-05:00,41.6979194,-86.234486,7c36e7df,Verizon,Bowl,Wi-Fi,5975.0
2025-11-08 21:03:37.081000-05:00,41.6988467,-86.2345128,a0654bd3,AT&T,Bowl,LTE,6215.0
2025-11-08 21:03:37.258000-05:00,41.6979212,-86.2344849,7c36e7df,Verizon,Bowl,Wi-Fi,5975.0
2025-11-08 21:03:42.091000-05:00,41.6988462,-86.2345133,a0654bd3,AT&T,Bowl,LTE,6215.0
2025-11-08 21:03:42.257000-05:00,41.6979211,-86.2344849,7c36e7df,Verizon,Bowl,Wi-Fi,5975.0
2025-11-08 21:03:47.090000-05:00,41.6988462,-86.2345133,a0654bd3,AT&T,Bowl,LTE,6215.0
2025-11-08 21:03:47.252000-05:00,41.6979221,-86.2344827,7c36e7df,Verizon,Bowl,Wi-Fi,5975.0
2025-11-08 21:03:52.089000-05:00,41.6988462,-86.2345134,a0654bd3,AT&T,Bowl,LTE,6215.0
2025-11-08 21:03:52.254000-05:00,41.6979226,-86.2344801,7c36e7df,Verizon,Bowl,Wi-Fi,5975.0
2025-11-08 21:03:57.094000-05:00,41.6988462,-86.2345134,a0654bd3,AT&T,Bowl,LTE,6215.0
2025-11-08 21:03:57.256000-05:00,41.6979223,-86.2344801,7c36e7df,Verizon,Bowl,Wi-Fi,5975.0
2025-11-08 21:04:02.103000-05:00,41.6988455,-86.2345125,a0654bd3,AT&T,Bowl,LTE,6215.0
2025-11-08 21:04:02.259000-05:00,41.6979218,-86.2344788,7c36e7df,Verizon,Bowl,Wi-Fi,5975.0
2025-11-08 21:04:07.100000-05:00,41.6988452,-86.2345121,a0654bd3,AT&T,Bowl,LTE,6215.0
2025-11-08 21:04:07.253000-05:00,41.6979208,-86.234479,7c36e7df,Verizon,Bowl,Wi-Fi,5975.0
2025-11-08 21:04:11.902000-05:00,,,64957d65,T-Mobile,Concourse,NR,6055.0
2025-11-08 21:04:12.094000-05:00,41.6988451,-86.2345122,a0654bd3,AT&T,Bowl,LTE,6215.0
2025-11-08 21:04:12.253000-05:00,41.6979206,-86.2344788,7c36e7df,Verizon,Bowl,Wi-Fi,5975.0
2025-11-08 21:04:16.909000-05:00,41.6981615,-86.2348923,64957d65,T-Mobile,Concourse,NR,
2025-11-08 21:04:17.084000-05:00,41.6988444,-86.2345132,a0654bd3,AT&T,Bowl,LTE,6215.0
2025-11-08 21:04:17.252000-05:00,41.6979186,-86.2344877,7c36e7df,Verizon,Bowl,Wi-Fi,5975.0
2025-11-08 21:04:21.911000-05:00,41.6981615,-86.2348923,64957d65,T-Mobile,Concourse,NR,
2025-11-08 21:04:22.095000-05:00,41.698844,-86.2345138,a0654bd3,AT&T,Bowl,LTE,6215.0
2025-11-08 21:04:22.256000-05:00,41.697919,-86.2344876,7c36e7df,Verizon,Bowl,Wi-Fi,5975.0
2025-11-08 21:04:26.917000-05:00,41.6980977,-86.2348677,64957d65,T-Mobile,Concourse,NR,
2025-11-08 21:04:27.093000-05:00,41.6988439,-86.2345138,a0654bd3,AT&T,Bowl,LTE,6215.0
2025-11-08 21:04:27.257000-05:00,41.697919,-86.2344878,7c36e7df,Verizon,Bowl,Wi-Fi,5975.0
2025-11-08 21:04:31.910000-05:00,41.6980977,-86.2348677,64957d65,T-Mobile,Concourse,NR,
2025-11-08 21:04:32.094000-05:00,41.6988439,-86.2345139,a0654bd3,AT&T,Bowl,LTE,6215.0
2025-11-08 21:04:32.260000-05:00,41.6979191,-86.2344879,7c36e7df,Verizon,Bowl,Wi-Fi,5975.0
2025-11-08 21:04:36.913000-05:00,41.6980864,-86.2348665,64957d65,T-Mobile,Concourse,NR,
2025-11-08 21:04:37.098000-05:00,41.6988438,-86.234514,a0654bd3,AT&T,Bowl,LTE,6215.0
2025-11-08 21:04:37.263000-05:00,41.6979191,-86.234488,7c36e7df,Verizon,Bowl,Wi-Fi,5975.0
2025-11-08 21:04:41.909000-05:00,41.6980631,-86.2348726,64957d65,T-Mobile,Concourse,LTE,
2025-11-08 21:04:42.098000-05:00,41.6988439,-86.2345147,a0654bd3,AT&T,Bowl,LTE,6215.0
2025-11-08 21:04:42.260000-05:00,41.6979192,-86.2344882,7c36e7df,Verizon,Bowl,Wi-Fi,5975.0
2025-11-08 21:04:46.913000-05:00,41.698064,-86.2348708,64957d65,T-Mobile,Concourse,LTE,
2025-11-08 21:04:47.094000-05:00,41.6988512,-86.2345173,a0654bd3,AT&T,Bowl,LTE,6215.0
2025-11-08 21:04:51.913000-05:00,41.6980844,-86.234862,64957d65,T-Mobile,Concourse,LTE,
2025-11-08 21:04:52.106000-05:00,41.6988512,-86.2345133,a0654bd3,AT&T,Bowl,LTE,6215.0
2025-11-08 21:04:56.919000-05:00,41.6980777,-86.2348732,64957d65,T-Mobile,Concourse,NR-NSA,
2025-11-08 21:04:57.093000-05:00,41.6988507,-86.2345126,a0654bd3,AT&T,Bowl,LTE,6215.0
2025-11-08 21:05:01.915000-05:00,41.6980706,-86.2348747,64957d65,T-Mobile,Concourse,NR,
2025-11-08 21:05:02.102000-05:00,41.6988517,-86.2345141,a0654bd3,AT&T,Bowl,LTE,6215.0
2025-11-08 21:05:06.922000-05:00,41.6980806,-86.2348783,64957d65,T-Mobile,Concourse,NR,
2025-11-08 21:05:07.090000-05:00,41.6988514,-86.2345132,a0654bd3,AT&T,Bowl,LTE,6215.0
2025-11-08 21:05:11.920000-05:00,41.698062,-86.2348732,64957d65,T-Mobile,Concourse,NR,
2025-11-08 21:05:12.088000-05:00,41.6988492,-86.2345131,a0654bd3,AT&T,Bowl,LTE,6215.0
2025-11-08 21:05:16.912000-05:00,41.6980494,-86.2348756,64957d65,T-Mobile,Concourse,NR,
2025-11-08 21:05:17.092000-05:00,41.698849,-86.2345132,a0654bd3,AT&T,Bowl,LTE,6215.0
2025-11-08 21:05:21.919000-05:00,41.6980453,-86.2348705,64957d65,T-Mobile,Concourse,NR,
2025-11-08 21:05:22.090000-05:00,41.698849,-86.2345133,a0654bd3,AT&T,Bowl,LTE,6215.0
2025-11-08 21:05:26.909000-05:00,41.6980248,-86.2348729,64957d65,T-Mobile,Concourse,NR,
2025-11-08 21:05:27.097000-05:00,41.698849,-86.2345133,a0654bd3,AT&T,Bowl,LTE,6215.0
2025-11-08 21:05:31.918000-05:00,41.698059,-86.2348684,64957d65,T-Mobile,Concourse,NR,
2025-11-08 21:05:32.147000-05:00,41.698849,-86.2345132,a0654bd3,AT&T,Bowl,LTE,6215.0
2025-11-08 21:05:36.921000-05:00,41.698052,-86.2348653,64957d65,T-Mobile,Concourse,NR,
2025-11-08 21:05:37.113000-05:00,41.6988445,-86.2345082,a0654bd3,AT&T,Bowl,LTE,6215.0
2025-11-08 21:05:41.913000-05:00,41.6980506,-86.2348736,64957d65,T-Mobile,Concourse,NR,
2025-11-08 21:05:42.098000-05:00,41.6988432,-86.2345046,a0654bd3,AT&T,Bowl,LTE,6215.0
2025-11-08 21:05:46.915000-05:00,41.6980066,-86.2348773,64957d65,T-Mobile,Concourse,NR,
2025-11-08 21:05:47.095000-05:00,41.6988434,-86.2345047,a0654bd3,AT&T,Bowl,LTE,6215.0
2025-11-08 21:05:51.920000-05:00,41.6980597,-86.2348595,64957d65,T-Mobile,Concourse,NR,
2025-11-08 21:05:52.115000-05:00,41.6988436,-86.2345047,a0654bd3,AT&T,Bowl,LTE,6215.0
2025-11-08 21:05:56.914000-05:00,41.6980569,-86.2348641,64957d65,T-Mobile,Concourse,NR,
2025-11-08 21:05:57.112000-05:00,41.6988437,-86.2345047,a0654bd3,AT&T,Bowl,LTE,6215.0
2025-11-08 21:06:01.916000-05:00,41.698092,-86.2348644,64957d65,T-Mobile,Concourse,NR,
2025-11-08 21:06:02.102000-05:00,41.6988437,-86.2345047,a0654bd3,AT&T,Bowl,LTE,6215.0
2025-11-08 21:06:06.925000-05:00,41.698084,-86.2348782,64957d65,T-Mobile,Concourse,NR,
2025-11-08 21:06:07.107000-05:00,41.6988437,-86.2345046,a0654bd3,AT&T,Bowl,LTE,6215.0
2025-11-08 21:06:11.923000-05:00,41.6980666,-86.2348662,64957d65,T-Mobile,Concourse,NR,
2025-11-08 21:06:12.109000-05:00,41.6988433,-86.2345037,a0654bd3,AT&T,Bowl,LTE,6215.0
2025-11-08 21:06:16.923000-05:00,41.6980128,-86.2348717,64957d65,T-Mobile,Concourse,NR,
2025-11-08 21:06:17.112000-05:00,41.6988431,-86.2345051,a0654bd3,AT&T,Bowl,LTE,6215.0
2025-11-08 21:06:21.921000-05:00,41.6980616,-86.2348575,64957d65,T-Mobile,Concourse,NR,
2025-11-08 21:06:22.108000-05:00,41.6988432,-86.2345051,a0654bd3,AT&T,Bowl,LTE,6215.0
2025-11-08 21:06:26.922000-05:00,41.6980495,-86.2348684,64957d65,T-Mobile,Concourse,NR,
2025-11-08 21:06:27.100000-05:00,41.6988425,-86.2345039,a0654bd3,AT&T,Bowl,LTE,6215.0
2025-11-08 21:06:31.928000-05:00,41.698056,-86.23488,64957d65,T-Mobile,Concourse,NR,6055.0
2025-11-08 21:06:32.104000-05:00,41.6988425,-86.2345059,a0654bd3,AT&T,Bowl,LTE,6215.0
2025-11-08 21:06:36.926000-05:00,41.6980496,-86.234874,64957d65,T-Mobile,Concourse,NR,6055.0
2025-11-08 21:06:37.101000-05:00,41.6988433,-86.234507,a0654bd3,AT&T,Bowl,LTE,6215.0
2025-11-08 21:06:41.925000-05:00,41.6980496,-86.234874,64957d65,T-Mobile,Concourse,NR,6055.0
2025-11-08 21:06:42.109000-05:00,41.6988432,-86.2345068,a0654bd3,AT&T,Bowl,LTE,6215.0
2025-11-08 21:06:46.919000-05:00,41.6980912,-86.2348904,64957d65,T-Mobile,Concourse,NR,6055.0
2025-11-08 21:06:47.115000-05:00,41.6988437,-86.234506,a0654bd3,AT&T,Bowl,LTE,6215.0
2025-11-08 21:06:51.928000-05:00,41.6980889,-86.2348924,64957d65,T-Mobile,Concourse,NR,6055.0
2025-11-08 21:06:52.107000-05:00,41.6988422,-86.2345084,a0654bd3,AT&T,Bowl,LTE,6215.0
2025-11-08 21:06:56.925000-05:00,41.6980889,-86.2348924,64957d65,T-Mobile,Concourse,LTE,6055.0
2025-11-08 21:06:57.110000-05:00,41.6988443,-86.2345061,a0654bd3,AT&T,Bowl,LTE,6215.0
2025-11-08 21:07:01.925000-05:00,41.6980789,-86.2348865,64957d65,T-Mobile,Concourse,LTE,6055.0
2025-11-08 21:07:02.104000-05:00,41.6988434,-86.234505,a0654bd3,AT&T,Bowl,LTE,6215.0
2025-11-08 21:07:06.929000-05:00,41.6980788,-86.2348864,64957d65,T-Mobile,Concourse,LTE,6055.0
2025-11-08 21:07:07.112000-05:00,41.6988438,-86.2345046,a0654bd3,AT&T,Bowl,LTE,6215.0
2025-11-08 21:07:11.926000-05:00,41.6980788,-86.2348864,64957d65,T-Mobile,Concourse,LTE,6055.0
2025-11-08 21:07:12.101000-05:00,41.6988441,-86.234505,a0654bd3,AT&T,Bowl,LTE,6215.0
2025-11-08 21:07:16.930000-05:00,41.6976425,-86.2351797,64957d65,T-Mobile,Concourse,NR,6055.0
2025-11-08 21:07:17.103000-05:00,41.698844,-86.2345051,a0654bd3,AT&T,Bowl,LTE,6215.0
2025-11-08 21:07:21.931000-05:00,41.6976425,-86.2351797,64957d65,T-Mobile,Concourse,NR,6055.0
2025-11-08 21:07:22.102000-05:00,41.6988439,-86.2345051,a0654bd3,AT&T,Bowl,LTE,6215.0
2025-11-08 21:07:26.929000-05:00,41.6981372,-86.234896,64957d65,T-Mobile,Concourse,NR,6055.0
2025-11-08 21:07:27.111000-05:00,41.6988439,-86.2345051,a0654bd3,AT&T,Bowl,LTE,6215.0
2025-11-08 21:07:31.935000-05:00,41.6981372,-86.234896,64957d65,T-Mobile,Concourse,NR,6055.0
2025-11-08 21:07:32.105000-05:00,41.6988439,-86.2345051,a0654bd3,AT&T,Bowl,LTE,6215.0
2025-11-08 21:07:36.926000-05:00,41.6980943,-86.2348759,64957d65,T-Mobile,Concourse,NR,6055.0
2025-11-08 21:07:37.103000-05:00,41.6988438,-86.2345052,a0654bd3,AT&T,Bowl,LTE,6215.0
2025-11-08 21:07:41.927000-05:00,41.6980932,-86.2348756,64957d65,T-Mobile,Concourse,NR,6055.0
2025-11-08 21:07:42.104000-05:00,41.6988446,-86.2345057,a0654bd3,AT&T,Bowl,LTE,6215.0
2025-11-08 21:07:46.934000-05:00,41.6980932,-86.2348756,64957d65,T-Mobile,Concourse,NR,6055.0
2025-11-08 21:07:47.106000-05:00,41.6988454,-86.2345067,a0654bd3,AT&T,Bowl,LTE,6215.0
2025-11-08 21:07:51.932000-05:00,41.6981283,-86.2346647,64957d65,T-Mobile,Concourse,NR,6055.0
2025-11-08 21:07:52.116000-05:00,41.6988445,-86.2345054,a0654bd3,AT&T,Bowl,LTE,6215.0
2025-11-08 21:07:56.925000-05:00,41.6980594,-86.2348546,64957d65,T-Mobile,Concourse,NR,6055.0
2025-11-08 21:07:57.110000-05:00,41.6988342,-86.2344751,a0654bd3,AT&T,Bowl,LTE,6215.0
2025-11-08 21:08:01.924000-05:00,41.6981183,-86.2348867,64957d65,T-Mobile,Concourse,NR,6055.0
2025-11-08 21:08:02.118000-05:00,41.6988298,-86.2344796,a0654bd3,AT&T,Bowl,LTE,6215.0
2025-11-08 21:08:06.926000-05:00,41.6981183,-86.2348867,64957d65,T-Mobile,Concourse,NR,6055.0
2025-11-08 21:08:07.104000-05:00,41.6988293,-86.23448,a0654bd3,AT&T,Bowl,LTE,6215.0
2025-11-08 21:08:11.930000-05:00,41.6981044,-86.2348761,64957d65,T-Mobile,Concourse,NR,6055.0
2025-11-08 21:08:12.110000-05:00,41.698829,-86.2344819,a0654bd3,AT&T,Bowl,LTE,6215.0
2025-11-08 21:08:16.922000-05:00,41.6981041,-86.2348758,64957d65,T-Mobile,Concourse,NR,6055.0
2025-11-08 21:08:17.112000-05:00,41.6988319,-86.2344932,a0654bd3,AT&T,Bowl,LTE,6215.0
2025-11-08 21:08:21.921000-05:00,41.6981041,-86.2348758,64957d65,T-Mobile,Concourse,NR,6055.0
2025-11-08 21:08:22.115000-05:00,41.6988318,-86.2344923,a0654bd3,AT&T,Bowl,LTE,6215.0
2025-11-08 21:08:26.930000-05:00,41.6980624,-86.2348479,64957d65,T-Mobile,Concourse,NR,6055.0
2025-11-08 21:08:27.154000-05:00,41.698832,-86.2344922,a0654bd3,AT&T,Bowl,LTE,6215.0
2025-11-08 21:08:31.928000-05:00,41.6981696,-86.2348966,64957d65,T-Mobile,Concourse,NR,6055.0
2025-11-08 21:08:32.113000-05:00,41.6988321,-86.2344921,a0654bd3,AT&T,Bowl,LTE,6215.0
2025-11-08 21:08:36.924000-05:00,41.6981696,-86.2348966,64957d65,T-Mobile,Concourse,NR,6055.0
2025-11-08 21:08:37.114000-05:00,41.6988323,-86.2344919,a0654bd3,AT&T,Bowl,LTE,6215.0
2025-11-08 21:08:42.109000-05:00,41.6988324,-86.2344918,a0654bd3,AT&T,Bowl,LTE,6215.0
2025-11-08 21:08:47.117000-05:00,41.6988324,-86.2344917,a0654bd3,AT&T,Bowl,LTE,6215.0
2025-11-08 21:08:52.108000-05:00,41.6988324,-86.2344917,a0654bd3,AT&T,Bowl,LTE,6215.0
2025-11-08 21:08:56.456000-05:00,41.6984512,-86.2344866,7c36e7df,Verizon,Bowl,Wi-Fi,5765.0
2025-11-08 21:08:57.111000-05:00,41.6988325,-86.2344916,a0654bd3,AT&T,Bowl,LTE,6215.0
2025-11-08 21:09:01.459000-05:00,41.6984508,-86.234487,7c36e7df,Verizon,Bowl,LTE,
2025-11-08 21:09:02.107000-05:00,41.6988326,-86.2344916,a0654bd3,AT&T,Bowl,LTE,6215.0
2025-11-08 21:09:06.469000-05:00,41.6984525,-86.234495,7c36e7df,Verizon,Bowl,LTE,
2025-11-08 21:09:07.233000-05:00,41.6988327,-86.2344915,a0654bd3,AT&T,Bowl,LTE,6215.0
2025-11-08 21:09:11.469000-05:00,41.6984541,-86.2344915,7c36e7df,Verizon,Bowl,LTE,
2025-11-08 21:09:12.112000-05:00,41.6988327,-86.2344915,a0654bd3,AT&T,Bowl,LTE,6215.0
2025-11-08 21:09:16.474000-05:00,41.6984579,-86.2344854,7c36e7df,Verizon,Bowl,LTE,
2025-11-08 21:09:17.111000-05:00,41.6988289,-86.2344969,a0654bd3,AT&T,Bowl,LTE,6215.0
2025-11-08 21:09:21.603000-05:00,41.6984542,-86.2344953,7c36e7df,Verizon,Bowl,LTE,
2025-11-08 21:09:22.146000-05:00,41.6988167,-86.2344981,a0654bd3,AT&T,Bowl,LTE,6215.0
2025-11-08 21:09:26.570000-05:00,41.6984596,-86.2344843,7c36e7df,Verizon,Bowl,LTE,
2025-11-08 21:09:27.113000-05:00,41.6988324,-86.2345577,a0654bd3,AT&T,Bowl,LTE,6215.0
2025-11-08 21:09:31.565000-05:00,41.6984502,-86.234491,7c36e7df,Verizon,Bowl,LTE,
2025-11-08 21:09:32.108000-05:00,41.6988668,-86.2346015,a0654bd3,AT&T,Bowl,LTE,6215.0
2025-11-08 21:09:36.568000-05:00,41.69845,-86.2344916,7c36e7df,Verizon,Bowl,LTE,
2025-11-08 21:09:37.115000-05:00,41.6988774,-86.2346575,a0654bd3,AT&T,Bowl,LTE,6215.0
2025-11-08 21:09:41.572000-05:00,41.6984551,-86.2344987,7c36e7df,Verizon,Bowl,LTE,
2025-11-08 21:09:42.118000-05:00,41.6988551,-86.2346814,a0654bd3,AT&T,Bowl,LTE,6455.0
2025-11-08 21:09:46.566000-05:00,41.698456,-86.2344987,7c36e7df,Verizon,Bowl,LTE,
2025-11-08 21:09:47.115000-05:00,41.6988663,-86.234734,a0654bd3,AT&T,Bowl,LTE,6455.0
2025-11-08 21:09:51.566000-05:00,41.6984556,-86.2345018,7c36e7df,Verizon,Bowl,NR-NSA,
2025-11-08 21:09:52.118000-05:00,41.6989173,-86.2347023,a0654bd3,AT&T,Bowl,LTE,6455.0
2025-11-08 21:09:56.567000-05:00,41.6984577,-86.2344941,7c36e7df,Verizon,Bowl,NR-NSA,
2025-11-08 21:09:57.127000-05:00,41.6989405,-86.2347065,a0654bd3,AT&T,Bowl,LTE,6455.0
2025-11-08 21:10:01.564000-05:00,41.6984594,-86.234504,7c36e7df,Verizon,Bowl,LTE,
2025-11-08 21:10:02.123000-05:00,41.6989654,-86.2347387,a0654bd3,AT&T,Bowl,LTE,6455.0
2025-11-08 21:10:06.562000-05:00,41.6984618,-86.2345084,7c36e7df,Verizon,Bowl,NR-NSA,
2025-11-08 21:10:07.123000-05:00,41.6989672,-86.2347976,a0654bd3,AT&T,Bowl,LTE,6455.0
2025-11-08 21:10:11.564000-05:00,41.6984638,-86.2345108,7c36e7df,Verizon,Bowl,NR-NSA,
2025-11-08 21:10:12.247000-05:00,41.6989897,-86.2348465,a0654bd3,AT&T,Bowl,LTE,6455.0
2025-11-08 21:10:16.562000-05:00,41.6984639,-86.2345152,7c36e7df,Verizon,Bowl,NR-NSA,
2025-11-08 21:10:17.120000-05:00,41.6990067,-86.2348181,a0654bd3,AT&T,Bowl,LTE,6455.0
2025-11-08 21:10:21.561000-05:00,41.6984611,-86.2345302,7c36e7df,Verizon,Bowl,NR-NSA,
2025-11-08 21:10:22.120000-05:00,41.699134,-86.2348804,a0654bd3,AT&T,Bowl,LTE,6455.0
2025-11-08 21:10:26.559000-05:00,41.6984619,-86.2345314,7c36e7df,Verizon,Bowl,LTE,
2025-11-08 21:10:27.119000-05:00,41.6991733,-86.234884,a0654bd3,AT&T,Bowl,LTE,6055.0
2025-11-08 21:10:31.559000-05:00,41.6984648,-86.2345308,7c36e7df,Verizon,Bowl,NR-NSA,
2025-11-08 21:10:32.118000-05:00,41.6991324,-86.234864,a0654bd3,AT&T,Bowl,LTE,6055.0
2025-11-08 21:10:36.564000-05:00,41.6984649,-86.2345307,7c36e7df,Verizon,Bowl,NR-NSA,
2025-11-08 21:10:37.122000-05:00,41.6991233,-86.2348895,a0654bd3,AT&T,Bowl,LTE,6055.0
2025-11-08 21:10:41.564000-05:00,41.6984613,-86.2345296,7c36e7df,Verizon,Bowl,NR-NSA,
2025-11-08 21:10:42.120000-05:00,41.6990626,-86.2349669,a0654bd3,AT&T,Bowl,LTE,6055.0
2025-11-08 21:10:46.561000-05:00,41.698461,-86.2345201,7c36e7df,Verizon,Bowl,LTE,
2025-11-08 21:10:47.119000-05:00,41.6990331,-86.2349625,a0654bd3,AT&T,Bowl,LTE,6055.0
2025-11-08 21:10:51.562000-05:00,41.6984601,-86.2345153,7c36e7df,Verizon,Bowl,LTE,
2025-11-08 21:10:52.139000-05:00,41.6989797,-86.2349153,a0654bd3,AT&T,Bowl,LTE,6055.0
2025-11-08 21:10:56.559000-05:00,41.6984596,-86.2345163,7c36e7df,Verizon,Bowl,LTE,
2025-11-08 21:10:57.127000-05:00,41.6989197,-86.2348708,a0654bd3,AT&T,Bowl,LTE,6055.0
2025-11-08 21:11:01.560000-05:00,41.69846,-86.234516,7c36e7df,Verizon,Bowl,LTE,
2025-11-08 21:11:02.117000-05:00,41.6988955,-86.23492,a0654bd3,AT&T,Bowl,LTE,6055.0
2025-11-08 21:11:06.563000-05:00,41.6984618,-86.2345138,7c36e7df,Verizon,Bowl,LTE,
2025-11-08 21:11:07.124000-05:00,41.6988099,-86.2349301,a0654bd3,AT&T,Bowl,LTE,6055.0
2025-11-08 21:11:11.561000-05:00,41.6984619,-86.2345156,7c36e7df,Verizon,Bowl,LTE,
2025-11-08 21:11:12.124000-05:00,41.6987835,-86.2349452,a0654bd3,AT&T,Bowl,LTE,6055.0
2025-11-08 21:11:16.564000-05:00,41.6984619,-86.2345108,7c36e7df,Verizon,Bowl,LTE,
2025-11-08 21:11:17.120000-05:00,41.6987369,-86.2350381,a0654bd3,AT&T,Bowl,LTE,
2025-11-08 21:11:21.567000-05:00,41.6984616,-86.2345147,7c36e7df,Verizon,Bowl,LTE,
2025-11-08 21:11:22.131000-05:00,41.6986783,-86.2350458,a0654bd3,AT&T,Bowl,LTE,
2025-11-08 21:11:26.563000-05:00,41.69846,-86.2345103,7c36e7df,Verizon,Bowl,LTE,
2025-11-08 21:11:27.124000-05:00,41.6986252,-86.2350658,a0654bd3,AT&T,Bowl,LTE,
2025-11-08 21:11:31.568000-05:00,41.6984598,-86.23451,7c36e7df,Verizon,Bowl,LTE,
2025-11-08 21:11:32.126000-05:00,41.6985681,-86.2350407,a0654bd3,AT&T,Bowl,LTE,
2025-11-08 21:11:36.563000-05:00,41.6984603,-86.2345098,7c36e7df,Verizon,Bowl,LTE,
2025-11-08 21:11:37.123000-05:00,41.6985207,-86.2349534,a0654bd3,AT&T,Bowl,LTE,
2025-11-08 21:11:41.567000-05:00,41.6984606,-86.2345094,7c36e7df,Verizon,Bowl,LTE,
2025-11-08 21:11:42.128000-05:00,41.6984801,-86.2349456,a0654bd3,AT&T,Bowl,LTE,5320.0
2025-11-08 21:11:46.572000-05:00,41.698461,-86.2345073,7c36e7df,Verizon,Bowl,NR-NSA,
2025-11-08 21:11:47.125000-05:00,41.6984512,-86.2349493,a0654bd3,AT&T,Bowl,LTE,5320.0
2025-11-08 21:11:51.570000-05:00,41.6984609,-86.2345072,7c36e7df,Verizon,Bowl,NR-NSA,
2025-11-08 21:11:52.138000-05:00,41.6984051,-86.2351204,a0654bd3,AT&T,Bowl,LTE,
2025-11-08 21:11:56.572000-05:00,41.698461,-86.2345072,7c36e7df,Verizon,Bowl,NR-NSA,
2025-11-08 21:11:57.129000-05:00,41.6984051,-86.2351204,a0654bd3,AT&T,Bowl,LTE,
2025-11-08 21:12:01.572000-05:00,41.6984609,-86.2345073,7c36e7df,Verizon,Bowl,NR-NSA,
2025-11-08 21:12:02.137000-05:00,41.6983177,-86.2350788,a0654bd3,AT&T,Bowl,LTE,5200.0
2025-11-08 21:12:06.586000-05:00,41.6984609,-86.2345073,7c36e7df,Verizon,Bowl,NR-NSA,
2025-11-08 21:12:07.140000-05:00,41.6983177,-86.2350788,a0654bd3,AT&T,Bowl,LTE,5200.0
2025-11-08 21:12:11.575000-05:00,41.6984568,-86.2345101,7c36e7df,Verizon,Bowl,LTE,
2025-11-08 21:12:12.142000-05:00,41.6982803,-86.2351197,a0654bd3,AT&T,Bowl,LTE,5200.0
2025-11-08 21:12:16.570000-05:00,41.6984573,-86.2345015,7c36e7df,Verizon,Bowl,NR-NSA,
2025-11-08 21:12:17.136000-05:00,41.6981837,-86.2348786,a0654bd3,AT&T,Bowl,LTE,5200.0
2025-11-08 21:12:21.576000-05:00,41.6984637,-86.234547,7c36e7df,Verizon,Bowl,NR-NSA,
2025-11-08 21:12:22.132000-05:00,41.6981837,-86.2348786,a0654bd3,AT&T,Bowl,LTE,5200.0
2025-11-08 21:12:26.574000-05:00,41.6984636,-86.2345466,7c36e7df,Verizon,Bowl,NR-NSA,
2025-11-08 21:12:27.137000-05:00,41.698124,-86.234863,a0654bd3,AT&T,Bowl,LTE,5200.0
2025-11-08 21:12:31.579000-05:00,41.6984636,-86.2345464,7c36e7df,Verizon,Bowl,NR-NSA,
2025-11-08 21:12:32.144000-05:00,41.6980764,-86.2348837,a0654bd3,AT&T,Bowl,LTE,5200.0
2025-11-08 21:12:32.264000-05:00,41.6974428,-86.2335382,64957d65,T-Mobile,Concourse,Wi-Fi,6695.0
2025-11-08 21:12:36.572000-05:00,41.6984636,-86.2345462,7c36e7df,Verizon,Bowl,LTE,
2025-11-08 21:12:37.136000-05:00,41.6980764,-86.2348837,a0654bd3,AT&T,Bowl,LTE,5200.0
2025-11-08 21:12:37.265000-05:00,41.6974459,-86.2335476,64957d65,T-Mobile,Concourse,NR,
2025-11-08 21:12:41.575000-05:00,41.6984651,-86.234542,7c36e7df,Verizon,Bowl,LTE,
2025-11-08 21:12:42.129000-05:00,41.6979854,-86.2348851,a0654bd3,AT&T,Bowl,LTE,5200.0
2025-11-08 21:12:42.275000-05:00,41.6974385,-86.2335468,64957d65,T-Mobile,Concourse,NR,
2025-11-08 21:12:46.575000-05:00,41.698465,-86.234541,7c36e7df,Verizon,Bowl,LTE,
2025-11-08 21:12:47.146000-05:00,41.6979854,-86.2348851,a0654bd3,AT&T,Bowl,LTE,5580.0
2025-11-08 21:12:47.269000-05:00,41.6974402,-86.2335457,64957d65,T-Mobile,Concourse,NR,
2025-11-08 21:12:51.579000-05:00,41.6984634,-86.2345284,7c36e7df,Verizon,Bowl,LTE,
2025-11-08 21:12:52.139000-05:00,41.6978397,-86.2348891,a0654bd3,AT&T,Bowl,LTE,5580.0
2025-11-08 21:12:52.276000-05:00,41.6974285,-86.233484,64957d65,T-Mobile,Concourse,NR,
2025-11-08 21:12:56.579000-05:00,41.6984615,-86.2345015,7c36e7df,Verizon,Bowl,LTE,
2025-11-08 21:12:57.139000-05:00,41.6978551,-86.2348964,a0654bd3,AT&T,Bowl,LTE,5580.0
2025-11-08 21:12:57.281000-05:00,41.6974735,-86.2334823,64957d65,T-Mobile,Concourse,LTE,
2025-11-08 21:13:01.576000-05:00,41.6984619,-86.2345014,7c36e7df,Verizon,Bowl,LTE,
2025-11-08 21:13:02.138000-05:00,41.6978406,-86.2349145,a0654bd3,AT&T,Bowl,LTE,5580.0
2025-11-08 21:13:02.273000-05:00,41.6974411,-86.2335371,64957d65,T-Mobile,Concourse,LTE,
2025-11-08 21:13:06.579000-05:00,41.6984613,-86.234503,7c36e7df,Verizon,Bowl,NR-NSA,
2025-11-08 21:13:07.140000-05:00,41.6978406,-86.2349145,a0654bd3,AT&T,Bowl,LTE,5580.0
2025-11-08 21:13:07.273000-05:00,41.6974323,-86.2334815,64957d65,T-Mobile,Concourse,LTE,
2025-11-08 21:13:11.575000-05:00,41.6984231,-86.2344736,7c36e7df,Verizon,Bowl,NR-NSA,
2025-11-08 21:13:12.141000-05:00,41.6977033,-86.2350004,a0654bd3,AT&T,Bowl,LTE,5580.0
2025-11-08 21:13:12.277000-05:00,41.6974849,-86.2334986,64957d65,T-Mobile,Concourse,LTE,
2025-11-08 21:13:16.575000-05:00,41.6984,-86.2344498,7c36e7df,Verizon,Bowl,NR-NSA,
2025-11-08 21:13:17.138000-05:00,41.6976286,-86.2349821,a0654bd3,AT&T,Bowl,LTE,5580.0
2025-11-08 21:13:17.285000-05:00,41.6974911,-86.2335067,64957d65,T-Mobile,Concourse,NR,
2025-11-08 21:13:21.587000-05:00,41.6984037,-86.2344532,7c36e7df,Verizon,Bowl,NR-NSA,
2025-11-08 21:13:22.131000-05:00,41.697567,-86.2350295,a0654bd3,AT&T,Bowl,LTE,5580.0
2025-11-08 21:13:22.275000-05:00,41.6974914,-86.2335053,64957d65,T-Mobile,Concourse,NR,
2025-11-08 21:13:26.577000-05:00,41.6984056,-86.234455,7c36e7df,Verizon,Bowl,NR-NSA,
2025-11-08 21:13:27.134000-05:00,41.69753,-86.2349814,a0654bd3,AT&T,Bowl,LTE,5580.0
2025-11-08 21:13:27.274000-05:00,41.6974917,-86.2335051,64957d65,T-Mobile,Concourse,NR,
2025-11-08 21:13:31.579000-05:00,41.6984059,-86.2344523,7c36e7df,Verizon,Bowl,NR-NSA,
2025-11-08 21:13:32.131000-05:00,41.6975457,-86.2348475,a0654bd3,AT&T,Bowl,LTE,5580.0
2025-11-08 21:13:32.270000-05:00,41.6974917,-86.2335051,64957d65,T-Mobile,Concourse,NR,
2025-11-08 21:13:36.584000-05:00,41.6984123,-86.2344448,7c36e7df,Verizon,Bowl,LTE,
2025-11-08 21:13:37.132000-05:00,41.6974238,-86.2347867,a0654bd3,AT&T,Bowl,LTE,5200.0
2025-11-08 21:13:37.276000-05:00,41.6974917,-86.2335054,64957d65,T-Mobile,Concourse,NR,
2025-11-08 21:13:41.590000-05:00,41.6984318,-86.2344725,7c36e7df,Verizon,Bowl,LTE,
2025-11-08 21:13:42.132000-05:00,41.6974184,-86.2347904,a0654bd3,AT&T,Bowl,LTE,5200.0
2025-11-08 21:13:42.267000-05:00,41.6974917,-86.2335057,64957d65,T-Mobile,Concourse,NR,
2025-11-08 21:13:46.588000-05:00,41.6984341,-86.234478,7c36e7df,Verizon,Bowl,LTE,
2025-11-08 21:13:47.135000-05:00,41.6974193,-86.2346257,a0654bd3,AT&T,Bowl,LTE,
2025-11-08 21:13:47.273000-05:00,41.6974351,-86.2335244,64957d65,T-Mobile,Concourse,NR,
2025-11-08 21:13:51.586000-05:00,41.698434,-86.2344785,7c36e7df,Verizon,Bowl,LTE,
2025-11-08 21:13:52.141000-05:00,41.6974359,-86.2343664,a0654bd3,AT&T,Bowl,LTE,
2025-11-08 21:13:52.264000-05:00,41.6974336,-86.2335256,64957d65,T-Mobile,Concourse,NR,
2025-11-08 21:13:56.585000-05:00,41.6984339,-86.2344786,7c36e7df,Verizon,Bowl,LTE,
2025-11-08 21:13:57.138000-05:00,41.697429,-86.2343604,a0654bd3,AT&T,Bowl,LTE,
2025-11-08 21:13:57.274000-05:00,41.6974271,-86.2335292,64957d65,T-Mobile,Concourse,NR,
2025-11-08 21:14:01.586000-05:00,41.6984339,-86.2344788,7c36e7df,Verizon,Bowl,Wi-Fi,6775.0
2025-11-08 21:14:02.133000-05:00,41.6974051,-86.234346,a0654bd3,AT&T,Bowl,LTE,
2025-11-08 21:14:02.266000-05:00,41.697432,-86.2335089,64957d65,T-Mobile,Concourse,NR,
2025-11-08 21:14:06.591000-05:00,41.6984314,-86.2344818,7c36e7df,Verizon,Bowl,Wi-Fi,6775.0
2025-11-08 21:14:07.134000-05:00,41.6973975,-86.2343026,a0654bd3,AT&T,Bowl,LTE,
2025-11-08 21:14:07.271000-05:00,41.6974938,-86.2335127,64957d65,T-Mobile,Concourse,NR,
2025-11-08 21:14:11.583000-05:00,41.6984358,-86.2344871,7c36e7df,Verizon,Bowl,Wi-Fi,6775.0
2025-11-08 21:14:12.131000-05:00,41.6974271,-86.2342905,a0654bd3,AT&T,Bowl,LTE,
2025-11-08 21:14:12.271000-05:00,41.6974165,-86.2335821,64957d65,T-Mobile,Concourse,NR,
2025-11-08 21:14:17.047000-05:00,41.6984364,-86.2344915,7c36e7df,Verizon,Bowl,Wi-Fi,6775.0
2025-11-08 21:14:17.133000-05:00,41.6974631,-86.2342128,a0654bd3,AT&T,Bowl,LTE,
2025-11-08 21:14:17.270000-05:00,41.6974357,-86.2335214,64957d65,T-Mobile,Concourse,NR,
2025-11-08 21:14:21.598000-05:00,41.6984344,-86.2344925,7c36e7df,Verizon,Bowl,Wi-Fi,6775.0
2025-11-08 21:14:22.134000-05:00,41.6974511,-86.2341217,a0654bd3,AT&T,Bowl,LTE,
2025-11-08 21:14:22.272000-05:00,41.6974306,-86.2335353,64957d65,T-Mobile,Concourse,NR,
2025-11-08 21:14:26.584000-05:00,41.6984416,-86.2344991,7c36e7df,Verizon,Bowl,Wi-Fi,6775.0
2025-11-08 21:14:27.135000-05:00,41.6973947,-86.2340158,a0654bd3,AT&T,Bowl,LTE,
2025-11-08 21:14:27.276000-05:00,41.697418,-86.2335208,64957d65,T-Mobile,Concourse,NR,
2025-11-08 21:14:31.597000-05:00,41.6984421,-86.2345014,7c36e7df,Verizon,Bowl,Wi-Fi,6775.0
2025-11-08 21:14:32.144000-05:00,41.6973947,-86.2340158,a0654bd3,AT&T,Bowl,LTE,
2025-11-08 21:14:32.274000-05:00,41.6974339,-86.2335611,64957d65,T-Mobile,Concourse,NR,
2025-11-08 21:14:36.582000-05:00,41.698443,-86.2345046,7c36e7df,Verizon,Bowl,Wi-Fi,6775.0
2025-11-08 21:14:37.144000-05:00,41.6973937,-86.2338362,a0654bd3,AT&T,Bowl,LTE,
2025-11-08 21:14:37.274000-05:00,41.6974329,-86.2335613,64957d65,T-Mobile,Concourse,NR,
2025-11-08 21:14:41.589000-05:00,41.6984449,-86.2345056,7c36e7df,Verizon,Bowl,Wi-Fi,6775.0
2025-11-08 21:14:42.145000-05:00,41.6974724,-86.2339227,a0654bd3,AT&T,Bowl,LTE,
2025-11-08 21:14:42.273000-05:00,41.6974302,-86.2335545,64957d65,T-Mobile,Concourse,NR,
2025-11-08 21:14:46.589000-05:00,41.69845,-86.2345105,7c36e7df,Verizon,Bowl,Wi-Fi,6775.0
2025-11-08 21:14:47.135000-05:00,41.6974114,-86.2338182,a0654bd3,AT&T,Bowl,LTE,
2025-11-08 21:14:47.270000-05:00,41.6974224,-86.2335289,64957d65,T-Mobile,Concourse,NR,
2025-11-08 21:14:51.590000-05:00,41.6984496,-86.2345102,7c36e7df,Verizon,Bowl,Wi-Fi,6775.0
2025-11-08 21:14:52.135000-05:00,41.6973914,-86.2337859,a0654bd3,AT&T,Bowl,LTE,
2025-11-08 21:14:52.278000-05:00,41.6974231,-86.2335297,64957d65,T-Mobile,Concourse,NR,
2025-11-08 21:14:56.585000-05:00,41.6984549,-86.2345327,7c36e7df,Verizon,Bowl,Wi-Fi,6775.0
2025-11-08 21:14:57.134000-05:00,41.6973869,-86.233814,a0654bd3,AT&T,Bowl,LTE,
2025-11-08 21:14:57.278000-05:00,41.6974336,-86.2335455,64957d65,T-Mobile,Concourse,NR,
2025-11-08 21:15:01.597000-05:00,41.69846,-86.2345335,7c36e7df,Verizon,Bowl,Wi-Fi,6775.0
2025-11-08 21:15:02.136000-05:00,41.697396,-86.2338017,a0654bd3,AT&T,Bowl,LTE,
2025-11-08 21:15:02.279000-05:00,41.6974254,-86.2335778,64957d65,T-Mobile,Concourse,NR,
2025-11-08 21:15:06.584000-05:00,41.6984615,-86.2345146,7c36e7df,Verizon,Bowl,Wi-Fi,6775.0
2025-11-08 21:15:07.136000-05:00,41.6974404,-86.2337073,a0654bd3,AT&T,Bowl,LTE,
2025-11-08 21:15:07.279000-05:00,41.6974251,-86.2335798,64957d65,T-Mobile,Concourse,NR,
2025-11-08 21:15:11.584000-05:00,41.6984615,-86.234513,7c36e7df,Verizon,Bowl,Wi-Fi,6775.0
2025-11-08 21:15:12.139000-05:00,41.6974186,-86.2336779,a0654bd3,AT&T,Bowl,LTE,
2025-11-08 21:15:12.287000-05:00,41.697432,-86.2335592,64957d65,T-Mobile,Concourse,NR,
2025-11-08 21:15:16.586000-05:00,41.6984617,-86.2345112,7c36e7df,Verizon,Bowl,Wi-Fi,6775.0
2025-11-08 21:15:17.139000-05:00,41.6974358,-86.2336735,a0654bd3,AT&T,Bowl,LTE,
2025-11-08 21:15:17.284000-05:00,41.6974792,-86.2334932,64957d65,T-Mobile,Concourse,NR,
2025-11-08 21:15:21.582000-05:00,41.698463,-86.2345113,7c36e7df,Verizon,Bowl,Wi-Fi,6775.0
2025-11-08 21:15:22.143000-05:00,41.6974025,-86.233624,a0654bd3,AT&T,Bowl,LTE,
2025-11-08 21:15:22.282000-05:00,41.6974275,-86.2335642,64957d65,T-Mobile,Concourse,NR,
2025-11-08 21:15:26.583000-05:00,41.6984599,-86.2345194,7c36e7df,Verizon,Bowl,Wi-Fi,6775.0
2025-11-08 21:15:27.150000-05:00,41.6973977,-86.2335247,a0654bd3,AT&T,Bowl,LTE,6135.0
2025-11-08 21:15:27.285000-05:00,41.6974229,-86.2335328,64957d65,T-Mobile,Concourse,NR,
2025-11-08 21:15:31.585000-05:00,41.6984522,-86.2345149,7c36e7df,Verizon,Bowl,Wi-Fi,6775.0
2025-11-08 21:15:32.141000-05:00,41.6973679,-86.2335411,a0654bd3,AT&T,Bowl,LTE,6135.0
2025-11-08 21:15:32.284000-05:00,41.6974331,-86.233535,64957d65,T-Mobile,Concourse,NR,
2025-11-08 21:15:36.587000-05:00,41.698462,-86.2345182,7c36e7df,Verizon,Bowl,Wi-Fi,6775.0
2025-11-08 21:15:37.146000-05:00,41.6973201,-86.2335416,a0654bd3,AT&T,Bowl,LTE,
2025-11-08 21:15:37.279000-05:00,41.6974417,-86.2335374,64957d65,T-Mobile,Concourse,NR,
2025-11-08 21:15:41.591000-05:00,41.6984665,-86.23453,7c36e7df,Verizon,Bowl,Wi-Fi,6775.0
2025-11-08 21:15:42.152000-05:00,41.6972813,-86.2335001,a0654bd3,AT&T,Bowl,LTE,5975.0
2025-11-08 21:15:42.283000-05:00,41.6974317,-86.2335492,64957d65,T-Mobile,Concourse,NR,
2025-11-08 21:15:46.582000-05:00,41.6984629,-86.2345286,7c36e7df,Verizon,Bowl,Wi-Fi,6775.0
2025-11-08 21:15:47.144000-05:00,41.6973254,-86.2333968,a0654bd3,AT&T,Bowl,LTE,5975.0
2025-11-08 21:15:47.277000-05:00,41.6974305,-86.2335424,64957d65,T-Mobile,Concourse,NR,
2025-11-08 21:15:51.587000-05:00,41.6984639,-86.2345316,7c36e7df,Verizon,Bowl,Wi-Fi,6775.0
2025-11-08 21:15:52.148000-05:00,41.6974373,-86.2331859,a0654bd3,AT&T,Bowl,LTE,5975.0
2025-11-08 21:15:52.288000-05:00,41.6974327,-86.2335386,64957d65,T-Mobile,Concourse,NR,
2025-11-08 21:15:56.589000-05:00,41.6984646,-86.234532,7c36e7df,Verizon,Bowl,Wi-Fi,6775.0
2025-11-08 21:15:57.144000-05:00,41.6974822,-86.2330721,a0654bd3,AT&T,Bowl,LTE,5975.0
2025-11-08 21:15:57.288000-05:00,41.6974299,-86.2335335,64957d65,T-Mobile,Concourse,NR,
2025-11-08 21:16:01.587000-05:00,41.6984646,-86.234532,7c36e7df,Verizon,Bowl,Wi-Fi,6775.0
2025-11-08 21:16:02.143000-05:00,41.697498,-86.2330424,a0654bd3,AT&T,Bowl,LTE,5975.0
2025-11-08 21:16:02.291000-05:00,41.6974198,-86.2335459,64957d65,T-Mobile,Concourse,NR,
2025-11-08 21:16:06.589000-05:00,41.6984617,-86.2345265,7c36e7df,Verizon,Bowl,Wi-Fi,6775.0
2025-11-08 21:16:07.149000-05:00,41.6976182,-86.2330471,a0654bd3,AT&T,Bowl,LTE,5975.0
2025-11-08 21:16:07.310000-05:00,41.6974233,-86.2335398,64957d65,T-Mobile,Concourse,NR,
2025-11-08 21:16:11.583000-05:00,41.698463,-86.2345297,7c36e7df,Verizon,Bowl,Wi-Fi,6775.0
2025-11-08 21:16:12.141000-05:00,41.6976779,-86.232984,a0654bd3,AT&T,Bowl,LTE,5975.0
2025-11-08 21:16:12.294000-05:00,41.6974286,-86.2335148,64957d65,T-Mobile,Concourse,NR,
2025-11-08 21:16:16.579000-05:00,41.698463,-86.2345294,7c36e7df,Verizon,Bowl,Wi-Fi,6775.0
2025-11-08 21:16:17.142000-05:00,41.6976966,-86.2329672,a0654bd3,AT&T,Bowl,LTE,5975.0
2025-11-08 21:16:17.284000-05:00,41.6974288,-86.2335336,64957d65,T-Mobile,Concourse,NR,
2025-11-08 21:16:22.147000-05:00,41.6977215,-86.232969,a0654bd3,AT&T,Bowl,LTE,5975.0
2025-11-08 21:16:22.295000-05:00,41.6974292,-86.2335462,64957d65,T-Mobile,Concourse,NR,6135.0
2025-11-08 21:16:27.139000-05:00,41.6978127,-86.2329372,a0654bd3,AT&T,Bowl,LTE,5975.0
2025-11-08 21:16:27.293000-05:00,41.6974264,-86.2335093,64957d65,T-Mobile,Concourse,NR,6135.0
2025-11-08 21:16:32.142000-05:00,41.6978719,-86.2329996,a0654bd3,AT&T,Bowl,LTE,5975.0
2025-11-08 21:16:32.290000-05:00,41.6974778,-86.2334859,64957d65,T-Mobile,Concourse,NR,6135.0
2025-11-08 21:16:37.147000-05:00,41.6978978,-86.2330792,a0654bd3,AT&T,Bowl,LTE,5975.0
2025-11-08 21:16:37.291000-05:00,41.6974436,-86.2335112,64957d65,T-Mobile,Concourse,NR,6135.0
2025-11-08 21:16:42.141000-05:00,41.6978928,-86.2331041,a0654bd3,AT&T,Bowl,LTE,5975.0
2025-11-08 21:16:42.285000-05:00,41.6974723,-86.2334943,64957d65,T-Mobile,Concourse,LTE,6135.0
2025-11-08 21:16:47.145000-05:00,41.6979377,-86.2331652,a0654bd3,AT&T,Bowl,LTE,6055.0
2025-11-08 21:16:47.306000-05:00,41.6974751,-86.2334934,64957d65,T-Mobile,Concourse,LTE,6135.0
2025-11-08 21:16:52.140000-05:00,41.6979278,-86.2332259,a0654bd3,AT&T,Bowl,LTE,6055.0
2025-11-08 21:16:52.309000-05:00,41.6974749,-86.2334938,64957d65,T-Mobile,Concourse,LTE,6135.0
2025-11-08 21:16:57.144000-05:00,41.6979276,-86.2332224,a0654bd3,AT&T,Bowl,LTE,6055.0
2025-11-08 21:16:57.326000-05:00,41.6974748,-86.2334948,64957d65,T-Mobile,Concourse,LTE,6135.0
2025-11-08 21:17:02.144000-05:00,41.6979136,-86.2332176,a0654bd3,AT&T,Bowl,LTE,6055.0
2025-11-08 21:17:02.294000-05:00,41.6974462,-86.2335161,64957d65,T-Mobile,Concourse,NR,6135.0
2025-11-08 21:17:07.144000-05:00,41.6979088,-86.2332416,a0654bd3,AT&T,Bowl,LTE,6055.0
2025-11-08 21:17:07.287000-05:00,41.6974679,-86.2335008,64957d65,T-Mobile,Concourse,NR,6135.0
2025-11-08 21:17:12.141000-05:00,41.6979382,-86.2332382,a0654bd3,AT&T,Bowl,LTE,6055.0
2025-11-08 21:17:12.296000-05:00,41.6974747,-86.2334966,64957d65,T-Mobile,Concourse,NR,6135.0
2025-11-08 21:17:17.142000-05:00,41.6979436,-86.2332462,a0654bd3,AT&T,Bowl,LTE,6055.0
2025-11-08 21:17:17.291000-05:00,41.6974217,-86.2335347,64957d65,T-Mobile,Concourse,NR,6135.0
2025-11-08 21:17:22.142000-05:00,41.6979381,-86.2332529,a0654bd3,AT&T,Bowl,LTE,6055.0
2025-11-08 21:17:22.296000-05:00,41.6974746,-86.2334978,64957d65,T-Mobile,Concourse,NR,6135.0
2025-11-08 21:17:27.168000-05:00,41.6979494,-86.2333452,a0654bd3,AT&T,Bowl,LTE,6055.0
2025-11-08 21:17:27.294000-05:00,41.6974741,-86.2334988,64957d65,T-Mobile,Concourse,NR,6135.0
2025-11-08 21:17:32.146000-05:00,41.6979753,-86.2334232,a0654bd3,AT&T,Bowl,LTE,6055.0
2025-11-08 21:17:32.287000-05:00,41.6974742,-86.233499,64957d65,T-Mobile,Concourse,NR,6135.0
2025-11-08 21:17:37.148000-05:00,41.6979826,-86.2334714,a0654bd3,AT&T,Bowl,LTE,6055.0
2025-11-08 21:17:37.293000-05:00,41.6974427,-86.2335309,64957d65,T-Mobile,Concourse,NR,6135.0
2025-11-08 21:17:42.294000-05:00,41.6974674,-86.2335061,64957d65,T-Mobile,Concourse,NR,6135.0
2025-11-08 21:17:47.299000-05:00,41.6974745,-86.2334995,64957d65,T-Mobile,Concourse,NR,6135.0
2025-11-08 21:17:47.875000-05:00,41.6979719,-86.2332765,a0654bd3,AT&T,Bowl,LTE,6055.0
2025-11-08 21:17:52.288000-05:00,41.6974383,-86.2335215,64957d65,T-Mobile,Concourse,NR,6135.0
2025-11-08 21:17:57.291000-05:00,41.6974772,-86.2334983,64957d65,T-Mobile,Concourse,NR,6135.0
2025-11-08 21:18:02.287000-05:00,41.6974742,-86.2334998,64957d65,T-Mobile,Concourse,NR,6135.0
2025-11-08 21:18:07.297000-05:00,41.6974742,-86.2334998,64957d65,T-Mobile,Concourse,NR,6135.0
2025-11-08 21:18:11.497000-05:00,41.6979765,-86.2332592,a0654bd3,AT&T,Bowl,LTE,
2025-11-08 21:18:12.299000-05:00,41.697472,-86.2335013,64957d65,T-Mobile,Concourse,NR,6135.0
2025-11-08 21:18:16.513000-05:00,41.6979954,-86.2332751,a0654bd3,AT&T,Bowl,LTE,
2025-11-08 21:18:17.310000-05:00,41.69742,-86.2335232,64957d65,T-Mobile,Concourse,NR,6135.0
2025-11-08 21:18:21.508000-05:00,41.6979594,-86.2333835,a0654bd3,AT&T,Bowl,LTE,
2025-11-08 21:18:22.300000-05:00,41.6974451,-86.2335276,64957d65,T-Mobile,Concourse,NR,6135.0
2025-11-08 21:18:26.525000-05:00,41.6979425,-86.2334115,a0654bd3,AT&T,Bowl,LTE,
2025-11-08 21:18:27.295000-05:00,41.697471,-86.2335276,64957d65,T-Mobile,Concourse,NR,6135.0
2025-11-08 21:18:31.509000-05:00,41.6979432,-86.2334108,a0654bd3,AT&T,Bowl,LTE,
2025-11-08 21:18:32.299000-05:00,41.6974892,-86.2334954,64957d65,T-Mobile,Concourse,NR,6135.0
2025-11-08 21:18:36.507000-05:00,41.6979464,-86.2334088,a0654bd3,AT&T,Bowl,LTE,
2025-11-08 21:18:37.299000-05:00,41.6974722,-86.2335062,64957d65,T-Mobile,Concourse,NR,6135.0
2025-11-08 21:18:41.504000-05:00,41.6979465,-86.2334086,a0654bd3,AT&T,Bowl,LTE,
2025-11-08 21:18:42.300000-05:00,41.6974625,-86.2335118,64957d65,T-Mobile,Concourse,NR,6135.0
2025-11-08 21:18:46.518000-05:00,41.6979465,-86.2334089,a0654bd3,AT&T,Bowl,LTE,
2025-11-08 21:18:47.298000-05:00,41.6974523,-86.2335045,64957d65,T-Mobile,Concourse,NR,6135.0
2025-11-08 21:18:51.509000-05:00,41.6979466,-86.2334088,a0654bd3,AT&T,Bowl,LTE,
2025-11-08 21:18:52.299000-05:00,41.6974351,-86.233488,64957d65,T-Mobile,Concourse,NR,6135.0
2025-11-08 21:18:56.508000-05:00,41.6979466,-86.2334087,a0654bd3,AT&T,Bowl,LTE,
2025-11-08 21:18:57.309000-05:00,41.6974413,-86.2333931,64957d65,T-Mobile,Concourse,NR,6135.0
2025-11-08 21:19:01.505000-05:00,41.6979553,-86.2333841,a0654bd3,AT&T,Bowl,NR-NSA,
2025-11-08 21:19:02.304000-05:00,41.6974654,-86.2333168,64957d65,T-Mobile,Concourse,NR,6135.0
2025-11-08 21:19:06.514000-05:00,41.6979588,-86.2333862,a0654bd3,AT&T,Bowl,NR-NSA,
2025-11-08 21:19:07.302000-05:00,41.6975183,-86.2332417,64957d65,T-Mobile,Concourse,NR,6135.0
2025-11-08 21:19:11.507000-05:00,41.6979562,-86.2333864,a0654bd3,AT&T,Bowl,NR-NSA,
2025-11-08 21:19:12.298000-05:00,41.6975437,-86.2331787,64957d65,T-Mobile,Concourse,LTE,6135.0
2025-11-08 21:19:16.506000-05:00,41.697954,-86.2333916,a0654bd3,AT&T,Bowl,NR-NSA,
2025-11-08 21:19:17.305000-05:00,41.6976216,-86.2331606,64957d65,T-Mobile,Concourse,LTE,5975.0
2025-11-08 21:19:19.128000-05:00,41.6988374,-86.2345198,7c36e7df,Verizon,Bowl,LTE,
2025-11-08 21:19:21.506000-05:00,41.6979533,-86.2333917,a0654bd3,AT&T,Bowl,NR-NSA,
2025-11-08 21:19:22.299000-05:00,41.6976416,-86.233134,64957d65,T-Mobile,Concourse,LTE,5975.0
2025-11-08 21:19:24.125000-05:00,41.6988318,-86.2345207,7c36e7df,Verizon,Bowl,LTE,
2025-11-08 21:19:26.508000-05:00,41.6979536,-86.2333952,a0654bd3,AT&T,Bowl,NR-NSA,
2025-11-08 21:19:29.130000-05:00,41.6988291,-86.2345181,7c36e7df,Verizon,Bowl,LTE,
2025-11-08 21:19:31.505000-05:00,41.6979226,-86.2333941,a0654bd3,AT&T,Bowl,NR-NSA,
2025-11-08 21:19:34.125000-05:00,41.698827,-86.2345147,7c36e7df,Verizon,Bowl,LTE,
2025-11-08 21:19:36.512000-05:00,41.6979253,-86.2334046,a0654bd3,AT&T,Bowl,NR-NSA,
2025-11-08 21:19:39.129000-05:00,41.6988261,-86.234514,7c36e7df,Verizon,Bowl,LTE,
2025-11-08 21:19:41.510000-05:00,41.6979276,-86.2334046,a0654bd3,AT&T,Bowl,NR-NSA,
2025-11-08 21:19:44.135000-05:00,41.698828,-86.2345111,7c36e7df,Verizon,Bowl,LTE,
2025-11-08 21:19:46.507000-05:00,41.6979287,-86.2334047,a0654bd3,AT&T,Bowl,NR-NSA,
2025-11-08 21:19:49.126000-05:00,41.6988322,-86.2345143,7c36e7df,Verizon,Bowl,LTE,
2025-11-08 21:19:51.508000-05:00,41.6979299,-86.2334068,a0654bd3,AT&T,Bowl,NR-NSA,
2025-11-08 21:19:54.135000-05:00,41.6988325,-86.2345141,7c36e7df,Verizon,Bowl,LTE,
2025-11-08 21:19:56.508000-05:00,41.6979338,-86.2334077,a0654bd3,AT&T,Bowl,NR-NSA,
2025-11-08 21:19:59.137000-05:00,41.6988337,-86.2345156,7c36e7df,Verizon,Bowl,LTE,
2025-11-08 21:20:01.516000-05:00,41.6979336,-86.233408,a0654bd3,AT&T,Bowl,NR-NSA,
2025-11-08 21:20:04.135000-05:00,41.6988346,-86.2345172,7c36e7df,Verizon,Bowl,LTE,
2025-11-08 21:20:06.515000-05:00,41.697934,-86.2334078,a0654bd3,AT&T,Bowl,NR-NSA,
2025-11-08 21:20:09.132000-05:00,41.6988345,-86.2345172,7c36e7df,Verizon,Bowl,LTE,
2025-11-08 21:20:11.512000-05:00,41.6979345,-86.233408,a0654bd3,AT&T,Bowl,NR-NSA,
2025-11-08 21:20:14.137000-05:00,41.6988345,-86.234517,7c36e7df,Verizon,Bowl,NR-NSA,
2025-11-08 21:20:16.513000-05:00,41.6979346,-86.2334082,a0654bd3,AT&T,Bowl,NR-NSA,
2025-11-08 21:20:19.140000-05:00,41.6988344,-86.2345169,7c36e7df,Verizon,Bowl,NR-NSA,
2025-11-08 21:20:21.513000-05:00,41.6979346,-86.2334084,a0654bd3,AT&T,Bowl,NR-NSA,
2025-11-08 21:20:24.133000-05:00,41.6988406,-86.2345244,7c36e7df,Verizon,Bowl,NR-NSA,
2025-11-08 21:20:26.509000-05:00,41.6979346,-86.2334085,a0654bd3,AT&T,Bowl,NR-NSA,
2025-11-08 21:20:29.140000-05:00,41.6988416,-86.2345243,7c36e7df,Verizon,Bowl,NR-NSA,
2025-11-08 21:20:31.511000-05:00,41.6979352,-86.2334062,a0654bd3,AT&T,Bowl,NR-NSA,
2025-11-08 21:20:34.132000-05:00,41.6988412,-86.2345238,7c36e7df,Verizon,Bowl,NR-NSA,
2025-11-08 21:20:36.512000-05:00,41.6979551,-86.2334037,a0654bd3,AT&T,Bowl,NR-NSA,
2025-11-08 21:20:39.138000-05:00,41.6988411,-86.2345237,7c36e7df,Verizon,Bowl,NR-NSA,
2025-11-08 21:20:41.512000-05:00,41.6979605,-86.2334018,a0654bd3,AT&T,Bowl,NR-NSA,
2025-11-08 21:20:44.138000-05:00,41.6988411,-86.2345237,7c36e7df,Verizon,Bowl,NR-NSA,
2025-11-08 21:20:46.512000-05:00,41.6979585,-86.2334019,a0654bd3,AT&T,Bowl,NR-NSA,
2025-11-08 21:20:49.142000-05:00,41.6988403,-86.2345225,7c36e7df,Verizon,Bowl,NR-NSA,
2025-11-08 21:20:51.511000-05:00,41.6979575,-86.233402,a0654bd3,AT&T,Bowl,NR-NSA,
2025-11-08 21:20:54.135000-05:00,41.6988376,-86.234518,7c36e7df,Verizon,Bowl,NR-NSA,
2025-11-08 21:20:56.518000-05:00,41.697957,-86.2334018,a0654bd3,AT&T,Bowl,NR-NSA,
2025-11-08 21:20:59.132000-05:00,41.6988379,-86.2345212,7c36e7df,Verizon,Bowl,NR-NSA,
2025-11-08 21:21:01.514000-05:00,41.6979581,-86.2334016,a0654bd3,AT&T,Bowl,NR-NSA,
2025-11-08 21:21:04.135000-05:00,41.6988407,-86.2345184,7c36e7df,Verizon,Bowl,NR-NSA,
2025-11-08 21:21:06.526000-05:00,41.697955,-86.2334043,a0654bd3,AT&T,Bowl,NR-NSA,
2025-11-08 21:21:09.135000-05:00,41.6988408,-86.2345193,7c36e7df,Verizon,Bowl,NR-NSA,
2025-11-08 21:21:11.512000-05:00,41.6979551,-86.2334076,a0654bd3,AT&T,Bowl,NR-NSA,
2025-11-08 21:21:14.138000-05:00,41.6988415,-86.2345225,7c36e7df,Verizon,Bowl,NR-NSA,
2025-11-08 21:21:16.517000-05:00,41.6979521,-86.2334086,a0654bd3,AT&T,Bowl,NR-NSA,
2025-11-08 21:21:19.134000-05:00,41.6988478,-86.2345294,7c36e7df,Verizon,Bowl,NR-NSA,
2025-11-08 21:21:21.516000-05:00,41.6979507,-86.2334126,a0654bd3,AT&T,Bowl,NR-NSA,
2025-11-08 21:21:24.138000-05:00,41.6988477,-86.2345294,7c36e7df,Verizon,Bowl,NR-NSA,
2025-11-08 21:21:26.517000-05:00,41.6979488,-86.2334146,a0654bd3,AT&T,Bowl,NR-NSA,
2025-11-08 21:21:29.137000-05:00,41.6988469,-86.2345289,7c36e7df,Verizon,Bowl,NR-NSA,
2025-11-08 21:21:31.516000-05:00,41.6979446,-86.2334126,a0654bd3,AT&T,Bowl,NR-NSA,
2025-11-08 21:21:34.141000-05:00,41.6988424,-86.2345223,7c36e7df,Verizon,Bowl,NR-NSA,
2025-11-08 21:21:36.518000-05:00,41.697943,-86.2334117,a0654bd3,AT&T,Bowl,NR-NSA,
2025-11-08 21:21:39.132000-05:00,41.6988426,-86.2345251,7c36e7df,Verizon,Bowl,NR-NSA,
2025-11-08 21:21:41.522000-05:00,41.6979437,-86.233406,a0654bd3,AT&T,Bowl,NR-NSA,
2025-11-08 21:21:44.139000-05:00,41.6988406,-86.2345196,7c36e7df,Verizon,Bowl,NR-NSA,
2025-11-08 21:21:46.514000-05:00,41.6979411,-86.2334063,a0654bd3,AT&T,Bowl,NR-NSA,
2025-11-08 21:21:49.139000-05:00,41.6988423,-86.2345203,7c36e7df,Verizon,Bowl,NR-NSA,
2025-11-08 21:21:51.518000-05:00,41.6979379,-86.2334131,a0654bd3,AT&T,Bowl,NR-NSA,
2025-11-08 21:21:54.138000-05:00,41.6988423,-86.2345203,7c36e7df,Verizon,Bowl,NR-NSA,
2025-11-08 21:21:56.516000-05:00,41.6979374,-86.2334126,a0654bd3,AT&T,Bowl,NR-NSA,
2025-11-08 21:21:59.140000-05:00,41.6988423,-86.2345203,7c36e7df,Verizon,Bowl,NR-NSA,
2025-11-08 21:22:01.516000-05:00,41.697938,-86.2334116,a0654bd3,AT&T,Bowl,NR-NSA,
2025-11-08 21:22:03.272000-05:00,41.6987833,-86.2328961,64957d65,T-Mobile,Concourse,NR,5975.0
2025-11-08 21:22:04.139000-05:00,41.6988423,-86.2345203,7c36e7df,Verizon,Bowl,LTE,
2025-11-08 21:22:06.517000-05:00,41.6979379,-86.2334115,a0654bd3,AT&T,Bowl,NR-NSA,
2025-11-08 21:22:08.276000-05:00,41.6987852,-86.2329021,64957d65,T-Mobile,Concourse,NR,
2025-11-08 21:22:09.138000-05:00,41.6988423,-86.2345203,7c36e7df,Verizon,Bowl,LTE,
2025-11-08 21:22:11.518000-05:00,41.6979379,-86.2334116,a0654bd3,AT&T,Bowl,NR-NSA,
2025-11-08 21:22:13.281000-05:00,41.6987946,-86.232898,64957d65,T-Mobile,Concourse,NR,
2025-11-08 21:22:14.163000-05:00,41.6988407,-86.2345206,7c36e7df,Verizon,Bowl,Wi-Fi,6215.0
2025-11-08 21:22:16.518000-05:00,41.6979378,-86.2334117,a0654bd3,AT&T,Bowl,NR-NSA,
2025-11-08 21:22:18.280000-05:00,41.6988115,-86.2328931,64957d65,T-Mobile,Concourse,NR,
2025-11-08 21:22:19.145000-05:00,41.6988416,-86.2345225,7c36e7df,Verizon,Bowl,Wi-Fi,6215.0
2025-11-08 21:22:21.516000-05:00,41.6979378,-86.2334118,a0654bd3,AT&T,Bowl,NR-NSA,
2025-11-08 21:22:23.279000-05:00,41.6988635,-86.2328978,64957d65,T-Mobile,Concourse,NR,
2025-11-08 21:22:24.143000-05:00,41.6988399,-86.2345207,7c36e7df,Verizon,Bowl,Wi-Fi,6215.0
2025-11-08 21:22:26.518000-05:00,41.6979382,-86.233411,a0654bd3,AT&T,Bowl,NR-NSA,
2025-11-08 21:22:28.285000-05:00,41.6989045,-86.2329152,64957d65,T-Mobile,Concourse,NR,
2025-11-08 21:22:29.141000-05:00,41.6988404,-86.2345183,7c36e7df,Verizon,Bowl,Wi-Fi,6215.0
2025-11-08 21:22:31.520000-05:00,41.6979384,-86.2334113,a0654bd3,AT&T,Bowl,NR-NSA,
2025-11-08 21:22:33.278000-05:00,41.6989026,-86.2328992,64957d65,T-Mobile,Concourse,LTE,
2025-11-08 21:22:34.158000-05:00,41.6988402,-86.2345177,7c36e7df,Verizon,Bowl,Wi-Fi,6215.0
2025-11-08 21:22:36.519000-05:00,41.6979395,-86.2334138,a0654bd3,AT&T,Bowl,NR-NSA,
2025-11-08 21:22:38.288000-05:00,41.698919,-86.2328345,64957d65,T-Mobile,Concourse,LTE,
2025-11-08 21:22:39.148000-05:00,41.6988422,-86.2345175,7c36e7df,Verizon,Bowl,Wi-Fi,6215.0
2025-11-08 21:22:41.518000-05:00,41.6979379,-86.233412,a0654bd3,AT&T,Bowl,NR-NSA,
2025-11-08 21:22:43.286000-05:00,41.6989099,-86.2328521,64957d65,T-Mobile,Concourse,LTE,
2025-11-08 21:22:44.150000-05:00,41.6988402,-86.2345181,7c36e7df,Verizon,Bowl,Wi-Fi,6215.0
2025-11-08 21:22:46.521000-05:00,41.6979375,-86.2334116,a0654bd3,AT&T,Bowl,NR-NSA,
2025-11-08 21:22:48.286000-05:00,41.6988876,-86.2328596,64957d65,T-Mobile,Concourse,LTE,
2025-11-08 21:22:49.148000-05:00,41.6988403,-86.2345188,7c36e7df,Verizon,Bowl,Wi-Fi,6215.0
2025-11-08 21:22:51.518000-05:00,41.6979386,-86.2334134,a0654bd3,AT&T,Bowl,NR-NSA,
2025-11-08 21:22:53.283000-05:00,41.6988835,-86.2329049,64957d65,T-Mobile,Concourse,NR,
2025-11-08 21:22:54.150000-05:00,41.6988418,-86.2345179,7c36e7df,Verizon,Bowl,Wi-Fi,6215.0
2025-11-08 21:22:56.521000-05:00,41.6979498,-86.2334043,a0654bd3,AT&T,Bowl,NR-NSA,
2025-11-08 21:22:58.288000-05:00,41.6988929,-86.2329021,64957d65,T-Mobile,Concourse,NR,
2025-11-08 21:22:59.148000-05:00,41.6988429,-86.2345172,7c36e7df,Verizon,Bowl,Wi-Fi,6215.0
2025-11-08 21:23:01.522000-05:00,41.6979505,-86.233374,a0654bd3,AT&T,Bowl,LTE,
2025-11-08 21:23:03.293000-05:00,41.6988929,-86.2329021,64957d65,T-Mobile,Concourse,NR,
2025-11-08 21:23:04.151000-05:00,41.6988445,-86.2345171,7c36e7df,Verizon,Bowl,Wi-Fi,6215.0
2025-11-08 21:23:06.528000-05:00,41.6979505,-86.233374,a0654bd3,AT&T,Bowl,LTE,
2025-11-08 21:23:08.285000-05:00,41.6988376,-86.2329272,64957d65,T-Mobile,Concourse,NR,
2025-11-08 21:23:09.149000-05:00,41.6988444,-86.2345172,7c36e7df,Verizon,Bowl,Wi-Fi,6215.0
2025-11-08 21:23:11.527000-05:00,41.6979525,-86.233372,a0654bd3,AT&T,Bowl,LTE,
2025-11-08 21:23:13.284000-05:00,41.6989137,-86.2329233,64957d65,T-Mobile,Concourse,NR,
2025-11-08 21:23:14.148000-05:00,41.6988444,-86.2345172,7c36e7df,Verizon,Bowl,Wi-Fi,6215.0
2025-11-08 21:23:16.518000-05:00,41.697949,-86.2333725,a0654bd3,AT&T,Bowl,LTE,6215.0
2025-11-08 21:23:18.282000-05:00,41.6989037,-86.2329061,64957d65,T-Mobile,Concourse,NR,
2025-11-08 21:23:19.150000-05:00,41.6988444,-86.2345173,7c36e7df,Verizon,Bowl,Wi-Fi,6215.0
2025-11-08 21:23:21.530000-05:00,41.6979464,-86.2333853,a0654bd3,AT&T,Bowl,LTE,6215.0
2025-11-08 21:23:23.296000-05:00,41.698901,-86.2329055,64957d65,T-Mobile,Concourse,NR,
2025-11-08 21:23:24.152000-05:00,41.698844,-86.2345166,7c36e7df,Verizon,Bowl,Wi-Fi,6215.0
2025-11-08 21:23:26.525000-05:00,41.6979456,-86.2334005,a0654bd3,AT&T,Bowl,LTE,6215.0
2025-11-08 21:23:28.288000-05:00,41.6989036,-86.2329071,64957d65,T-Mobile,Concourse,NR,
2025-11-08 21:23:29.153000-05:00,41.6988423,-86.2345184,7c36e7df,Verizon,Bowl,Wi-Fi,6215.0
2025-11-08 21:23:31.523000-05:00,41.6979423,-86.2334033,a0654bd3,AT&T,Bowl,LTE,6215.0
2025-11-08 21:23:33.280000-05:00,41.6989007,-86.2328752,64957d65,T-Mobile,Concourse,NR,
2025-11-08 21:23:34.144000-05:00,41.6988421,-86.2345185,7c36e7df,Verizon,Bowl,Wi-Fi,6215.0
2025-11-08 21:23:36.516000-05:00,41.6979383,-86.2334114,a0654bd3,AT&T,Bowl,LTE,6215.0
2025-11-08 21:23:38.282000-05:00,41.6988979,-86.23287,64957d65,T-Mobile,Concourse,NR,
2025-11-08 21:23:39.147000-05:00,41.698842,-86.2345185,7c36e7df,Verizon,Bowl,Wi-Fi,6215.0
2025-11-08 21:23:41.516000-05:00,41.6979544,-86.2333721,a0654bd3,AT&T,Bowl,LTE,6215.0
2025-11-08 21:23:43.279000-05:00,41.6988962,-86.2329313,64957d65,T-Mobile,Concourse,NR,
2025-11-08 21:23:44.148000-05:00,41.6988419,-86.2345185,7c36e7df,Verizon,Bowl,Wi-Fi,6215.0
2025-11-08 21:23:46.513000-05:00,41.6979526,-86.2333757,a0654bd3,AT&T,Bowl,LTE,6215.0
2025-11-08 21:23:48.285000-05:00,41.6989105,-86.2329349,64957d65,T-Mobile,Concourse,NR,
2025-11-08 21:23:49.154000-05:00,41.6988418,-86.2345185,7c36e7df,Verizon,Bowl,Wi-Fi,6215.0
2025-11-08 21:23:51.524000-05:00,41.697953,-86.2333706,a0654bd3,AT&T,Bowl,LTE,6215.0
2025-11-08 21:23:53.284000-05:00,41.6989106,-86.2329334,64957d65,T-Mobile,Concourse,NR,
2025-11-08 21:23:54.148000-05:00,41.6988418,-86.2345185,7c36e7df,Verizon,Bowl,Wi-Fi,6215.0
2025-11-08 21:23:56.532000-05:00,41.6979526,-86.2333711,a0654bd3,AT&T,Bowl,LTE,6215.0
2025-11-08 21:23:58.292000-05:00,41.6989087,-86.2329302,64957d65,T-Mobile,Concourse,NR,
2025-11-08 21:23:59.143000-05:00,41.6988424,-86.2345185,7c36e7df,Verizon,Bowl,Wi-Fi,6215.0
2025-11-08 21:24:01.524000-05:00,41.6979524,-86.2333807,a0654bd3,AT&T,Bowl,LTE,6215.0
2025-11-08 21:24:03.291000-05:00,41.6989032,-86.2328985,64957d65,T-Mobile,Concourse,NR,
2025-11-08 21:24:04.147000-05:00,41.6988397,-86.2345113,7c36e7df,Verizon,Bowl,Wi-Fi,6215.0
2025-11-08 21:24:06.530000-05:00,41.6979495,-86.2333833,a0654bd3,AT&T,Bowl,LTE,6215.0
2025-11-08 21:24:08.289000-05:00,41.6989032,-86.2328985,64957d65,T-Mobile,Concourse,NR,
2025-11-08 21:24:09.168000-05:00,41.6988378,-86.2345065,7c36e7df,Verizon,Bowl,Wi-Fi,6215.0
2025-11-08 21:24:11.523000-05:00,41.697951,-86.2333834,a0654bd3,AT&T,Bowl,LTE,6215.0
2025-11-08 21:24:13.291000-05:00,41.6989068,-86.2329307,64957d65,T-Mobile,Concourse,NR,
2025-11-08 21:24:14.148000-05:00,41.698835,-86.2345033,7c36e7df,Verizon,Bowl,Wi-Fi,6215.0
2025-11-08 21:24:16.520000-05:00,41.697951,-86.2333831,a0654bd3,AT&T,Bowl,LTE,6215.0
2025-11-08 21:24:18.288000-05:00,41.6989059,-86.2329257,64957d65,T-Mobile,Concourse,NR,
2025-11-08 21:24:19.180000-05:00,41.6988365,-86.2345038,7c36e7df,Verizon,Bowl,LTE,6215.0
2025-11-08 21:24:21.518000-05:00,41.6979506,-86.2333831,a0654bd3,AT&T,Bowl,LTE,6215.0
2025-11-08 21:24:23.284000-05:00,41.6989053,-86.2329236,64957d65,T-Mobile,Concourse,NR,
2025-11-08 21:24:24.143000-05:00,41.6988381,-86.2345044,7c36e7df,Verizon,Bowl,LTE,6215.0
2025-11-08 21:24:26.518000-05:00,41.6979504,-86.2333831,a0654bd3,AT&T,Bowl,LTE,6215.0
2025-11-08 21:24:28.287000-05:00,41.6989033,-86.2328911,64957d65,T-Mobile,Concourse,NR,
2025-11-08 21:24:29.146000-05:00,41.698838,-86.2345059,7c36e7df,Verizon,Bowl,LTE,6215.0
2025-11-08 21:24:31.524000-05:00,41.697954,-86.2333823,a0654bd3,AT&T,Bowl,LTE,6215.0
2025-11-08 21:24:33.292000-05:00,41.6989092,-86.2328813,64957d65,T-Mobile,Concourse,NR,
2025-11-08 21:24:34.146000-05:00,41.698837,-86.2345038,7c36e7df,Verizon,Bowl,LTE,6215.0
2025-11-08 21:24:36.526000-05:00,41.697949,-86.2333838,a0654bd3,AT&T,Bowl,LTE,6215.0
2025-11-08 21:24:38.284000-05:00,41.6989111,-86.2329065,64957d65,T-Mobile,Concourse,NR,6375.0
2025-11-08 21:24:39.146000-05:00,41.6988384,-86.2345183,7c36e7df,Verizon,Bowl,LTE,6215.0
2025-11-08 21:24:41.525000-05:00,41.6979478,-86.233385,a0654bd3,AT&T,Bowl,LTE,6215.0
2025-11-08 21:24:43.291000-05:00,41.6989111,-86.2329065,64957d65,T-Mobile,Concourse,NR,6375.0
2025-11-08 21:24:44.144000-05:00,41.6988362,-86.2345127,7c36e7df,Verizon,Bowl,LTE,6215.0
2025-11-08 21:24:46.523000-05:00,41.6979462,-86.2333865,a0654bd3,AT&T,Bowl,LTE,6215.0
2025-11-08 21:24:48.295000-05:00,41.6988924,-86.2329428,64957d65,T-Mobile,Concourse,NR,6375.0
2025-11-08 21:24:49.146000-05:00,41.698836,-86.2345123,7c36e7df,Verizon,Bowl,LTE,6215.0
2025-11-08 21:24:51.518000-05:00,41.6979453,-86.2333851,a0654bd3,AT&T,Bowl,LTE,6215.0
2025-11-08 21:24:53.294000-05:00,41.6989132,-86.2329043,64957d65,T-Mobile,Concourse,NR,6375.0
2025-11-08 21:24:54.147000-05:00,41.6988361,-86.2345146,7c36e7df,Verizon,Bowl,LTE,6215.0
2025-11-08 21:24:56.519000-05:00,41.6979449,-86.2333829,a0654bd3,AT&T,Bowl,LTE,6215.0
2025-11-08 21:24:58.300000-05:00,41.6989175,-86.2328909,64957d65,T-Mobile,Concourse,NR,6375.0
2025-11-08 21:24:59.235000-05:00,41.6988358,-86.2345141,7c36e7df,Verizon,Bowl,LTE,6215.0
2025-11-08 21:25:01.520000-05:00,41.6979434,-86.2333804,a0654bd3,AT&T,Bowl,LTE,6215.0
2025-11-08 21:25:03.290000-05:00,41.6989232,-86.2328784,64957d65,T-Mobile,Concourse,LTE,6375.0
2025-11-08 21:25:04.146000-05:00,41.6988357,-86.2345141,7c36e7df,Verizon,Bowl,LTE,6215.0
2025-11-08 21:25:06.521000-05:00,41.697942,-86.2333836,a0654bd3,AT&T,Bowl,LTE,6215.0
2025-11-08 21:25:08.299000-05:00,41.6989232,-86.2328784,64957d65,T-Mobile,Concourse,LTE,6375.0
2025-11-08 21:25:09.188000-05:00,41.6988358,-86.2345116,7c36e7df,Verizon,Bowl,Wi-Fi,6215.0
2025-11-08 21:25:11.520000-05:00,41.6979424,-86.2333837,a0654bd3,AT&T,Bowl,LTE,6215.0
2025-11-08 21:25:13.294000-05:00,41.6983434,-86.2328419,64957d65,T-Mobile,Concourse,LTE,6375.0
2025-11-08 21:25:14.153000-05:00,41.6988343,-86.2345123,7c36e7df,Verizon,Bowl,Wi-Fi,6215.0
2025-11-08 21:25:16.520000-05:00,41.6979425,-86.2333838,a0654bd3,AT&T,Bowl,LTE,6215.0
2025-11-08 21:25:18.295000-05:00,41.6983434,-86.2328419,64957d65,T-Mobile,Concourse,LTE,6375.0
2025-11-08 21:25:19.148000-05:00,41.6988342,-86.2345126,7c36e7df,Verizon,Bowl,Wi-Fi,6215.0
2025-11-08 21:25:21.519000-05:00,41.6979425,-86.2333839,a0654bd3,AT&T,Bowl,LTE,6215.0
2025-11-08 21:25:23.290000-05:00,41.6983434,-86.2328419,64957d65,T-Mobile,Concourse,NR,6375.0
2025-11-08 21:25:24.150000-05:00,41.6988281,-86.2345161,7c36e7df,Verizon,Bowl,Wi-Fi,6215.0
2025-11-08 21:25:26.519000-05:00,41.6979425,-86.2333839,a0654bd3,AT&T,Bowl,LTE,6215.0
2025-11-08 21:25:28.298000-05:00,41.6989221,-86.2329896,64957d65,T-Mobile,Concourse,NR,6375.0
2025-11-08 21:25:29.146000-05:00,41.6988465,-86.2345182,7c36e7df,Verizon,Bowl,Wi-Fi,6215.0
2025-11-08 21:25:31.522000-05:00,41.6979425,-86.2333839,a0654bd3,AT&T,Bowl,LTE,6215.0
2025-11-08 21:25:33.299000-05:00,41.6988894,-86.2328027,64957d65,T-Mobile,Concourse,NR,6375.0
2025-11-08 21:25:34.149000-05:00,41.6988408,-86.2345193,7c36e7df,Verizon,Bowl,Wi-Fi,6215.0
2025-11-08 21:25:36.522000-05:00,41.6979425,-86.233384,a0654bd3,AT&T,Bowl,LTE,6215.0
2025-11-08 21:25:38.293000-05:00,41.6989206,-86.2328965,64957d65,T-Mobile,Concourse,NR,6375.0
2025-11-08 21:25:39.147000-05:00,41.6988387,-86.2345226,7c36e7df,Verizon,Bowl,Wi-Fi,6215.0
2025-11-08 21:25:41.524000-05:00,41.6979424,-86.233384,a0654bd3,AT&T,Bowl,LTE,6215.0
2025-11-08 21:25:43.298000-05:00,41.6989241,-86.2329072,64957d65,T-Mobile,Concourse,NR,6375.0
2025-11-08 21:25:44.154000-05:00,41.6988383,-86.2345206,7c36e7df,Verizon,Bowl,Wi-Fi,6215.0
2025-11-08 21:25:46.525000-05:00,41.6979424,-86.2333841,a0654bd3,AT&T,Bowl,LTE,6215.0
2025-11-08 21:25:48.300000-05:00,41.6989241,-86.2329072,64957d65,T-Mobile,Concourse,NR,6375.0
2025-11-08 21:25:49.152000-05:00,41.6988369,-86.2345157,7c36e7df,Verizon,Bowl,Wi-Fi,6215.0
2025-11-08 21:25:51.522000-05:00,41.6979424,-86.2333842,a0654bd3,AT&T,Bowl,LTE,6215.0
2025-11-08 21:25:53.298000-05:00,41.6989241,-86.2329072,64957d65,T-Mobile,Concourse,NR,6375.0
2025-11-08 21:25:54.156000-05:00,41.6988352,-86.2345133,7c36e7df,Verizon,Bowl,Wi-Fi,6215.0
2025-11-08 21:25:56.525000-05:00,41.6979424,-86.2333842,a0654bd3,AT&T,Bowl,LTE,6215.0
2025-11-08 21:25:58.288000-05:00,41.6990826,-86.2329494,64957d65,T-Mobile,Concourse,NR,6375.0
2025-11-08 21:25:59.154000-05:00,41.6988353,-86.2345135,7c36e7df,Verizon,Bowl,Wi-Fi,6215.0
2025-11-08 21:26:01.522000-05:00,41.6979423,-86.2333843,a0654bd3,AT&T,Bowl,LTE,6215.0
2025-11-08 21:26:03.300000-05:00,41.698917,-86.2327862,64957d65,T-Mobile,Concourse,NR,6375.0
2025-11-08 21:26:04.157000-05:00,41.698836,-86.2345139,7c36e7df,Verizon,Bowl,Wi-Fi,6215.0
2025-11-08 21:26:06.522000-05:00,41.6979417,-86.2333858,a0654bd3,AT&T,Bowl,LTE,6215.0
2025-11-08 21:26:08.290000-05:00,41.698917,-86.2327862,64957d65,T-Mobile,Concourse,NR,6375.0
2025-11-08 21:26:09.151000-05:00,41.6988374,-86.2345151,7c36e7df,Verizon,Bowl,Wi-Fi,6215.0
2025-11-08 21:26:11.522000-05:00,41.6979417,-86.2333858,a0654bd3,AT&T,Bowl,LTE,6215.0
2025-11-08 21:26:13.294000-05:00,41.6983167,-86.2331579,64957d65,T-Mobile,Concourse,NR,6375.0
2025-11-08 21:26:14.153000-05:00,41.6988385,-86.2345197,7c36e7df,Verizon,Bowl,Wi-Fi,6215.0
2025-11-08 21:26:16.529000-05:00,41.6979408,-86.2333874,a0654bd3,AT&T,Bowl,LTE,6215.0
2025-11-08 21:26:18.292000-05:00,41.6983167,-86.2331579,64957d65,T-Mobile,Concourse,NR,6375.0
2025-11-08 21:26:19.150000-05:00,41.6988396,-86.234519,7c36e7df,Verizon,Bowl,Wi-Fi,6215.0
2025-11-08 21:26:21.525000-05:00,41.6979409,-86.2333894,a0654bd3,AT&T,Bowl,LTE,6215.0
2025-11-08 21:26:23.291000-05:00,41.6989192,-86.2330164,64957d65,T-Mobile,Concourse,NR,6375.0
2025-11-08 21:26:24.154000-05:00,41.6988395,-86.2345191,7c36e7df,Verizon,Bowl,Wi-Fi,6215.0
2025-11-08 21:26:26.527000-05:00,41.6979407,-86.2333936,a0654bd3,AT&T,Bowl,LTE,6215.0
2025-11-08 21:26:28.297000-05:00,41.6988689,-86.2330255,64957d65,T-Mobile,Concourse,NR,6375.0
2025-11-08 21:26:29.156000-05:00,41.6988394,-86.2345191,7c36e7df,Verizon,Bowl,Wi-Fi,6215.0
2025-11-08 21:26:31.521000-05:00,41.6979415,-86.2333913,a0654bd3,AT&T,Bowl,LTE,6215.0
2025-11-08 21:26:33.302000-05:00,41.6988559,-86.2329994,64957d65,T-Mobile,Concourse,NR,6375.0
2025-11-08 21:26:34.150000-05:00,41.6988388,-86.2345148,7c36e7df,Verizon,Bowl,Wi-Fi,6215.0
2025-11-08 21:26:36.524000-05:00,41.6979415,-86.2333907,a0654bd3,AT&T,Bowl,LTE,6215.0
2025-11-08 21:26:38.299000-05:00,41.698893,-86.2329641,64957d65,T-Mobile,Concourse,NR,6375.0
2025-11-08 21:26:39.157000-05:00,41.6988389,-86.2345152,7c36e7df,Verizon,Bowl,Wi-Fi,6215.0
2025-11-08 21:26:41.537000-05:00,41.6979415,-86.2333909,a0654bd3,AT&T,Bowl,LTE,6215.0
2025-11-08 21:26:43.299000-05:00,41.698935,-86.2329093,64957d65,T-Mobile,Concourse,NR,6375.0
2025-11-08 21:26:44.156000-05:00,41.6988389,-86.2345154,7c36e7df,Verizon,Bowl,Wi-Fi,6215.0
2025-11-08 21:26:46.531000-05:00,41.6979461,-86.2333847,a0654bd3,AT&T,Bowl,LTE,6215.0
2025-11-08 21:26:48.298000-05:00,41.6989574,-86.2329067,64957d65,T-Mobile,Concourse,NR,6375.0
2025-11-08 21:26:49.157000-05:00,41.6988398,-86.2345296,7c36e7df,Verizon,Bowl,Wi-Fi,6215.0
2025-11-08 21:26:51.533000-05:00,41.6979444,-86.2333968,a0654bd3,AT&T,Bowl,LTE,6215.0
2025-11-08 21:26:54.159000-05:00,41.6988205,-86.2345531,7c36e7df,Verizon,Bowl,Wi-Fi,6215.0
2025-11-08 21:26:56.528000-05:00,41.6979415,-86.2333952,a0654bd3,AT&T,Bowl,LTE,6215.0
2025-11-08 21:26:59.170000-05:00,41.6988772,-86.2345477,7c36e7df,Verizon,Bowl,Wi-Fi,6215.0
2025-11-08 21:27:01.531000-05:00,41.6979424,-86.2333958,a0654bd3,AT&T,Bowl,LTE,6215.0
2025-11-08 21:27:04.167000-05:00,41.6988745,-86.2345655,7c36e7df,Verizon,Bowl,LTE,6455.0
2025-11-08 21:27:06.533000-05:00,41.6979425,-86.2333959,a0654bd3,AT&T,Bowl,LTE,6215.0
2025-11-08 21:27:09.170000-05:00,41.6988837,-86.2345715,7c36e7df,Verizon,Bowl,LTE,6455.0
2025-11-08 21:27:11.534000-05:00,41.6979424,-86.2333959,a0654bd3,AT&T,Bowl,LTE,6215.0
2025-11-08 21:27:16.535000-05:00,41.6979424,-86.2333959,a0654bd3,AT&T,Bowl,LTE,6215.0
2025-11-08 21:27:21.535000-05:00,41.6979413,-86.2333964,a0654bd3,AT&T,Bowl,LTE,6215.0
2025-11-08 21:27:26.535000-05:00,41.6979419,-86.2333967,a0654bd3,AT&T,Bowl,LTE,6215.0
2025-11-08 21:27:31.536000-05:00,41.6979422,-86.2333967,a0654bd3,AT&T,Bowl,LTE,6215.0
2025-11-08 21:27:36.535000-05:00,41.6979432,-86.233393,a0654bd3,AT&T,Bowl,LTE,6215.0
2025-11-08 21:27:41.539000-05:00,41.6979463,-86.2333923,a0654bd3,AT&T,Bowl,LTE,6215.0
2025-11-08 21:27:46.525000-05:00,41.6979463,-86.2333923,a0654bd3,AT&T,Bowl,LTE,6215.0
2025-11-08 21:28:26.978000-05:00,41.6989084,-86.2346469,7c36e7df,Verizon,Concourse,LTE,6455.0
2025-11-08 21:28:31.985000-05:00,41.6989226,-86.2346915,7c36e7df,Verizon,Concourse,LTE,6455.0
2025-11-08 21:28:36.989000-05:00,41.6989369,-86.2347934,7c36e7df,Verizon,Concourse,LTE,6455.0
2025-11-08 21:28:41.990000-05:00,41.6989831,-86.2348632,7c36e7df,Verizon,Concourse,LTE,6455.0
2025-11-08 21:28:46.993000-05:00,41.6990395,-86.2348639,7c36e7df,Verizon,Concourse,LTE,6455.0
2025-11-08 21:28:52-05:00,41.6990929,-86.2348547,7c36e7df,Verizon,Concourse,LTE,
2025-11-08 21:28:57.071000-05:00,41.6991708,-86.2348521,7c36e7df,Verizon,Concourse,LTE,6375.0
2025-11-08 21:29:02.006000-05:00,41.699212,-86.2348116,7c36e7df,Verizon,Concourse,LTE,6375.0
2025-11-08 21:29:07.002000-05:00,41.6992575,-86.2347788,7c36e7df,Verizon,Concourse,LTE,6375.0
2025-11-08 21:29:12.009000-05:00,41.6993045,-86.2347762,7c36e7df,Verizon,Concourse,LTE,6375.0
2025-11-08 21:29:17.014000-05:00,41.6993177,-86.234773,7c36e7df,Verizon,Concourse,LTE,6375.0
2025-11-08 21:29:22.020000-05:00,41.6993329,-86.2347687,7c36e7df,Verizon,Concourse,LTE,6375.0
2025-11-08 21:29:27.019000-05:00,41.6993488,-86.234765,7c36e7df,Verizon,Concourse,LTE,6375.0
2025-11-08 21:29:32.017000-05:00,41.6993549,-86.234766,7c36e7df,Verizon,Concourse,LTE,6375.0
2025-11-08 21:29:37.028000-05:00,41.6993693,-86.2347792,7c36e7df,Verizon,Concourse,LTE,
2025-11-08 21:29:42.013000-05:00,41.6994146,-86.2347682,7c36e7df,Verizon,Concourse,LTE,
2025-11-08 21:29:47.015000-05:00,41.6994315,-86.2348281,7c36e7df,Verizon,Concourse,LTE,
2025-11-08 21:29:52.015000-05:00,41.6994111,-86.234801,7c36e7df,Verizon,Concourse,LTE,
2025-11-08 21:29:57.013000-05:00,41.6994063,-86.2347977,7c36e7df,Verizon,Concourse,LTE,
2025-11-08 21:30:02.019000-05:00,41.6994399,-86.2347722,7c36e7df,Verizon,Concourse,LTE,
2025-11-08 21:30:07.013000-05:00,41.6993971,-86.2347838,7c36e7df,Verizon,Concourse,LTE,
2025-11-08 21:30:12.019000-05:00,41.6993912,-86.2347914,7c36e7df,Verizon,Concourse,LTE,
2025-11-08 21:30:17.012000-05:00,41.6993905,-86.2348135,7c36e7df,Verizon,Concourse,LTE,
2025-11-08 21:30:22.017000-05:00,41.6993967,-86.234819,7c36e7df,Verizon,Concourse,LTE,
2025-11-08 21:30:27.022000-05:00,41.6993931,-86.2348176,7c36e7df,Verizon,Concourse,LTE,
2025-11-08 21:30:32.011000-05:00,41.6993938,-86.2348573,7c36e7df,Verizon,Concourse,LTE,
2025-11-08 21:30:37.017000-05:00,41.6994181,-86.2348606,7c36e7df,Verizon,Concourse,LTE,
2025-11-08 21:30:42.009000-05:00,41.6994459,-86.2348416,7c36e7df,Verizon,Concourse,LTE,
2025-11-08 21:30:47.011000-05:00,41.6994154,-86.2348338,7c36e7df,Verizon,Concourse,LTE,
2025-11-08 21:30:52.020000-05:00,41.699427,-86.2348157,7c36e7df,Verizon,Concourse,LTE,
2025-11-08 21:30:57.015000-05:00,41.6993983,-86.2348699,7c36e7df,Verizon,Concourse,LTE,
2025-11-08 21:31:02.018000-05:00,41.6993965,-86.2347703,7c36e7df,Verizon,Concourse,LTE,
2025-11-08 21:31:07.014000-05:00,41.699394,-86.2348496,7c36e7df,Verizon,Concourse,LTE,
2025-11-08 21:31:12.011000-05:00,41.6994031,-86.2347327,7c36e7df,Verizon,Concourse,LTE,
2025-11-08 21:31:17.012000-05:00,41.699386,-86.2347715,7c36e7df,Verizon,Concourse,LTE,
2025-11-08 21:31:22.022000-05:00,41.6994253,-86.2348092,7c36e7df,Verizon,Concourse,LTE,
2025-11-08 21:31:27.019000-05:00,41.6994247,-86.2348677,7c36e7df,Verizon,Concourse,LTE,
2025-11-08 21:31:28.354000-05:00,41.6989039,-86.2334434,a0654bd3,AT&T,Bowl,LTE,6135.0
2025-11-08 21:31:32.022000-05:00,41.6994095,-86.234831,7c36e7df,Verizon,Concourse,LTE,
2025-11-08 21:31:37.016000-05:00,41.699411,-86.2348088,7c36e7df,Verizon,Concourse,LTE,
2025-11-08 21:31:42.012000-05:00,41.6994074,-86.2348017,7c36e7df,Verizon,Concourse,LTE,
2025-11-08 21:31:47.017000-05:00,41.699397,-86.2348226,7c36e7df,Verizon,Concourse,LTE,
2025-11-08 21:31:52.020000-05:00,41.6993996,-86.2348174,7c36e7df,Verizon,Concourse,LTE,
2025-11-08 21:31:55.955000-05:00,41.6989045,-86.2334433,a0654bd3,AT&T,Bowl,LTE,
2025-11-08 21:31:57.119000-05:00,41.69939,-86.2348616,7c36e7df,Verizon,Concourse,LTE,
2025-11-08 21:32:00.964000-05:00,41.6989042,-86.2334442,a0654bd3,AT&T,Bowl,LTE,
2025-11-08 21:32:02.013000-05:00,41.6993937,-86.2348409,7c36e7df,Verizon,Concourse,LTE,
2025-11-08 21:32:05.957000-05:00,41.6989022,-86.2334459,a0654bd3,AT&T,Bowl,LTE,
2025-11-08 21:32:07.027000-05:00,41.6994203,-86.234804,7c36e7df,Verizon,Concourse,LTE,6935.0
2025-11-08 21:32:10.957000-05:00,41.6989028,-86.2334442,a0654bd3,AT&T,Bowl,LTE,
2025-11-08 21:32:12.023000-05:00,41.6994181,-86.2348071,7c36e7df,Verizon,Concourse,LTE,6935.0
2025-11-08 21:32:15.958000-05:00,41.6989036,-86.2334448,a0654bd3,AT&T,Bowl,LTE,
2025-11-08 21:32:17.007000-05:00,41.6993924,-86.2347635,7c36e7df,Verizon,Concourse,LTE,6935.0
2025-11-08 21:32:20.963000-05:00,41.6989035,-86.2334451,a0654bd3,AT&T,Bowl,LTE,
2025-11-08 21:32:22.014000-05:00,41.6994316,-86.2348046,7c36e7df,Verizon,Concourse,LTE,6935.0
2025-11-08 21:32:25.957000-05:00,41.6989034,-86.2334447,a0654bd3,AT&T,Bowl,LTE,
2025-11-08 21:32:27.021000-05:00,41.6994257,-86.2348069,7c36e7df,Verizon,Concourse,LTE,6935.0
2025-11-08 21:32:30.964000-05:00,41.698902,-86.2334458,a0654bd3,AT&T,Bowl,LTE,
2025-11-08 21:32:32.036000-05:00,41.6994256,-86.2348051,7c36e7df,Verizon,Concourse,LTE,6935.0
2025-11-08 21:32:35.957000-05:00,41.6989008,-86.2334441,a0654bd3,AT&T,Bowl,LTE,
2025-11-08 21:32:37.023000-05:00,41.6994231,-86.234808,7c36e7df,Verizon,Concourse,LTE,6935.0
2025-11-08 21:32:40.960000-05:00,41.6989024,-86.233444,a0654bd3,AT&T,Bowl,LTE,
2025-11-08 21:32:42.040000-05:00,41.6995523,-86.2346251,7c36e7df,Verizon,Concourse,LTE,6935.0
2025-11-08 21:32:45.967000-05:00,41.6989028,-86.2334441,a0654bd3,AT&T,Bowl,LTE,
2025-11-08 21:32:47.028000-05:00,41.6995525,-86.2346248,7c36e7df,Verizon,Concourse,LTE,6935.0
2025-11-08 21:32:50.962000-05:00,41.698903,-86.2334441,a0654bd3,AT&T,Bowl,LTE,
2025-11-08 21:32:52.041000-05:00,41.6994288,-86.2348124,7c36e7df,Verizon,Concourse,LTE,6935.0
2025-11-08 21:32:55.963000-05:00,41.6989012,-86.233445,a0654bd3,AT&T,Bowl,LTE,
2025-11-08 21:32:57.032000-05:00,41.699513,-86.2346798,7c36e7df,Verizon,Concourse,LTE,6935.0
2025-11-08 21:33:00.956000-05:00,41.698901,-86.2334416,a0654bd3,AT&T,Bowl,LTE,
2025-11-08 21:33:02.029000-05:00,41.6994387,-86.2347014,7c36e7df,Verizon,Concourse,LTE,6935.0
2025-11-08 21:33:05.957000-05:00,41.6988997,-86.2334398,a0654bd3,AT&T,Bowl,LTE,
2025-11-08 21:33:07.025000-05:00,41.6993944,-86.2347417,7c36e7df,Verizon,Concourse,LTE,6935.0
2025-11-08 21:33:10.957000-05:00,41.6989091,-86.2334307,a0654bd3,AT&T,Bowl,NR-NSA,
2025-11-08 21:33:12.029000-05:00,41.6993957,-86.2347422,7c36e7df,Verizon,Concourse,LTE,6935.0
2025-11-08 21:33:15.956000-05:00,41.6989079,-86.2334337,a0654bd3,AT&T,Bowl,LTE,
2025-11-08 21:33:17.018000-05:00,41.6994079,-86.2347363,7c36e7df,Verizon,Concourse,LTE,6935.0
2025-11-08 21:33:20.953000-05:00,41.6989049,-86.2334367,a0654bd3,AT&T,Bowl,LTE,
2025-11-08 21:33:22.030000-05:00,41.6994101,-86.2347622,7c36e7df,Verizon,Concourse,LTE,6935.0
2025-11-08 21:33:25.957000-05:00,41.6989072,-86.2334386,a0654bd3,AT&T,Bowl,LTE,
2025-11-08 21:33:27.021000-05:00,41.6994113,-86.2347607,7c36e7df,Verizon,Concourse,LTE,6935.0
2025-11-08 21:33:30.958000-05:00,41.6989023,-86.2334425,a0654bd3,AT&T,Bowl,LTE,
2025-11-08 21:33:32.038000-05:00,41.6994279,-86.234737,7c36e7df,Verizon,Concourse,LTE,6935.0
2025-11-08 21:33:35.955000-05:00,41.6989025,-86.2334415,a0654bd3,AT&T,Bowl,LTE,
2025-11-08 21:33:37.021000-05:00,41.6994319,-86.2347343,7c36e7df,Verizon,Concourse,LTE,6935.0
2025-11-08 21:33:40.961000-05:00,41.6988987,-86.2334397,a0654bd3,AT&T,Bowl,LTE,
2025-11-08 21:33:42.028000-05:00,41.699424,-86.2347574,7c36e7df,Verizon,Concourse,LTE,6935.0
2025-11-08 21:33:45.960000-05:00,41.6988976,-86.2334403,a0654bd3,AT&T,Bowl,LTE,
2025-11-08 21:33:47.023000-05:00,41.6994221,-86.2347584,7c36e7df,Verizon,Concourse,LTE,6935.0
2025-11-08 21:33:50.961000-05:00,41.6988967,-86.2334459,a0654bd3,AT&T,Bowl,NR-NSA,
2025-11-08 21:33:52.024000-05:00,41.6994337,-86.2347462,7c36e7df,Verizon,Concourse,LTE,6935.0
2025-11-08 21:33:55.959000-05:00,41.6988979,-86.2334479,a0654bd3,AT&T,Bowl,NR-NSA,
2025-11-08 21:33:57.023000-05:00,41.6994072,-86.2347905,7c36e7df,Verizon,Concourse,LTE,6935.0
2025-11-08 21:34:00.963000-05:00,41.6988987,-86.233442,a0654bd3,AT&T,Bowl,NR-NSA,
2025-11-08 21:34:02.022000-05:00,41.6994134,-86.2347644,7c36e7df,Verizon,Concourse,LTE,6935.0
2025-11-08 21:34:05.957000-05:00,41.698896,-86.233441,a0654bd3,AT&T,Bowl,NR-NSA,
2025-11-08 21:34:07.030000-05:00,41.6994114,-86.234763,7c36e7df,Verizon,Concourse,LTE,6935.0
2025-11-08 21:34:10.957000-05:00,41.6988984,-86.2334472,a0654bd3,AT&T,Bowl,NR-NSA,
2025-11-08 21:34:12.062000-05:00,41.6994141,-86.2347426,7c36e7df,Verizon,Concourse,LTE,6935.0
2025-11-08 21:34:15.969000-05:00,41.6988996,-86.233447,a0654bd3,AT&T,Bowl,NR-NSA,
2025-11-08 21:34:17.029000-05:00,41.6994112,-86.2347641,7c36e7df,Verizon,Concourse,LTE,6935.0
2025-11-08 21:34:20.958000-05:00,41.6988988,-86.2334478,a0654bd3,AT&T,Bowl,LTE,
2025-11-08 21:34:22.024000-05:00,41.6993842,-86.2348127,7c36e7df,Verizon,Concourse,LTE,6935.0
2025-11-08 21:34:25.961000-05:00,41.6988969,-86.2334505,a0654bd3,AT&T,Bowl,LTE,
2025-11-08 21:34:27.021000-05:00,41.6993742,-86.2347426,7c36e7df,Verizon,Concourse,LTE,6935.0
2025-11-08 21:34:30.966000-05:00,41.698894,-86.2334468,a0654bd3,AT&T,Bowl,LTE,5975.0
2025-11-08 21:34:32.018000-05:00,41.6993978,-86.2347631,7c36e7df,Verizon,Concourse,LTE,6935.0
2025-11-08 21:34:35.963000-05:00,41.6988958,-86.2334454,a0654bd3,AT&T,Bowl,LTE,5975.0
2025-11-08 21:34:37.029000-05:00,41.699437,-86.2347145,7c36e7df,Verizon,Concourse,LTE,6935.0
2025-11-08 21:34:40.962000-05:00,41.6988977,-86.2334461,a0654bd3,AT&T,Bowl,LTE,5975.0
2025-11-08 21:34:42.033000-05:00,41.6994298,-86.2346947,7c36e7df,Verizon,Concourse,LTE,
2025-11-08 21:34:45.969000-05:00,41.6989023,-86.2334431,a0654bd3,AT&T,Bowl,LTE,5975.0
2025-11-08 21:34:47.030000-05:00,41.6993784,-86.234722,7c36e7df,Verizon,Concourse,LTE,
2025-11-08 21:34:50.962000-05:00,41.6989015,-86.2334449,a0654bd3,AT&T,Bowl,LTE,5975.0
2025-11-08 21:34:52.028000-05:00,41.6992434,-86.2347646,7c36e7df,Verizon,Concourse,LTE,6055.0
2025-11-08 21:34:55.966000-05:00,41.6989012,-86.2334451,a0654bd3,AT&T,Bowl,LTE,5975.0
2025-11-08 21:34:57.032000-05:00,41.6991347,-86.2348888,7c36e7df,Verizon,Concourse,LTE,6055.0
2025-11-08 21:35:00.961000-05:00,41.6989015,-86.2334451,a0654bd3,AT&T,Bowl,LTE,5975.0
2025-11-08 21:35:02.025000-05:00,41.6990786,-86.2349115,7c36e7df,Verizon,Concourse,LTE,6055.0
2025-11-08 21:35:05.959000-05:00,41.6989029,-86.2334425,a0654bd3,AT&T,Bowl,LTE,5975.0
2025-11-08 21:35:07.034000-05:00,41.699027,-86.2349411,7c36e7df,Verizon,Concourse,LTE,6055.0
2025-11-08 21:35:10.960000-05:00,41.6989006,-86.2334479,a0654bd3,AT&T,Bowl,LTE,5975.0
2025-11-08 21:35:12.035000-05:00,41.6989605,-86.2349282,7c36e7df,Verizon,Concourse,LTE,6055.0
2025-11-08 21:35:15.966000-05:00,41.6989017,-86.2334469,a0654bd3,AT&T,Bowl,LTE,5975.0
2025-11-08 21:35:17.031000-05:00,41.698926,-86.2349127,7c36e7df,Verizon,Concourse,LTE,6055.0
2025-11-08 21:35:20.972000-05:00,41.6989023,-86.2334466,a0654bd3,AT&T,Bowl,LTE,5975.0
2025-11-08 21:35:22.031000-05:00,41.6989225,-86.2349186,7c36e7df,Verizon,Concourse,LTE,6055.0
2025-11-08 21:35:25.964000-05:00,41.6989047,-86.2334442,a0654bd3,AT&T,Bowl,LTE,5975.0
2025-11-08 21:35:27.038000-05:00,41.6988922,-86.2349248,7c36e7df,Verizon,Concourse,LTE,6055.0
2025-11-08 21:35:30.964000-05:00,41.6989073,-86.2334431,a0654bd3,AT&T,Bowl,LTE,5975.0
2025-11-08 21:35:32.031000-05:00,41.6988419,-86.2349499,7c36e7df,Verizon,Concourse,LTE,6055.0
2025-11-08 21:35:35.963000-05:00,41.6989068,-86.2334434,a0654bd3,AT&T,Bowl,LTE,5975.0
2025-11-08 21:35:37.032000-05:00,41.6988045,-86.2349834,7c36e7df,Verizon,Concourse,LTE,6055.0
2025-11-08 21:35:40.961000-05:00,41.6989072,-86.2334436,a0654bd3,AT&T,Bowl,LTE,5975.0
2025-11-08 21:35:42.033000-05:00,41.6987677,-86.2350128,7c36e7df,Verizon,Concourse,LTE,6055.0
2025-11-08 21:35:45.960000-05:00,41.6989075,-86.2334435,a0654bd3,AT&T,Bowl,LTE,5975.0
2025-11-08 21:35:47.035000-05:00,41.698724,-86.2350546,7c36e7df,Verizon,Concourse,LTE,6055.0
2025-11-08 21:35:50.962000-05:00,41.6989075,-86.233443,a0654bd3,AT&T,Bowl,LTE,5975.0
2025-11-08 21:35:52.032000-05:00,41.6986635,-86.2350343,7c36e7df,Verizon,Concourse,LTE,
2025-11-08 21:35:55.964000-05:00,41.6989075,-86.2334429,a0654bd3,AT&T,Bowl,LTE,5975.0
2025-11-08 21:35:57.029000-05:00,41.6986635,-86.2350343,7c36e7df,Verizon,Concourse,LTE,
2025-11-08 21:36:00.964000-05:00,41.6989079,-86.2334429,a0654bd3,AT&T,Bowl,LTE,5975.0
2025-11-08 21:36:02.031000-05:00,41.6986572,-86.2349903,7c36e7df,Verizon,Concourse,LTE,
2025-11-08 21:36:05.970000-05:00,41.6989088,-86.2334441,a0654bd3,AT&T,Bowl,LTE,5975.0
2025-11-08 21:36:07.028000-05:00,41.6986351,-86.2349494,7c36e7df,Verizon,Concourse,LTE,
2025-11-08 21:36:10.963000-05:00,41.698908,-86.2334476,a0654bd3,AT&T,Bowl,LTE,5975.0
2025-11-08 21:36:12.023000-05:00,41.6986486,-86.2349492,7c36e7df,Verizon,Concourse,LTE,
2025-11-08 21:36:15.964000-05:00,41.698908,-86.2334475,a0654bd3,AT&T,Bowl,LTE,5975.0
2025-11-08 21:36:17.026000-05:00,41.6986199,-86.234933,7c36e7df,Verizon,Concourse,LTE,
2025-11-08 21:36:20.963000-05:00,41.698908,-86.2334474,a0654bd3,AT&T,Bowl,LTE,5975.0
2025-11-08 21:36:22.032000-05:00,41.6986086,-86.2349113,7c36e7df,Verizon,Concourse,LTE,
2025-11-08 21:36:25.963000-05:00,41.6989082,-86.2334476,a0654bd3,AT&T,Bowl,LTE,5975.0
2025-11-08 21:36:27.031000-05:00,41.6986085,-86.2348969,7c36e7df,Verizon,Concourse,LTE,
2025-11-08 21:36:30.966000-05:00,41.6989085,-86.2334475,a0654bd3,AT&T,Bowl,LTE,5975.0
2025-11-08 21:36:32.032000-05:00,41.6985772,-86.2348546,7c36e7df,Verizon,Concourse,LTE,
2025-11-08 21:36:35.964000-05:00,41.698909,-86.2334474,a0654bd3,AT&T,Bowl,LTE,5975.0
2025-11-08 21:36:37.032000-05:00,41.6986203,-86.2348346,7c36e7df,Verizon,Concourse,LTE,
2025-11-08 21:36:40.965000-05:00,41.6989092,-86.2334475,a0654bd3,AT&T,Bowl,LTE,5975.0
2025-11-08 21:36:42.044000-05:00,41.6985606,-86.2348731,7c36e7df,Verizon,Concourse,LTE,
2025-11-08 21:36:45.965000-05:00,41.6989096,-86.2334474,a0654bd3,AT&T,Bowl,LTE,5975.0
2025-11-08 21:36:47.038000-05:00,41.6985606,-86.2348731,7c36e7df,Verizon,Concourse,LTE,
2025-11-08 21:36:50.967000-05:00,41.6989096,-86.2334475,a0654bd3,AT&T,Bowl,LTE,5975.0
2025-11-08 21:36:52.033000-05:00,41.6985848,-86.2349003,7c36e7df,Verizon,Concourse,LTE,
2025-11-08 21:36:55.965000-05:00,41.6989056,-86.233447,a0654bd3,AT&T,Bowl,LTE,5975.0
2025-11-08 21:36:57.030000-05:00,41.6986632,-86.2348624,7c36e7df,Verizon,Concourse,LTE,
2025-11-08 21:37:00.965000-05:00,41.6989001,-86.2334488,a0654bd3,AT&T,Bowl,LTE,5975.0
2025-11-08 21:37:02.032000-05:00,41.6986742,-86.234909,7c36e7df,Verizon,Concourse,LTE,
2025-11-08 21:37:05.972000-05:00,41.6988987,-86.2334489,a0654bd3,AT&T,Bowl,LTE,5975.0
2025-11-08 21:37:07.032000-05:00,41.6987096,-86.2349065,7c36e7df,Verizon,Concourse,LTE,
2025-11-08 21:37:10.967000-05:00,41.6988996,-86.233449,a0654bd3,AT&T,Bowl,LTE,5975.0
2025-11-08 21:37:12.031000-05:00,41.6985813,-86.2349172,7c36e7df,Verizon,Concourse,LTE,
2025-11-08 21:37:15.973000-05:00,41.6989001,-86.2334489,a0654bd3,AT&T,Bowl,LTE,5975.0
2025-11-08 21:37:17.030000-05:00,41.6985972,-86.2349287,7c36e7df,Verizon,Concourse,LTE,
2025-11-08 21:37:20.970000-05:00,41.698899,-86.2334474,a0654bd3,AT&T,Bowl,LTE,5975.0
2025-11-08 21:37:22.031000-05:00,41.698611,-86.2348423,7c36e7df,Verizon,Concourse,LTE,
2025-11-08 21:37:25.969000-05:00,41.6988961,-86.2334485,a0654bd3,AT&T,Bowl,LTE,5975.0
2025-11-08 21:37:27.035000-05:00,41.698617,-86.2349047,7c36e7df,Verizon,Concourse,LTE,
2025-11-08 21:37:30.974000-05:00,41.6988954,-86.2334517,a0654bd3,AT&T,Bowl,LTE,5975.0
2025-11-08 21:37:32.030000-05:00,41.6986246,-86.2349077,7c36e7df,Verizon,Concourse,LTE,
2025-11-08 21:37:35.973000-05:00,41.6989,-86.2334534,a0654bd3,AT&T,Bowl,LTE,5975.0
2025-11-08 21:37:37.033000-05:00,41.6985546,-86.2349043,7c36e7df,Verizon,Concourse,LTE,
2025-11-08 21:37:40.966000-05:00,41.6989025,-86.2334469,a0654bd3,AT&T,Bowl,LTE,5975.0
2025-11-08 21:37:42.045000-05:00,41.6986607,-86.2348676,7c36e7df,Verizon,Concourse,LTE,
2025-11-08 21:37:45.972000-05:00,41.698905,-86.2334331,a0654bd3,AT&T,Bowl,LTE,5975.0
2025-11-08 21:37:47.041000-05:00,41.698625,-86.2348832,7c36e7df,Verizon,Concourse,LTE,
2025-11-08 21:37:50.975000-05:00,41.6989069,-86.2334332,a0654bd3,AT&T,Bowl,LTE,5975.0
2025-11-08 21:37:52.032000-05:00,41.6986291,-86.2349021,7c36e7df,Verizon,Concourse,LTE,
2025-11-08 21:37:55.975000-05:00,41.6989043,-86.2334393,a0654bd3,AT&T,Bowl,LTE,5975.0
2025-11-08 21:37:57.033000-05:00,41.6986291,-86.2349021,7c36e7df,Verizon,Concourse,LTE,
2025-11-08 21:38:00.975000-05:00,41.6989049,-86.233447,a0654bd3,AT&T,Bowl,LTE,5975.0
2025-11-08 21:38:02.033000-05:00,41.6986304,-86.2349125,7c36e7df,Verizon,Concourse,LTE,
2025-11-08 21:38:05.978000-05:00,41.6989055,-86.2334471,a0654bd3,AT&T,Bowl,LTE,5975.0
2025-11-08 21:38:07.044000-05:00,41.6986298,-86.2349159,7c36e7df,Verizon,Concourse,LTE,
2025-11-08 21:38:10.988000-05:00,41.6989058,-86.2334473,a0654bd3,AT&T,Bowl,LTE,5975.0
2025-11-08 21:38:12.033000-05:00,41.6986389,-86.2349127,7c36e7df,Verizon,Concourse,LTE,5280.0
2025-11-08 21:38:15.977000-05:00,41.6989072,-86.2334451,a0654bd3,AT&T,Bowl,LTE,5975.0
2025-11-08 21:38:17.038000-05:00,41.6986356,-86.2349044,7c36e7df,Verizon,Concourse,LTE,5280.0
2025-11-08 21:38:22.042000-05:00,41.6986356,-86.2349044,7c36e7df,Verizon,Concourse,LTE,5280.0
2025-11-08 21:38:27.045000-05:00,41.6986205,-86.2348822,7c36e7df,Verizon,Concourse,LTE,5280.0
2025-11-08 21:38:32.039000-05:00,41.6986239,-86.2349001,7c36e7df,Verizon,Concourse,LTE,5280.0
2025-11-08 21:38:37.042000-05:00,41.6986239,-86.2349001,7c36e7df,Verizon,Concourse,LTE,5280.0
2025-11-08 21:38:42.038000-05:00,41.6986452,-86.234909,7c36e7df,Verizon,Concourse,LTE,5280.0
2025-11-08 21:38:47.040000-05:00,41.6986571,-86.234913,7c36e7df,Verizon,Concourse,LTE,5280.0
2025-11-08 21:38:52.039000-05:00,41.6986571,-86.234913,7c36e7df,Verizon,Concourse,LTE,5280.0
2025-11-08 21:38:55.651000-05:00,41.6989965,-86.2333147,a0654bd3,AT&T,Concourse,LTE,
2025-11-08 21:38:57.043000-05:00,41.6986015,-86.2348784,7c36e7df,Verizon,Concourse,LTE,5280.0
2025-11-08 21:39:02.042000-05:00,41.6986054,-86.2348726,7c36e7df,Verizon,Concourse,LTE,5280.0
2025-11-08 21:39:07.041000-05:00,41.6986667,-86.2348211,7c36e7df,Verizon,Concourse,LTE,5280.0
2025-11-08 21:39:12.044000-05:00,41.6986365,-86.2348819,7c36e7df,Verizon,Concourse,LTE,5280.0
2025-11-08 21:39:17.046000-05:00,41.698632,-86.2348815,7c36e7df,Verizon,Concourse,LTE,5280.0
2025-11-08 21:39:22.039000-05:00,41.698632,-86.2348815,7c36e7df,Verizon,Concourse,LTE,5280.0
2025-11-08 21:39:27.042000-05:00,41.698629,-86.2348819,7c36e7df,Verizon,Concourse,LTE,5280.0
2025-11-08 21:39:27.478000-05:00,41.6989965,-86.2333147,a0654bd3,AT&T,Concourse,LTE,
2025-11-08 21:39:32.040000-05:00,41.6986331,-86.2348725,7c36e7df,Verizon,Concourse,LTE,5280.0
2025-11-08 21:39:32.483000-05:00,41.6989996,-86.2333268,a0654bd3,AT&T,Concourse,LTE,
2025-11-08 21:39:37.043000-05:00,41.6986291,-86.2348769,7c36e7df,Verizon,Concourse,LTE,5280.0
2025-11-08 21:39:37.484000-05:00,41.6990013,-86.2333418,a0654bd3,AT&T,Concourse,LTE,
2025-11-08 21:39:42.041000-05:00,41.6986291,-86.2348769,7c36e7df,Verizon,Concourse,LTE,5280.0
2025-11-08 21:39:42.477000-05:00,41.6989959,-86.2333186,a0654bd3,AT&T,Concourse,LTE,
2025-11-08 21:39:47.042000-05:00,41.6986151,-86.2348979,7c36e7df,Verizon,Concourse,LTE,5280.0
2025-11-08 21:39:48.860000-05:00,41.6989932,-86.2333127,a0654bd3,AT&T,Concourse,LTE,
2025-11-08 21:39:52.040000-05:00,41.6986151,-86.2348979,7c36e7df,Verizon,Concourse,LTE,5280.0
2025-11-08 21:39:53.855000-05:00,41.6989975,-86.2333264,a0654bd3,AT&T,Concourse,LTE,
2025-11-08 21:39:57.043000-05:00,41.6986372,-86.2348854,7c36e7df,Verizon,Concourse,LTE,5280.0
2025-11-08 21:39:58.856000-05:00,41.6989873,-86.233264,a0654bd3,AT&T,Concourse,LTE,
2025-11-08 21:40:02.042000-05:00,41.6986372,-86.2348854,7c36e7df,Verizon,Concourse,LTE,5280.0
2025-11-08 21:40:03.858000-05:00,41.6989573,-86.2332753,a0654bd3,AT&T,Concourse,LTE,
2025-11-08 21:40:07.046000-05:00,41.6987591,-86.2348727,7c36e7df,Verizon,Concourse,LTE,5280.0
2025-11-08 21:40:08.865000-05:00,41.6989251,-86.2332792,a0654bd3,AT&T,Concourse,LTE,
2025-11-08 21:40:12.040000-05:00,41.6986399,-86.2348921,7c36e7df,Verizon,Concourse,LTE,5280.0
2025-11-08 21:40:13.863000-05:00,41.6989279,-86.23317,a0654bd3,AT&T,Concourse,LTE,
2025-11-08 21:40:17.040000-05:00,41.6986157,-86.2348971,7c36e7df,Verizon,Concourse,LTE,5280.0
2025-11-08 21:40:18.864000-05:00,41.6989336,-86.2331336,a0654bd3,AT&T,Concourse,LTE,
2025-11-08 21:40:22.044000-05:00,41.6986142,-86.2348949,7c36e7df,Verizon,Concourse,LTE,5280.0
2025-11-08 21:40:23.852000-05:00,41.6989251,-86.2330835,a0654bd3,AT&T,Concourse,LTE,
2025-11-08 21:40:27.047000-05:00,41.6986658,-86.23492,7c36e7df,Verizon,Concourse,LTE,5280.0
2025-11-08 21:40:28.859000-05:00,41.698931,-86.2331055,a0654bd3,AT&T,Concourse,LTE,
2025-11-08 21:40:32.047000-05:00,41.6986289,-86.2349099,7c36e7df,Verizon,Concourse,LTE,5280.0
2025-11-08 21:40:33.861000-05:00,41.6989388,-86.2331571,a0654bd3,AT&T,Concourse,LTE,
2025-11-08 21:40:37.051000-05:00,41.6985553,-86.2348831,7c36e7df,Verizon,Concourse,LTE,5280.0
2025-11-08 21:40:38.856000-05:00,41.6989587,-86.2331747,a0654bd3,AT&T,Concourse,LTE,
2025-11-08 21:40:42.057000-05:00,41.6985425,-86.2348956,7c36e7df,Verizon,Concourse,LTE,5280.0
2025-11-08 21:40:43.859000-05:00,41.6989423,-86.233197,a0654bd3,AT&T,Concourse,LTE,
2025-11-08 21:40:47.046000-05:00,41.6985147,-86.2349046,7c36e7df,Verizon,Concourse,LTE,5280.0
2025-11-08 21:40:48.861000-05:00,41.6989404,-86.2331607,a0654bd3,AT&T,Concourse,LTE,
2025-11-08 21:40:52.056000-05:00,41.6984621,-86.2349344,7c36e7df,Verizon,Concourse,LTE,5280.0
2025-11-08 21:40:53.855000-05:00,41.6989382,-86.2331649,a0654bd3,AT&T,Concourse,LTE,
2025-11-08 21:40:57.047000-05:00,41.6984268,-86.234971,7c36e7df,Verizon,Concourse,LTE,5280.0
2025-11-08 21:40:58.859000-05:00,41.6989503,-86.2331707,a0654bd3,AT&T,Concourse,NR-NSA,
2025-11-08 21:41:02.047000-05:00,41.698372,-86.2349717,7c36e7df,Verizon,Concourse,LTE,5280.0
2025-11-08 21:41:03.863000-05:00,41.698955,-86.2331769,a0654bd3,AT&T,Concourse,NR-NSA,
2025-11-08 21:41:07.049000-05:00,41.6983236,-86.2349769,7c36e7df,Verizon,Concourse,LTE,5280.0
2025-11-08 21:41:08.861000-05:00,41.6989382,-86.233164,a0654bd3,AT&T,Concourse,NR-NSA,
2025-11-08 21:41:12.056000-05:00,41.698251,-86.2349501,7c36e7df,Verizon,Concourse,LTE,5280.0
2025-11-08 21:41:13.871000-05:00,41.6989279,-86.2331694,a0654bd3,AT&T,Concourse,NR-NSA,
2025-11-08 21:41:17.068000-05:00,41.698195,-86.2349354,7c36e7df,Verizon,Concourse,LTE,5280.0
2025-11-08 21:41:18.864000-05:00,41.6989282,-86.2331685,a0654bd3,AT&T,Concourse,NR-NSA,
2025-11-08 21:41:22.059000-05:00,41.6981465,-86.2349387,7c36e7df,Verizon,Concourse,LTE,5280.0
2025-11-08 21:41:23.865000-05:00,41.6989353,-86.2331708,a0654bd3,AT&T,Concourse,NR-NSA,
2025-11-08 21:41:27.044000-05:00,41.6981068,-86.2349185,7c36e7df,Verizon,Concourse,LTE,5500.0
2025-11-08 21:41:28.863000-05:00,41.698932,-86.2331658,a0654bd3,AT&T,Concourse,NR-NSA,
2025-11-08 21:41:32.057000-05:00,41.6980623,-86.2349002,7c36e7df,Verizon,Concourse,LTE,5500.0
2025-11-08 21:41:33.859000-05:00,41.6989282,-86.2331766,a0654bd3,AT&T,Concourse,NR-NSA,
2025-11-08 21:41:37.056000-05:00,41.698032,-86.2348863,7c36e7df,Verizon,Concourse,LTE,5500.0
2025-11-08 21:41:38.867000-05:00,41.6989371,-86.2331541,a0654bd3,AT&T,Concourse,NR-NSA,
2025-11-08 21:41:42.050000-05:00,41.6980464,-86.2348882,7c36e7df,Verizon,Concourse,LTE,
2025-11-08 21:41:43.864000-05:00,41.698941,-86.233149,a0654bd3,AT&T,Concourse,NR-NSA,
2025-11-08 21:41:47.049000-05:00,41.6980464,-86.2348882,7c36e7df,Verizon,Concourse,LTE,
2025-11-08 21:41:48.863000-05:00,41.6989409,-86.2331555,a0654bd3,AT&T,Concourse,NR-NSA,
2025-11-08 21:41:52.050000-05:00,41.6980421,-86.2348937,7c36e7df,Verizon,Concourse,LTE,
2025-11-08 21:41:53.865000-05:00,41.6989468,-86.2331493,a0654bd3,AT&T,Concourse,NR-NSA,
2025-11-08 21:41:57.048000-05:00,41.6980421,-86.2348937,7c36e7df,Verizon,Concourse,LTE,
2025-11-08 21:41:58.866000-05:00,41.6989409,-86.2331509,a0654bd3,AT&T,Concourse,NR-NSA,
2025-11-08 21:42:02.058000-05:00,41.6980319,-86.2348696,7c36e7df,Verizon,Concourse,LTE,
2025-11-08 21:42:03.869000-05:00,41.6989452,-86.2331554,a0654bd3,AT&T,Concourse,LTE,
2025-11-08 21:42:07.052000-05:00,41.6980162,-86.2348718,7c36e7df,Verizon,Concourse,LTE,
2025-11-08 21:42:08.876000-05:00,41.6989472,-86.2331474,a0654bd3,AT&T,Concourse,LTE,6455.0
2025-11-08 21:42:12.052000-05:00,41.697996,-86.2348703,7c36e7df,Verizon,Concourse,LTE,
2025-11-08 21:42:13.860000-05:00,41.6989461,-86.2331401,a0654bd3,AT&T,Concourse,LTE,6455.0
2025-11-08 21:42:17.063000-05:00,41.6979848,-86.234883,7c36e7df,Verizon,Concourse,LTE,
2025-11-08 21:42:18.861000-05:00,41.6989408,-86.2332125,a0654bd3,AT&T,Concourse,LTE,6455.0
2025-11-08 21:42:22.059000-05:00,41.6980262,-86.2348669,7c36e7df,Verizon,Concourse,LTE,
2025-11-08 21:42:24.214000-05:00,41.6989372,-86.233173,a0654bd3,AT&T,Concourse,LTE,6455.0
2025-11-08 21:42:27.056000-05:00,41.6980275,-86.2348762,7c36e7df,Verizon,Concourse,LTE,
2025-11-08 21:42:28.872000-05:00,41.6989411,-86.2331589,a0654bd3,AT&T,Concourse,LTE,6455.0
2025-11-08 21:42:32.055000-05:00,41.6980662,-86.2348361,7c36e7df,Verizon,Concourse,LTE,
2025-11-08 21:42:33.873000-05:00,41.6989445,-86.233175,a0654bd3,AT&T,Concourse,LTE,6455.0
2025-11-08 21:42:37.048000-05:00,41.6980389,-86.2348476,7c36e7df,Verizon,Concourse,LTE,
2025-11-08 21:42:38.869000-05:00,41.698951,-86.2331557,a0654bd3,AT&T,Concourse,LTE,6455.0
2025-11-08 21:42:42.055000-05:00,41.6980088,-86.2348524,7c36e7df,Verizon,Concourse,LTE,
2025-11-08 21:42:43.874000-05:00,41.6989416,-86.2331611,a0654bd3,AT&T,Concourse,LTE,6455.0
2025-11-08 21:42:47.051000-05:00,41.6980587,-86.234847,7c36e7df,Verizon,Concourse,LTE,
2025-11-08 21:42:48.875000-05:00,41.6989363,-86.2331433,a0654bd3,AT&T,Concourse,LTE,6455.0
2025-11-08 21:42:52.051000-05:00,41.6980481,-86.2348465,7c36e7df,Verizon,Concourse,LTE,
2025-11-08 21:42:53.880000-05:00,41.6989363,-86.2331403,a0654bd3,AT&T,Concourse,LTE,6455.0
2025-11-08 21:42:57.053000-05:00,41.6979907,-86.2348546,7c36e7df,Verizon,Concourse,LTE,
2025-11-08 21:42:58.874000-05:00,41.6989336,-86.2331509,a0654bd3,AT&T,Concourse,LTE,6455.0
2025-11-08 21:43:02.054000-05:00,41.6979898,-86.23487,7c36e7df,Verizon,Concourse,LTE,
2025-11-08 21:43:03.879000-05:00,41.6989342,-86.2331516,a0654bd3,AT&T,Concourse,LTE,6455.0
2025-11-08 21:43:07.056000-05:00,41.6979834,-86.2348692,7c36e7df,Verizon,Concourse,LTE,
2025-11-08 21:43:08.871000-05:00,41.6989359,-86.233149,a0654bd3,AT&T,Concourse,LTE,6455.0
2025-11-08 21:43:12.056000-05:00,41.6979925,-86.2348591,7c36e7df,Verizon,Concourse,LTE,
2025-11-08 21:43:13.873000-05:00,41.6989365,-86.2331524,a0654bd3,AT&T,Concourse,LTE,6455.0
2025-11-08 21:43:17.057000-05:00,41.6979784,-86.2348661,7c36e7df,Verizon,Concourse,LTE,
2025-11-08 21:43:18.871000-05:00,41.6989389,-86.2331508,a0654bd3,AT&T,Concourse,LTE,6455.0
2025-11-08 21:43:22.055000-05:00,41.6979808,-86.2348567,7c36e7df,Verizon,Concourse,LTE,
2025-11-08 21:43:23.873000-05:00,41.6989339,-86.2331347,a0654bd3,AT&T,Concourse,LTE,6455.0
2025-11-08 21:43:27.057000-05:00,41.698006,-86.2348732,7c36e7df,Verizon,Concourse,LTE,
2025-11-08 21:43:28.872000-05:00,41.6989339,-86.2331347,a0654bd3,AT&T,Concourse,LTE,6455.0
2025-11-08 21:43:32.056000-05:00,41.6980299,-86.2348728,7c36e7df,Verizon,Concourse,LTE,
2025-11-08 21:43:33.876000-05:00,41.6989294,-86.2331206,a0654bd3,AT&T,Concourse,LTE,6455.0
2025-11-08 21:43:37.052000-05:00,41.6980069,-86.2348693,7c36e7df,Verizon,Concourse,LTE,
2025-11-08 21:43:38.876000-05:00,41.698939,-86.2331776,a0654bd3,AT&T,Concourse,LTE,6455.0
2025-11-08 21:43:42.062000-05:00,41.6980262,-86.2348622,7c36e7df,Verizon,Concourse,LTE,
2025-11-08 21:43:43.871000-05:00,41.698938,-86.2331507,a0654bd3,AT&T,Concourse,LTE,6455.0
2025-11-08 21:43:47.057000-05:00,41.6980262,-86.2348622,7c36e7df,Verizon,Concourse,LTE,
2025-11-08 21:43:48.875000-05:00,41.698938,-86.2331507,a0654bd3,AT&T,Concourse,LTE,6455.0
2025-11-08 21:43:52.058000-05:00,41.6980437,-86.234879,7c36e7df,Verizon,Concourse,LTE,
2025-11-08 21:43:53.875000-05:00,41.6989461,-86.2331664,a0654bd3,AT&T,Concourse,LTE,6455.0
2025-11-08 21:43:57.062000-05:00,41.6980486,-86.2348568,7c36e7df,Verizon,Concourse,LTE,
2025-11-08 21:43:58.874000-05:00,41.6989371,-86.233147,a0654bd3,AT&T,Concourse,LTE,6455.0
2025-11-08 21:44:02.081000-05:00,41.6980777,-86.234864,7c36e7df,Verizon,Concourse,LTE,5500.0
2025-11-08 21:44:03.878000-05:00,41.6989498,-86.233076,a0654bd3,AT&T,Concourse,LTE,6455.0
2025-11-08 21:44:07.062000-05:00,41.6981221,-86.234896,7c36e7df,Verizon,Concourse,LTE,5500.0
2025-11-08 21:44:08.876000-05:00,41.6989498,-86.233076,a0654bd3,AT&T,Concourse,LTE,6455.0
2025-11-08 21:44:12.072000-05:00,41.6981221,-86.234896,7c36e7df,Verizon,Concourse,LTE,5500.0
2025-11-08 21:44:13.868000-05:00,41.6989374,-86.2330568,a0654bd3,AT&T,Concourse,LTE,6455.0
2025-11-08 21:44:17.060000-05:00,41.6980998,-86.2348649,7c36e7df,Verizon,Concourse,LTE,5500.0
2025-11-08 21:44:18.879000-05:00,41.6989349,-86.2331219,a0654bd3,AT&T,Concourse,LTE,6455.0
2025-11-08 21:44:22.104000-05:00,41.6980998,-86.2348649,7c36e7df,Verizon,Concourse,LTE,5500.0
2025-11-08 21:44:23.874000-05:00,41.6989354,-86.2331348,a0654bd3,AT&T,Concourse,LTE,6455.0
2025-11-08 21:44:27.072000-05:00,41.698102,-86.2348602,7c36e7df,Verizon,Concourse,LTE,5500.0
2025-11-08 21:44:28.873000-05:00,41.6989402,-86.2331375,a0654bd3,AT&T,Concourse,LTE,6455.0
2025-11-08 21:44:32.063000-05:00,41.698102,-86.2348603,7c36e7df,Verizon,Concourse,LTE,5500.0
2025-11-08 21:44:33.878000-05:00,41.6989364,-86.2331456,a0654bd3,AT&T,Concourse,LTE,6455.0
2025-11-08 21:44:37.076000-05:00,41.698102,-86.2348603,7c36e7df,Verizon,Concourse,LTE,5500.0
2025-11-08 21:44:42.057000-05:00,41.6980951,-86.2347962,7c36e7df,Verizon,Concourse,LTE,5500.0
2025-11-08 21:44:47.064000-05:00,41.6980803,-86.2348448,7c36e7df,Verizon,Concourse,LTE,5500.0
2025-11-08 21:44:52.063000-05:00,41.6980803,-86.2348448,7c36e7df,Verizon,Concourse,LTE,5500.0
2025-11-08 21:44:57.067000-05:00,41.6980902,-86.234865,7c36e7df,Verizon,Concourse,LTE,5500.0
2025-11-08 21:45:02.062000-05:00,41.6980845,-86.2348845,7c36e7df,Verizon,Concourse,LTE,5500.0
2025-11-08 21:45:07.065000-05:00,41.6980845,-86.2348845,7c36e7df,Verizon,Concourse,LTE,5500.0
2025-11-08 21:45:12.060000-05:00,41.6980854,-86.2348807,7c36e7df,Verizon,Concourse,LTE,5500.0
2025-11-08 21:45:17.059000-05:00,41.6980838,-86.2348805,7c36e7df,Verizon,Concourse,LTE,5500.0
2025-11-08 21:45:22.060000-05:00,41.6980889,-86.2348759,7c36e7df,Verizon,Concourse,LTE,5500.0
2025-11-08 21:45:27.065000-05:00,41.6980859,-86.234885,7c36e7df,Verizon,Concourse,LTE,5500.0
2025-11-08 21:45:32.061000-05:00,41.6980961,-86.2348748,7c36e7df,Verizon,Concourse,LTE,5500.0
2025-11-08 21:45:37.060000-05:00,41.6981025,-86.2348705,7c36e7df,Verizon,Concourse,LTE,5500.0
2025-11-08 21:45:42.062000-05:00,41.6980784,-86.234884,7c36e7df,Verizon,Concourse,LTE,5500.0
2025-11-08 21:45:47.063000-05:00,41.6980784,-86.234884,7c36e7df,Verizon,Concourse,LTE,5500.0
2025-11-08 21:45:52.061000-05:00,41.698092,-86.2348783,7c36e7df,Verizon,Concourse,LTE,5500.0
2025-11-08 21:45:57.065000-05:00,41.6980744,-86.2348884,7c36e7df,Verizon,Concourse,LTE,5500.0
2025-11-08 21:46:02.062000-05:00,41.6980648,-86.2348877,7c36e7df,Verizon,Concourse,LTE,5500.0
2025-11-08 21:46:07.062000-05:00,41.698068,-86.2348839,7c36e7df,Verizon,Concourse,LTE,5500.0
2025-11-08 21:46:12.065000-05:00,41.6980645,-86.2348916,7c36e7df,Verizon,Concourse,LTE,5500.0
2025-11-08 21:46:14.164000-05:00,41.6979576,-86.2329708,a0654bd3,AT&T,Concourse,LTE,5975.0
2025-11-08 21:46:17.062000-05:00,41.6980708,-86.2348767,7c36e7df,Verizon,Concourse,LTE,5500.0
2025-11-08 21:46:22.064000-05:00,41.6980675,-86.2348729,7c36e7df,Verizon,Concourse,LTE,5500.0
2025-11-08 21:46:27.065000-05:00,41.698076,-86.2348755,7c36e7df,Verizon,Concourse,LTE,5500.0
2025-11-08 21:46:32.065000-05:00,41.6980684,-86.2348851,7c36e7df,Verizon,Concourse,LTE,5500.0
2025-11-08 21:46:37.063000-05:00,41.6980723,-86.2348905,7c36e7df,Verizon,Concourse,LTE,5500.0
2025-11-08 21:46:42.077000-05:00,41.6980723,-86.2348905,7c36e7df,Verizon,Concourse,LTE,5500.0
2025-11-08 21:46:46.837000-05:00,41.6979193,-86.2330005,a0654bd3,AT&T,Concourse,LTE,
2025-11-08 21:46:47.086000-05:00,41.6981,-86.2348864,7c36e7df,Verizon,Concourse,LTE,5500.0
2025-11-08 21:46:51.853000-05:00,41.6979193,-86.2330005,a0654bd3,AT&T,Concourse,LTE,
2025-11-08 21:46:52.069000-05:00,41.6981,-86.2348864,7c36e7df,Verizon,Concourse,LTE,5500.0
2025-11-08 21:46:56.843000-05:00,41.6979041,-86.2329977,a0654bd3,AT&T,Concourse,LTE,
2025-11-08 21:46:57.064000-05:00,41.698103,-86.2348788,7c36e7df,Verizon,Concourse,LTE,5500.0
2025-11-08 21:47:01.843000-05:00,41.6979109,-86.2329828,a0654bd3,AT&T,Concourse,LTE,
2025-11-08 21:47:02.080000-05:00,41.698103,-86.2348788,7c36e7df,Verizon,Concourse,LTE,5500.0
2025-11-08 21:47:06.846000-05:00,41.6979206,-86.2329798,a0654bd3,AT&T,Concourse,LTE,
2025-11-08 21:47:07.070000-05:00,41.6980617,-86.2348944,7c36e7df,Verizon,Concourse,LTE,5500.0
2025-11-08 21:47:11.852000-05:00,41.6979265,-86.2329819,a0654bd3,AT&T,Concourse,LTE,
2025-11-08 21:47:12.075000-05:00,41.6980617,-86.2348944,7c36e7df,Verizon,Concourse,LTE,5500.0
2025-11-08 21:47:16.848000-05:00,41.6979175,-86.2329637,a0654bd3,AT&T,Concourse,LTE,
2025-11-08 21:47:17.072000-05:00,41.6980761,-86.2348982,7c36e7df,Verizon,Concourse,LTE,5500.0
2025-11-08 21:47:21.846000-05:00,41.6979224,-86.2329788,a0654bd3,AT&T,Concourse,LTE,
2025-11-08 21:47:22.070000-05:00,41.6980575,-86.2348996,7c36e7df,Verizon,Concourse,LTE,5500.0
2025-11-08 21:47:26.849000-05:00,41.6979246,-86.2329889,a0654bd3,AT&T,Concourse,LTE,
2025-11-08 21:47:27.075000-05:00,41.6980633,-86.2348781,7c36e7df,Verizon,Concourse,LTE,5500.0
2025-11-08 21:47:31.844000-05:00,41.6979153,-86.2329954,a0654bd3,AT&T,Concourse,NR-NSA,
2025-11-08 21:47:32.074000-05:00,41.6980674,-86.2348919,7c36e7df,Verizon,Concourse,LTE,5500.0
2025-11-08 21:47:36.845000-05:00,41.6979295,-86.2329909,a0654bd3,AT&T,Concourse,NR-NSA,
2025-11-08 21:47:37.076000-05:00,41.6980539,-86.2349162,7c36e7df,Verizon,Concourse,LTE,5500.0
2025-11-08 21:47:41.845000-05:00,41.6978916,-86.2329721,a0654bd3,AT&T,Concourse,NR-NSA,
2025-11-08 21:47:42.074000-05:00,41.6980384,-86.2349375,7c36e7df,Verizon,Concourse,LTE,5500.0
2025-11-08 21:47:46.847000-05:00,41.6978807,-86.2329755,a0654bd3,AT&T,Concourse,NR-NSA,
2025-11-08 21:47:47.088000-05:00,41.6979398,-86.2348713,7c36e7df,Verizon,Concourse,LTE,5500.0
2025-11-08 21:47:51.842000-05:00,41.6979164,-86.2329802,a0654bd3,AT&T,Concourse,NR-NSA,
2025-11-08 21:47:52.083000-05:00,41.6978909,-86.2348358,7c36e7df,Verizon,Concourse,LTE,5500.0
2025-11-08 21:47:56.847000-05:00,41.6979248,-86.2329765,a0654bd3,AT&T,Concourse,NR-NSA,
2025-11-08 21:47:57.083000-05:00,41.6978315,-86.2348654,7c36e7df,Verizon,Concourse,LTE,5500.0
2025-11-08 21:48:01.849000-05:00,41.6979126,-86.2329801,a0654bd3,AT&T,Concourse,NR-NSA,
2025-11-08 21:48:02.075000-05:00,41.6977727,-86.2348906,7c36e7df,Verizon,Concourse,LTE,5500.0
2025-11-08 21:48:06.848000-05:00,41.6979261,-86.2329657,a0654bd3,AT&T,Concourse,NR-NSA,
2025-11-08 21:48:07.087000-05:00,41.6977349,-86.2349083,7c36e7df,Verizon,Concourse,LTE,5500.0
2025-11-08 21:48:11.844000-05:00,41.697924,-86.2329913,a0654bd3,AT&T,Concourse,NR-NSA,
2025-11-08 21:48:12.074000-05:00,41.6976854,-86.2348921,7c36e7df,Verizon,Concourse,LTE,5500.0
2025-11-08 21:48:16.857000-05:00,41.6979339,-86.2329702,a0654bd3,AT&T,Concourse,NR-NSA,
2025-11-08 21:48:17.073000-05:00,41.6976396,-86.2348476,7c36e7df,Verizon,Concourse,LTE,5200.0
2025-11-08 21:48:21.855000-05:00,41.6979268,-86.2329429,a0654bd3,AT&T,Concourse,NR-NSA,
2025-11-08 21:48:22.072000-05:00,41.6976064,-86.2347936,7c36e7df,Verizon,Concourse,LTE,5200.0
2025-11-08 21:48:26.847000-05:00,41.6979269,-86.2329491,a0654bd3,AT&T,Concourse,NR-NSA,
2025-11-08 21:48:27.082000-05:00,41.6975418,-86.2346796,7c36e7df,Verizon,Concourse,LTE,5200.0
2025-11-08 21:48:31.847000-05:00,41.6979147,-86.2329643,a0654bd3,AT&T,Concourse,NR-NSA,
2025-11-08 21:48:32.079000-05:00,41.6974972,-86.2346371,7c36e7df,Verizon,Concourse,LTE,5200.0
2025-11-08 21:48:36.848000-05:00,41.6979151,-86.2329774,a0654bd3,AT&T,Concourse,NR-NSA,
2025-11-08 21:48:37.081000-05:00,41.6974342,-86.2346156,7c36e7df,Verizon,Concourse,LTE,5200.0
2025-11-08 21:48:41.852000-05:00,41.6979224,-86.2329833,a0654bd3,AT&T,Concourse,NR-NSA,
2025-11-08 21:48:42.077000-05:00,41.6974063,-86.2345636,7c36e7df,Verizon,Concourse,LTE,5200.0
2025-11-08 21:48:46.850000-05:00,41.6979544,-86.2329863,a0654bd3,AT&T,Concourse,NR-NSA,
2025-11-08 21:48:47.077000-05:00,41.6973813,-86.2345089,7c36e7df,Verizon,Concourse,LTE,5580.0
2025-11-08 21:48:51.848000-05:00,41.6979277,-86.2329937,a0654bd3,AT&T,Concourse,NR-NSA,
2025-11-08 21:48:52.082000-05:00,41.6973577,-86.2344324,7c36e7df,Verizon,Concourse,LTE,5580.0
2025-11-08 21:48:56.851000-05:00,41.6979414,-86.2329669,a0654bd3,AT&T,Concourse,NR-NSA,
2025-11-08 21:48:57.079000-05:00,41.6973722,-86.2343231,7c36e7df,Verizon,Concourse,LTE,5580.0
2025-11-08 21:49:01.856000-05:00,41.6979414,-86.2329755,a0654bd3,AT&T,Concourse,NR-NSA,
2025-11-08 21:49:02.103000-05:00,41.6973871,-86.2342188,7c36e7df,Verizon,Concourse,LTE,5580.0
2025-11-08 21:49:06.848000-05:00,41.6979034,-86.23294,a0654bd3,AT&T,Concourse,LTE,
2025-11-08 21:49:07.077000-05:00,41.697379,-86.2341319,7c36e7df,Verizon,Concourse,LTE,5580.0
2025-11-08 21:49:11.852000-05:00,41.6979438,-86.2329446,a0654bd3,AT&T,Concourse,LTE,
2025-11-08 21:49:12.082000-05:00,41.6973727,-86.2340672,7c36e7df,Verizon,Concourse,LTE,5580.0
2025-11-08 21:49:16.867000-05:00,41.6979438,-86.2329446,a0654bd3,AT&T,Concourse,LTE,6135.0
2025-11-08 21:49:17.081000-05:00,41.6973611,-86.2340686,7c36e7df,Verizon,Concourse,LTE,
2025-11-08 21:49:21.858000-05:00,41.6979328,-86.2329444,a0654bd3,AT&T,Concourse,LTE,6135.0
2025-11-08 21:49:22.077000-05:00,41.697359,-86.2340473,7c36e7df,Verizon,Concourse,LTE,
2025-11-08 21:49:26.860000-05:00,41.6979007,-86.2330116,a0654bd3,AT&T,Concourse,LTE,6135.0
2025-11-08 21:49:27.076000-05:00,41.697355,-86.2340288,7c36e7df,Verizon,Concourse,LTE,
2025-11-08 21:49:31.853000-05:00,41.6979007,-86.2330116,a0654bd3,AT&T,Concourse,LTE,6135.0
2025-11-08 21:49:32.390000-05:00,41.697355,-86.2340288,7c36e7df,Verizon,Concourse,LTE,
2025-11-08 21:49:36.850000-05:00,41.6979007,-86.2330116,a0654bd3,AT&T,Concourse,LTE,6135.0
2025-11-08 21:49:37.385000-05:00,41.6973519,-86.2340222,7c36e7df,Verizon,Concourse,LTE,
2025-11-08 21:49:41.858000-05:00,41.6979007,-86.2330116,a0654bd3,AT&T,Concourse,LTE,6135.0
2025-11-08 21:49:42.381000-05:00,41.6973092,-86.2339338,7c36e7df,Verizon,Concourse,LTE,
2025-11-08 21:49:46.855000-05:00,41.6979521,-86.2329424,a0654bd3,AT&T,Concourse,LTE,6135.0
2025-11-08 21:49:47.378000-05:00,41.6973092,-86.2339338,7c36e7df,Verizon,Concourse,LTE,
2025-11-08 21:49:51.858000-05:00,41.6979527,-86.2329298,a0654bd3,AT&T,Concourse,LTE,6135.0
2025-11-08 21:49:52.387000-05:00,41.6973424,-86.2339275,7c36e7df,Verizon,Concourse,LTE,
2025-11-08 21:49:56.863000-05:00,41.6978779,-86.232883,a0654bd3,AT&T,Concourse,LTE,6135.0
2025-11-08 21:49:57.388000-05:00,41.6973424,-86.2339275,7c36e7df,Verizon,Concourse,LTE,
2025-11-08 21:50:01.854000-05:00,41.6978605,-86.2328915,a0654bd3,AT&T,Concourse,LTE,6135.0
2025-11-08 21:50:02.381000-05:00,41.6972912,-86.2339341,7c36e7df,Verizon,Concourse,LTE,
2025-11-08 21:50:06.865000-05:00,41.6978407,-86.2329708,a0654bd3,AT&T,Concourse,LTE,6135.0
2025-11-08 21:50:07.379000-05:00,41.6973176,-86.233932,7c36e7df,Verizon,Concourse,LTE,
2025-11-08 21:50:11.862000-05:00,41.6978682,-86.2329816,a0654bd3,AT&T,Concourse,LTE,6135.0
2025-11-08 21:50:12.377000-05:00,41.6973064,-86.2339372,7c36e7df,Verizon,Concourse,LTE,
2025-11-08 21:50:16.862000-05:00,41.69789,-86.2329462,a0654bd3,AT&T,Concourse,LTE,6135.0
2025-11-08 21:50:17.383000-05:00,41.6973672,-86.2339585,7c36e7df,Verizon,Concourse,LTE,
2025-11-08 21:50:21.854000-05:00,41.697891,-86.2329254,a0654bd3,AT&T,Concourse,LTE,6135.0
2025-11-08 21:50:22.384000-05:00,41.6973591,-86.2339715,7c36e7df,Verizon,Concourse,LTE,
2025-11-08 21:50:26.859000-05:00,41.6978901,-86.2329147,a0654bd3,AT&T,Concourse,LTE,6135.0
2025-11-08 21:50:27.380000-05:00,41.6973378,-86.2339762,7c36e7df,Verizon,Concourse,LTE,
2025-11-08 21:50:31.859000-05:00,41.6979588,-86.2329756,a0654bd3,AT&T,Concourse,LTE,6135.0
2025-11-08 21:50:32.376000-05:00,41.6973468,-86.2339258,7c36e7df,Verizon,Concourse,LTE,
2025-11-08 21:50:36.857000-05:00,41.6979535,-86.2329741,a0654bd3,AT&T,Concourse,LTE,6135.0
2025-11-08 21:50:37.379000-05:00,41.6972993,-86.2339423,7c36e7df,Verizon,Concourse,LTE,
2025-11-08 21:50:41.860000-05:00,41.6979238,-86.2329498,a0654bd3,AT&T,Concourse,LTE,6135.0
2025-11-08 21:50:42.377000-05:00,41.6973148,-86.2339462,7c36e7df,Verizon,Concourse,LTE,
2025-11-08 21:50:46.863000-05:00,41.6979228,-86.2329593,a0654bd3,AT&T,Concourse,LTE,6135.0
2025-11-08 21:50:47.381000-05:00,41.6973152,-86.2339766,7c36e7df,Verizon,Concourse,LTE,
2025-11-08 21:50:51.859000-05:00,41.6979498,-86.2329571,a0654bd3,AT&T,Concourse,LTE,6135.0
2025-11-08 21:50:52.380000-05:00,41.6973152,-86.2339766,7c36e7df,Verizon,Concourse,LTE,
2025-11-08 21:50:56.918000-05:00,41.6979203,-86.2329777,a0654bd3,AT&T,Concourse,LTE,6135.0
2025-11-08 21:50:57.378000-05:00,41.6973257,-86.2339633,7c36e7df,Verizon,Concourse,LTE,
2025-11-08 21:51:01.854000-05:00,41.6979106,-86.2329887,a0654bd3,AT&T,Concourse,LTE,6135.0
2025-11-08 21:51:02.379000-05:00,41.697334,-86.2339292,7c36e7df,Verizon,Concourse,LTE,
2025-11-08 21:51:06.861000-05:00,41.6979471,-86.2330097,a0654bd3,AT&T,Concourse,LTE,6135.0
2025-11-08 21:51:07.380000-05:00,41.6973402,-86.2339382,7c36e7df,Verizon,Concourse,LTE,
2025-11-08 21:51:11.860000-05:00,41.6979547,-86.2330001,a0654bd3,AT&T,Concourse,LTE,6135.0
2025-11-08 21:51:12.381000-05:00,41.6973853,-86.2339534,7c36e7df,Verizon,Concourse,LTE,
2025-11-08 21:51:16.864000-05:00,41.6979381,-86.2329565,a0654bd3,AT&T,Concourse,LTE,6135.0
2025-11-08 21:51:17.380000-05:00,41.6973281,-86.2339644,7c36e7df,Verizon,Concourse,LTE,
2025-11-08 21:51:21.861000-05:00,41.6979254,-86.2329346,a0654bd3,AT&T,Concourse,LTE,6135.0
2025-11-08 21:51:22.379000-05:00,41.6973226,-86.23394,7c36e7df,Verizon,Concourse,LTE,
2025-11-08 21:51:26.866000-05:00,41.6979392,-86.2329369,a0654bd3,AT&T,Concourse,LTE,6135.0
2025-11-08 21:51:27.377000-05:00,41.6973252,-86.2339414,7c36e7df,Verizon,Concourse,LTE,
2025-11-08 21:51:31.860000-05:00,41.697966,-86.2329942,a0654bd3,AT&T,Concourse,LTE,6135.0
2025-11-08 21:51:32.381000-05:00,41.6973498,-86.2339652,7c36e7df,Verizon,Concourse,LTE,
2025-11-08 21:51:37.386000-05:00,41.6973311,-86.2339507,7c36e7df,Verizon,Concourse,LTE,
2025-11-08 21:51:42.381000-05:00,41.6973269,-86.2339478,7c36e7df,Verizon,Concourse,LTE,
2025-11-08 21:51:47.380000-05:00,41.6973269,-86.2339478,7c36e7df,Verizon,Concourse,LTE,
2025-11-08 21:51:52.388000-05:00,41.6973349,-86.2339665,7c36e7df,Verizon,Concourse,LTE,
2025-11-08 21:51:57.385000-05:00,41.6973302,-86.2339983,7c36e7df,Verizon,Concourse,LTE,
2025-11-08 21:52:02.381000-05:00,41.6973374,-86.2339924,7c36e7df,Verizon,Concourse,LTE,
2025-11-08 21:52:07.379000-05:00,41.697373,-86.2339919,7c36e7df,Verizon,Concourse,LTE,
2025-11-08 21:52:12.385000-05:00,41.6973823,-86.2339966,7c36e7df,Verizon,Concourse,LTE,
2025-11-08 21:52:17.384000-05:00,41.6973612,-86.2340019,7c36e7df,Verizon,Concourse,LTE,
2025-11-08 21:52:22.385000-05:00,41.6973325,-86.2339954,7c36e7df,Verizon,Concourse,LTE,
2025-11-08 21:52:27.389000-05:00,41.6973258,-86.2339803,7c36e7df,Verizon,Concourse,LTE,
2025-11-08 21:52:32.388000-05:00,41.6973342,-86.2339891,7c36e7df,Verizon,Concourse,LTE,
2025-11-08 21:52:37.386000-05:00,41.6973691,-86.23398,7c36e7df,Verizon,Concourse,LTE,
2025-11-08 21:52:42.389000-05:00,41.6973235,-86.2339709,7c36e7df,Verizon,Concourse,LTE,
2025-11-08 21:52:47.403000-05:00,41.6973162,-86.2339726,7c36e7df,Verizon,Concourse,LTE,
2025-11-08 21:52:52.644000-05:00,41.6973489,-86.2340018,7c36e7df,Verizon,Concourse,LTE,6215.0
2025-11-08 21:52:57.403000-05:00,41.6973589,-86.234028,7c36e7df,Verizon,Concourse,LTE,6215.0
2025-11-08 21:53:02.394000-05:00,41.6973589,-86.234028,7c36e7df,Verizon,Concourse,LTE,6215.0
2025-11-08 21:53:07.396000-05:00,41.6973589,-86.234028,7c36e7df,Verizon,Concourse,LTE,6215.0
2025-11-08 21:53:12.391000-05:00,41.6972761,-86.2342011,7c36e7df,Verizon,Concourse,LTE,6215.0
2025-11-08 21:53:17.387000-05:00,41.6973559,-86.2340692,7c36e7df,Verizon,Concourse,LTE,6215.0
2025-11-08 21:53:22.397000-05:00,41.6973686,-86.2340645,7c36e7df,Verizon,Concourse,LTE,6215.0
2025-11-08 21:53:27.394000-05:00,41.6973779,-86.2340609,7c36e7df,Verizon,Concourse,LTE,6215.0
2025-11-08 21:53:32.409000-05:00,41.6973779,-86.2340609,7c36e7df,Verizon,Concourse,LTE,6215.0
2025-11-08 21:53:37.398000-05:00,41.6973779,-86.2340609,7c36e7df,Verizon,Concourse,LTE,6215.0
2025-11-08 21:53:42.389000-05:00,41.6973731,-86.2340451,7c36e7df,Verizon,Concourse,LTE,6215.0
2025-11-08 21:53:47.393000-05:00,41.6973721,-86.2340572,7c36e7df,Verizon,Concourse,LTE,6215.0
2025-11-08 21:53:52.445000-05:00,41.6973721,-86.2340572,7c36e7df,Verizon,Concourse,LTE,6215.0
2025-11-08 21:53:57.390000-05:00,41.6973721,-86.2340572,7c36e7df,Verizon,Concourse,LTE,6215.0
2025-11-08 21:54:02.395000-05:00,41.697389,-86.2340436,7c36e7df,Verizon,Concourse,LTE,6215.0
2025-11-08 21:54:07.397000-05:00,41.6973863,-86.2340475,7c36e7df,Verizon,Concourse,LTE,6215.0
2025-11-08 21:54:12.393000-05:00,41.6973161,-86.2341359,7c36e7df,Verizon,Concourse,LTE,6215.0
2025-11-08 21:54:15.492000-05:00,41.6975103,-86.2343574,a0654bd3,AT&T,Concourse,LTE,6695.0
2025-11-08 21:54:17.397000-05:00,41.6973654,-86.2340408,7c36e7df,Verizon,Concourse,LTE,6215.0
2025-11-08 21:54:22.399000-05:00,41.6973702,-86.2340548,7c36e7df,Verizon,Concourse,LTE,6215.0
2025-11-08 21:54:27.396000-05:00,41.6973702,-86.2340548,7c36e7df,Verizon,Concourse,LTE,6215.0
2025-11-08 21:54:32.397000-05:00,41.6973778,-86.2340176,7c36e7df,Verizon,Concourse,LTE,6215.0
2025-11-08 21:54:37.392000-05:00,41.697382,-86.2340193,7c36e7df,Verizon,Concourse,LTE,6215.0
2025-11-08 21:54:42.393000-05:00,41.6973635,-86.2340764,7c36e7df,Verizon,Concourse,LTE,6215.0
2025-11-08 21:54:47.393000-05:00,41.6973635,-86.2340764,7c36e7df,Verizon,Concourse,LTE,6215.0
2025-11-08 21:54:47.974000-05:00,41.6975103,-86.2343574,a0654bd3,AT&T,Concourse,LTE,
2025-11-08 21:54:52.398000-05:00,41.6973634,-86.2340449,7c36e7df,Verizon,Concourse,LTE,6215.0
2025-11-08 21:54:52.986000-05:00,41.6974907,-86.2342863,a0654bd3,AT&T,Concourse,LTE,
2025-11-08 21:54:57.396000-05:00,41.697372,-86.2340427,7c36e7df,Verizon,Concourse,LTE,6215.0
2025-11-08 21:54:57.990000-05:00,41.6975741,-86.2343511,a0654bd3,AT&T,Concourse,LTE,
2025-11-08 21:55:02.400000-05:00,41.6973873,-86.2340165,7c36e7df,Verizon,Concourse,LTE,6215.0
2025-11-08 21:55:02.983000-05:00,41.6975521,-86.2342747,a0654bd3,AT&T,Concourse,LTE,
2025-11-08 21:55:07.395000-05:00,41.6973765,-86.234034,7c36e7df,Verizon,Concourse,LTE,6215.0
2025-11-08 21:55:07.983000-05:00,41.6975658,-86.2344795,a0654bd3,AT&T,Concourse,LTE,
2025-11-08 21:55:12.403000-05:00,41.6973512,-86.2339878,7c36e7df,Verizon,Concourse,LTE,6215.0
2025-11-08 21:55:13.070000-05:00,41.6978633,-86.2348644,a0654bd3,AT&T,Concourse,LTE,
2025-11-08 21:55:17.404000-05:00,41.6973498,-86.2339263,7c36e7df,Verizon,Concourse,LTE,6215.0
2025-11-08 21:55:17.978000-05:00,41.6980096,-86.2350166,a0654bd3,AT&T,Concourse,LTE,
2025-11-08 21:55:22.397000-05:00,41.6973724,-86.2339467,7c36e7df,Verizon,Concourse,LTE,6215.0
2025-11-08 21:55:22.983000-05:00,41.6980221,-86.2350282,a0654bd3,AT&T,Concourse,LTE,
2025-11-08 21:55:27.405000-05:00,41.6973684,-86.2338588,7c36e7df,Verizon,Concourse,LTE,6215.0
2025-11-08 21:55:27.983000-05:00,41.6979787,-86.2350218,a0654bd3,AT&T,Concourse,LTE,
2025-11-08 21:55:32.408000-05:00,41.6973664,-86.2337831,7c36e7df,Verizon,Concourse,LTE,6215.0
2025-11-08 21:55:32.997000-05:00,41.6979614,-86.2350189,a0654bd3,AT&T,Concourse,LTE,
2025-11-08 21:55:37.406000-05:00,41.6973772,-86.2337061,7c36e7df,Verizon,Concourse,LTE,6215.0
2025-11-08 21:55:37.981000-05:00,41.6980425,-86.2349612,a0654bd3,AT&T,Concourse,LTE,
2025-11-08 21:55:42.411000-05:00,41.6973889,-86.2336242,7c36e7df,Verizon,Concourse,LTE,6135.0
2025-11-08 21:55:42.982000-05:00,41.6981799,-86.2348734,a0654bd3,AT&T,Concourse,LTE,
2025-11-08 21:55:47.412000-05:00,41.6974064,-86.2335448,7c36e7df,Verizon,Concourse,LTE,6135.0
2025-11-08 21:55:47.981000-05:00,41.6981289,-86.2349386,a0654bd3,AT&T,Concourse,NR-NSA,
2025-11-08 21:55:52.413000-05:00,41.6974407,-86.2334581,7c36e7df,Verizon,Concourse,LTE,6135.0
2025-11-08 21:55:52.988000-05:00,41.6981536,-86.2349526,a0654bd3,AT&T,Concourse,NR-NSA,
2025-11-08 21:55:57.403000-05:00,41.6974579,-86.2333735,7c36e7df,Verizon,Concourse,LTE,6135.0
2025-11-08 21:55:57.985000-05:00,41.6981611,-86.2349603,a0654bd3,AT&T,Concourse,NR-NSA,
2025-11-08 21:56:02.410000-05:00,41.6974771,-86.2333005,7c36e7df,Verizon,Concourse,LTE,6135.0
2025-11-08 21:56:02.983000-05:00,41.6981456,-86.234968,a0654bd3,AT&T,Concourse,NR-NSA,
2025-11-08 21:56:07.411000-05:00,41.6974856,-86.233234,7c36e7df,Verizon,Concourse,LTE,6135.0
2025-11-08 21:56:07.992000-05:00,41.6981438,-86.2349761,a0654bd3,AT&T,Concourse,NR-NSA,
2025-11-08 21:56:12.406000-05:00,41.6974907,-86.2331728,7c36e7df,Verizon,Concourse,LTE,6135.0
2025-11-08 21:56:12.981000-05:00,41.698143,-86.2349788,a0654bd3,AT&T,Concourse,LTE,
2025-11-08 21:56:17.409000-05:00,41.697509,-86.2331144,7c36e7df,Verizon,Concourse,LTE,6135.0
2025-11-08 21:56:17.979000-05:00,41.6981451,-86.234965,a0654bd3,AT&T,Concourse,NR-NSA,
2025-11-08 21:56:22.406000-05:00,41.6975207,-86.2330319,7c36e7df,Verizon,Concourse,LTE,6135.0
2025-11-08 21:56:22.986000-05:00,41.6981342,-86.2349737,a0654bd3,AT&T,Concourse,NR-NSA,
2025-11-08 21:56:27.404000-05:00,41.6975618,-86.2329788,7c36e7df,Verizon,Concourse,LTE,6055.0
2025-11-08 21:56:27.978000-05:00,41.6981132,-86.2349928,a0654bd3,AT&T,Concourse,NR-NSA,
2025-11-08 21:56:32.409000-05:00,41.6976054,-86.2329388,7c36e7df,Verizon,Concourse,LTE,6055.0
2025-11-08 21:56:32.982000-05:00,41.6980949,-86.2350101,a0654bd3,AT&T,Concourse,NR-NSA,
2025-11-08 21:56:37.449000-05:00,41.6976515,-86.2329265,7c36e7df,Verizon,Concourse,LTE,6055.0
2025-11-08 21:56:37.986000-05:00,41.698109,-86.2349958,a0654bd3,AT&T,Concourse,NR-NSA,
2025-11-08 21:56:42.410000-05:00,41.6976989,-86.2328887,7c36e7df,Verizon,Concourse,LTE,6055.0
2025-11-08 21:56:42.991000-05:00,41.6981192,-86.2349854,a0654bd3,AT&T,Concourse,NR-NSA,
2025-11-08 21:56:47.412000-05:00,41.6977396,-86.2328557,7c36e7df,Verizon,Concourse,LTE,6055.0
2025-11-08 21:56:47.984000-05:00,41.698121,-86.2349837,a0654bd3,AT&T,Concourse,NR-NSA,
2025-11-08 21:56:52.412000-05:00,41.6978038,-86.2328435,7c36e7df,Verizon,Concourse,LTE,6055.0
2025-11-08 21:56:52.987000-05:00,41.6981235,-86.2350195,a0654bd3,AT&T,Concourse,NR-NSA,
2025-11-08 21:56:57.411000-05:00,41.6978459,-86.2329022,7c36e7df,Verizon,Concourse,LTE,6055.0
2025-11-08 21:56:57.984000-05:00,41.6981258,-86.2350386,a0654bd3,AT&T,Concourse,NR-NSA,
2025-11-08 21:57:02.416000-05:00,41.6978897,-86.2329078,7c36e7df,Verizon,Concourse,LTE,6055.0
2025-11-08 21:57:02.980000-05:00,41.698124,-86.2350491,a0654bd3,AT&T,Concourse,NR-NSA,
2025-11-08 21:57:07.416000-05:00,41.6979447,-86.23293,7c36e7df,Verizon,Concourse,LTE,6055.0
2025-11-08 21:57:07.984000-05:00,41.6981233,-86.2350516,a0654bd3,AT&T,Concourse,NR-NSA,
2025-11-08 21:57:12.408000-05:00,41.6979946,-86.2329532,7c36e7df,Verizon,Concourse,LTE,6055.0
2025-11-08 21:57:12.981000-05:00,41.6981234,-86.2350525,a0654bd3,AT&T,Concourse,LTE,
2025-11-08 21:57:17.408000-05:00,41.6980188,-86.2329373,7c36e7df,Verizon,Concourse,LTE,6055.0
2025-11-08 21:57:18.271000-05:00,41.6981225,-86.2350515,a0654bd3,AT&T,Concourse,LTE,6375.0
2025-11-08 21:57:22.408000-05:00,41.6980136,-86.2329664,7c36e7df,Verizon,Concourse,LTE,
2025-11-08 21:57:22.993000-05:00,41.6981218,-86.2350508,a0654bd3,AT&T,Concourse,LTE,6375.0
2025-11-08 21:57:27.414000-05:00,41.6980136,-86.2329664,7c36e7df,Verizon,Concourse,LTE,
2025-11-08 21:57:27.991000-05:00,41.6981261,-86.2350502,a0654bd3,AT&T,Concourse,LTE,6375.0
2025-11-08 21:57:32.410000-05:00,41.6980159,-86.2329595,7c36e7df,Verizon,Concourse,LTE,
2025-11-08 21:57:32.982000-05:00,41.6981252,-86.2350514,a0654bd3,AT&T,Concourse,LTE,6375.0
2025-11-08 21:57:37.403000-05:00,41.698021,-86.2329618,7c36e7df,Verizon,Concourse,LTE,
2025-11-08 21:57:37.992000-05:00,41.6981016,-86.2350533,a0654bd3,AT&T,Concourse,LTE,6375.0
2025-11-08 21:57:42.407000-05:00,41.6980315,-86.232983,7c36e7df,Verizon,Concourse,LTE,
2025-11-08 21:57:42.990000-05:00,41.6980946,-86.2350223,a0654bd3,AT&T,Concourse,LTE,6375.0
2025-11-08 21:57:47.411000-05:00,41.6979961,-86.2329611,7c36e7df,Verizon,Concourse,LTE,
2025-11-08 21:57:47.990000-05:00,41.6980958,-86.2350175,a0654bd3,AT&T,Concourse,LTE,6375.0
2025-11-08 21:57:52.414000-05:00,41.6979943,-86.2329753,7c36e7df,Verizon,Concourse,LTE,
2025-11-08 21:57:52.987000-05:00,41.6981105,-86.2350162,a0654bd3,AT&T,Concourse,LTE,6375.0
2025-11-08 21:57:57.408000-05:00,41.698019,-86.2329865,7c36e7df,Verizon,Concourse,LTE,
2025-11-08 21:57:58.008000-05:00,41.6978536,-86.2348884,a0654bd3,AT&T,Concourse,LTE,6375.0
2025-11-08 21:58:02.412000-05:00,41.6979534,-86.2330101,7c36e7df,Verizon,Concourse,LTE,
2025-11-08 21:58:02.993000-05:00,41.6978598,-86.2348142,a0654bd3,AT&T,Concourse,LTE,6375.0
2025-11-08 21:58:07.408000-05:00,41.6980109,-86.2330035,7c36e7df,Verizon,Concourse,LTE,
2025-11-08 21:58:07.989000-05:00,41.6978957,-86.2348248,a0654bd3,AT&T,Concourse,LTE,6375.0
2025-11-08 21:58:12.410000-05:00,41.6979648,-86.2330175,7c36e7df,Verizon,Concourse,LTE,
2025-11-08 21:58:12.990000-05:00,41.697867,-86.2347978,a0654bd3,AT&T,Concourse,LTE,6375.0
2025-11-08 21:58:17.413000-05:00,41.6979668,-86.2329981,7c36e7df,Verizon,Concourse,LTE,
2025-11-08 21:58:17.989000-05:00,41.6978406,-86.2348309,a0654bd3,AT&T,Concourse,LTE,6375.0
2025-11-08 21:58:22.410000-05:00,41.6979692,-86.232984,7c36e7df,Verizon,Concourse,LTE,
2025-11-08 21:58:22.991000-05:00,41.6978638,-86.2348234,a0654bd3,AT&T,Concourse,LTE,6375.0
2025-11-08 21:58:27.412000-05:00,41.6979667,-86.2330027,7c36e7df,Verizon,Concourse,LTE,
2025-11-08 21:58:27.993000-05:00,41.6978729,-86.234792,a0654bd3,AT&T,Concourse,LTE,6375.0
2025-11-08 21:58:32.405000-05:00,41.6979933,-86.2330056,7c36e7df,Verizon,Concourse,LTE,
2025-11-08 21:58:32.991000-05:00,41.697879,-86.2347957,a0654bd3,AT&T,Concourse,LTE,6375.0
2025-11-08 21:58:37.412000-05:00,41.697893,-86.2329673,7c36e7df,Verizon,Concourse,LTE,
2025-11-08 21:58:37.998000-05:00,41.6978789,-86.2348354,a0654bd3,AT&T,Concourse,LTE,6375.0
2025-11-08 21:58:42.409000-05:00,41.6979507,-86.2329931,7c36e7df,Verizon,Concourse,LTE,
2025-11-08 21:58:42.992000-05:00,41.6978622,-86.2348456,a0654bd3,AT&T,Concourse,LTE,6375.0
2025-11-08 21:58:47.412000-05:00,41.6979507,-86.2329931,7c36e7df,Verizon,Concourse,LTE,
2025-11-08 21:58:47.988000-05:00,41.6978758,-86.2348517,a0654bd3,AT&T,Concourse,LTE,6375.0
2025-11-08 21:58:52.409000-05:00,41.6979395,-86.2329929,7c36e7df,Verizon,Concourse,LTE,
2025-11-08 21:58:52.997000-05:00,41.6978761,-86.234824,a0654bd3,AT&T,Concourse,LTE,6375.0
2025-11-08 21:58:57.411000-05:00,41.6979979,-86.233004,7c36e7df,Verizon,Concourse,LTE,
2025-11-08 21:58:57.989000-05:00,41.6978661,-86.2348253,a0654bd3,AT&T,Concourse,LTE,6375.0
2025-11-08 21:59:02.410000-05:00,41.697956,-86.2329978,7c36e7df,Verizon,Concourse,LTE,
2025-11-08 21:59:02.995000-05:00,41.6978432,-86.2348707,a0654bd3,AT&T,Concourse,LTE,6375.0
2025-11-08 21:59:07.416000-05:00,41.6979536,-86.2329923,7c36e7df,Verizon,Concourse,LTE,
2025-11-08 21:59:07.992000-05:00,41.6978638,-86.2348463,a0654bd3,AT&T,Concourse,LTE,6375.0
2025-11-08 21:59:12.407000-05:00,41.6979248,-86.2330335,7c36e7df,Verizon,Concourse,LTE,
2025-11-08 21:59:13.002000-05:00,41.6978716,-86.2348238,a0654bd3,AT&T,Concourse,LTE,6375.0
2025-11-08 21:59:17.413000-05:00,41.6979709,-86.2329886,7c36e7df,Verizon,Concourse,LTE,
2025-11-08 21:59:17.999000-05:00,41.6978834,-86.2348556,a0654bd3,AT&T,Concourse,LTE,6375.0
2025-11-08 21:59:22.409000-05:00,41.6978328,-86.2330058,7c36e7df,Verizon,Concourse,LTE,
2025-11-08 21:59:22.995000-05:00,41.6978914,-86.2349,a0654bd3,AT&T,Concourse,LTE,6375.0
2025-11-08 21:59:27.410000-05:00,41.6979453,-86.2329883,7c36e7df,Verizon,Concourse,LTE,
2025-11-08 21:59:27.994000-05:00,41.6978759,-86.2348819,a0654bd3,AT&T,Concourse,LTE,6375.0
2025-11-08 21:59:32.412000-05:00,41.6980059,-86.2329984,7c36e7df,Verizon,Concourse,LTE,
2025-11-08 21:59:32.999000-05:00,41.6979004,-86.2348975,a0654bd3,AT&T,Concourse,LTE,6375.0
2025-11-08 21:59:37.408000-05:00,41.6979683,-86.2329857,7c36e7df,Verizon,Concourse,LTE,
2025-11-08 21:59:38.004000-05:00,41.6978813,-86.234934,a0654bd3,AT&T,Concourse,LTE,6375.0
2025-11-08 21:59:42.414000-05:00,41.697963,-86.2329827,7c36e7df,Verizon,Concourse,LTE,
2025-11-08 21:59:42.999000-05:00,41.6978215,-86.2349679,a0654bd3,AT&T,Concourse,LTE,6375.0
2025-11-08 21:59:47.416000-05:00,41.6979846,-86.2329693,7c36e7df,Verizon,Concourse,LTE,
2025-11-08 21:59:48.007000-05:00,41.6978253,-86.2349457,a0654bd3,AT&T,Concourse,LTE,6375.0
2025-11-08 21:59:52.414000-05:00,41.6979862,-86.2329624,7c36e7df,Verizon,Concourse,LTE,
2025-11-08 21:59:53.010000-05:00,41.6978491,-86.2349165,a0654bd3,AT&T,Concourse,LTE,6375.0
2025-11-08 21:59:57.418000-05:00,41.6979862,-86.2329624,7c36e7df,Verizon,Concourse,LTE,
2025-11-08 21:59:58.017000-05:00,41.6978491,-86.2349165,a0654bd3,AT&T,Concourse,LTE,6375.0
2025-11-08 22:00:02.415000-05:00,41.6979852,-86.2329638,7c36e7df,Verizon,Concourse,LTE,
2025-11-08 22:00:03.010000-05:00,41.6977963,-86.2349651,a0654bd3,AT&T,Concourse,LTE,6375.0
2025-11-08 22:00:07.422000-05:00,41.6979852,-86.2329638,7c36e7df,Verizon,Concourse,LTE,
2025-11-08 22:00:08.022000-05:00,41.6978134,-86.23495,a0654bd3,AT&T,Concourse,LTE,6375.0
2025-11-08 22:00:12.430000-05:00,41.6980145,-86.2329318,7c36e7df,Verizon,Concourse,LTE,
2025-11-08 22:00:17.429000-05:00,41.6980646,-86.2329679,7c36e7df,Verizon,Concourse,LTE,
2025-11-08 22:00:22.431000-05:00,41.6980627,-86.2329624,7c36e7df,Verizon,Concourse,LTE,
2025-11-08 22:00:27.419000-05:00,41.6980541,-86.2329519,7c36e7df,Verizon,Concourse,LTE,
2025-11-08 22:00:32.421000-05:00,41.6980777,-86.2329737,7c36e7df,Verizon,Concourse,LTE,6135.0
2025-11-08 22:00:37.423000-05:00,41.6980015,-86.2329135,7c36e7df,Verizon,Concourse,LTE,6135.0
2025-11-08 22:00:42.418000-05:00,41.6980015,-86.2329135,7c36e7df,Verizon,Concourse,LTE,6135.0
2025-11-08 22:00:47.424000-05:00,41.6980015,-86.2329135,7c36e7df,Verizon,Concourse,LTE,6135.0
2025-11-08 22:00:52.421000-05:00,41.6980266,-86.2329281,7c36e7df,Verizon,Concourse,LTE,6135.0
2025-11-08 22:00:57.427000-05:00,41.6980266,-86.2329281,7c36e7df,Verizon,Concourse,LTE,6135.0
2025-11-08 22:01:02.429000-05:00,41.6979332,-86.2329218,7c36e7df,Verizon,Concourse,LTE,6135.0
2025-11-08 22:01:07.425000-05:00,41.6979315,-86.2328526,7c36e7df,Verizon,Concourse,LTE,6135.0
2025-11-08 22:01:12.426000-05:00,41.6980043,-86.2328627,7c36e7df,Verizon,Concourse,LTE,6135.0
2025-11-08 22:01:17.421000-05:00,41.698014,-86.2329092,7c36e7df,Verizon,Concourse,LTE,6135.0
2025-11-08 22:01:22.420000-05:00,41.698014,-86.2329092,7c36e7df,Verizon,Concourse,LTE,6135.0
2025-11-08 22:01:27.420000-05:00,41.6980496,-86.232951,7c36e7df,Verizon,Concourse,LTE,6135.0
2025-11-08 22:01:32.424000-05:00,41.6980378,-86.2329495,7c36e7df,Verizon,Concourse,LTE,6135.0
2025-11-08 22:01:35.768000-05:00,41.6988898,-86.2348906,a0654bd3,AT&T,Concourse,LTE,5785.0
2025-11-08 22:01:37.432000-05:00,41.6980378,-86.2329495,7c36e7df,Verizon,Concourse,LTE,6135.0
2025-11-08 22:01:42.453000-05:00,41.6980376,-86.2329485,7c36e7df,Verizon,Concourse,LTE,6135.0
2025-11-08 22:01:47.419000-05:00,41.6980011,-86.2329635,7c36e7df,Verizon,Concourse,LTE,6135.0
2025-11-08 22:01:52.422000-05:00,41.6980011,-86.2329635,7c36e7df,Verizon,Concourse,LTE,6135.0
2025-11-08 22:01:57.430000-05:00,41.6979766,-86.2329744,7c36e7df,Verizon,Concourse,LTE,6135.0
2025-11-08 22:02:02.430000-05:00,41.6979804,-86.2329615,7c36e7df,Verizon,Concourse,LTE,6135.0
2025-11-08 22:02:07.428000-05:00,41.6979804,-86.2329615,7c36e7df,Verizon,Concourse,LTE,6135.0
2025-11-08 22:02:08.266000-05:00,41.6988898,-86.2348906,a0654bd3,AT&T,Concourse,LTE,
2025-11-08 22:02:12.470000-05:00,41.6979932,-86.2329564,7c36e7df,Verizon,Concourse,LTE,6135.0
2025-11-08 22:02:13.260000-05:00,41.6988772,-86.234894,a0654bd3,AT&T,Concourse,LTE,
2025-11-08 22:02:17.426000-05:00,41.6979923,-86.2329322,7c36e7df,Verizon,Concourse,LTE,6135.0
2025-11-08 22:02:18.265000-05:00,41.6988772,-86.234894,a0654bd3,AT&T,Concourse,LTE,
2025-11-08 22:02:22.437000-05:00,41.697951,-86.2329381,7c36e7df,Verizon,Concourse,LTE,6135.0
2025-11-08 22:02:23.269000-05:00,41.6988651,-86.2348945,a0654bd3,AT&T,Concourse,LTE,
2025-11-08 22:02:27.423000-05:00,41.6979992,-86.232938,7c36e7df,Verizon,Concourse,LTE,6135.0
2025-11-08 22:02:28.263000-05:00,41.698866,-86.2348839,a0654bd3,AT&T,Concourse,LTE,
2025-11-08 22:02:32.426000-05:00,41.6980033,-86.2329454,7c36e7df,Verizon,Concourse,LTE,6135.0
2025-11-08 22:02:33.262000-05:00,41.6988791,-86.2348742,a0654bd3,AT&T,Concourse,LTE,
2025-11-08 22:02:37.439000-05:00,41.6980033,-86.2329454,7c36e7df,Verizon,Concourse,LTE,6135.0
2025-11-08 22:02:38.266000-05:00,41.6988761,-86.2348759,a0654bd3,AT&T,Concourse,LTE,
2025-11-08 22:02:42.429000-05:00,41.698011,-86.2329351,7c36e7df,Verizon,Concourse,LTE,6135.0
2025-11-08 22:02:43.261000-05:00,41.698888,-86.2348997,a0654bd3,AT&T,Concourse,LTE,
2025-11-08 22:02:47.427000-05:00,41.6980235,-86.232957,7c36e7df,Verizon,Concourse,LTE,6135.0
2025-11-08 22:02:48.266000-05:00,41.6988776,-86.2348856,a0654bd3,AT&T,Concourse,LTE,
2025-11-08 22:02:52.434000-05:00,41.6980052,-86.2329433,7c36e7df,Verizon,Concourse,LTE,6135.0
2025-11-08 22:02:53.264000-05:00,41.6988686,-86.2348812,a0654bd3,AT&T,Concourse,NR-NSA,
2025-11-08 22:02:57.431000-05:00,41.698014,-86.2329201,7c36e7df,Verizon,Concourse,LTE,6135.0
2025-11-08 22:02:58.260000-05:00,41.6988686,-86.2348782,a0654bd3,AT&T,Concourse,NR-NSA,
2025-11-08 22:03:02.555000-05:00,41.6980366,-86.2328846,7c36e7df,Verizon,Concourse,LTE,6135.0
2025-11-08 22:03:03.261000-05:00,41.6988891,-86.2348759,a0654bd3,AT&T,Concourse,NR-NSA,
2025-11-08 22:03:07.429000-05:00,41.6981084,-86.2328831,7c36e7df,Verizon,Concourse,LTE,6135.0
2025-11-08 22:03:08.277000-05:00,41.6988735,-86.2348834,a0654bd3,AT&T,Concourse,NR-NSA,
2025-11-08 22:03:12.430000-05:00,41.6981585,-86.2328958,7c36e7df,Verizon,Concourse,LTE,6135.0
2025-11-08 22:03:13.258000-05:00,41.6988807,-86.2348968,a0654bd3,AT&T,Concourse,NR-NSA,
2025-11-08 22:03:17.435000-05:00,41.6982191,-86.2329427,7c36e7df,Verizon,Concourse,LTE,6135.0
2025-11-08 22:03:18.266000-05:00,41.6988643,-86.2348777,a0654bd3,AT&T,Concourse,NR-NSA,
2025-11-08 22:03:22.435000-05:00,41.6982555,-86.2329424,7c36e7df,Verizon,Concourse,LTE,6135.0
2025-11-08 22:03:23.261000-05:00,41.6988911,-86.2348782,a0654bd3,AT&T,Concourse,NR-NSA,
2025-11-08 22:03:27.440000-05:00,41.6982745,-86.2329406,7c36e7df,Verizon,Concourse,LTE,6135.0
2025-11-08 22:03:28.262000-05:00,41.6988729,-86.2348858,a0654bd3,AT&T,Concourse,NR-NSA,
2025-11-08 22:03:32.439000-05:00,41.6982789,-86.2329452,7c36e7df,Verizon,Concourse,LTE,6135.0
2025-11-08 22:03:33.264000-05:00,41.6988978,-86.2348858,a0654bd3,AT&T,Concourse,NR-NSA,
2025-11-08 22:03:37.439000-05:00,41.6983395,-86.2329427,7c36e7df,Verizon,Concourse,LTE,6135.0
2025-11-08 22:03:38.265000-05:00,41.6988978,-86.2348858,a0654bd3,AT&T,Concourse,NR-NSA,
2025-11-08 22:03:42.441000-05:00,41.6983916,-86.2329314,7c36e7df,Verizon,Concourse,LTE,6135.0
2025-11-08 22:03:43.261000-05:00,41.6988937,-86.2348865,a0654bd3,AT&T,Concourse,NR-NSA,
2025-11-08 22:03:47.437000-05:00,41.6984399,-86.2329348,7c36e7df,Verizon,Concourse,LTE,6135.0
2025-11-08 22:03:48.265000-05:00,41.6988973,-86.2348874,a0654bd3,AT&T,Concourse,NR-NSA,
2025-11-08 22:03:52.441000-05:00,41.6984717,-86.232931,7c36e7df,Verizon,Concourse,LTE,6135.0
2025-11-08 22:03:53.266000-05:00,41.6989014,-86.2348807,a0654bd3,AT&T,Concourse,NR-NSA,
2025-11-08 22:03:57.440000-05:00,41.6984964,-86.2329243,7c36e7df,Verizon,Concourse,LTE,5975.0
2025-11-08 22:03:58.266000-05:00,41.6989018,-86.2348756,a0654bd3,AT&T,Concourse,NR-NSA,
2025-11-08 22:04:02.436000-05:00,41.6985337,-86.2329205,7c36e7df,Verizon,Concourse,LTE,5975.0
2025-11-08 22:04:03.263000-05:00,41.6988977,-86.234887,a0654bd3,AT&T,Concourse,NR-NSA,
2025-11-08 22:04:07.437000-05:00,41.6985749,-86.2329111,7c36e7df,Verizon,Concourse,LTE,5975.0
2025-11-08 22:04:08.257000-05:00,41.6988893,-86.2348878,a0654bd3,AT&T,Concourse,NR-NSA,
2025-11-08 22:04:12.446000-05:00,41.6986205,-86.2329602,7c36e7df,Verizon,Concourse,LTE,5975.0
2025-11-08 22:04:13.261000-05:00,41.6988855,-86.2348835,a0654bd3,AT&T,Concourse,NR-NSA,
2025-11-08 22:04:17.432000-05:00,41.6986427,-86.2329691,7c36e7df,Verizon,Concourse,LTE,5975.0
2025-11-08 22:04:18.261000-05:00,41.6988882,-86.2348854,a0654bd3,AT&T,Concourse,NR-NSA,
2025-11-08 22:04:22.426000-05:00,41.6986365,-86.2329673,7c36e7df,Verizon,Concourse,LTE,
2025-11-08 22:04:23.263000-05:00,41.6988857,-86.234874,a0654bd3,AT&T,Concourse,NR-NSA,
2025-11-08 22:04:27.436000-05:00,41.6986365,-86.2329673,7c36e7df,Verizon,Concourse,LTE,
2025-11-08 22:04:28.280000-05:00,41.6988831,-86.2348804,a0654bd3,AT&T,Concourse,NR-NSA,
2025-11-08 22:04:32.437000-05:00,41.6986286,-86.2329591,7c36e7df,Verizon,Concourse,LTE,
2025-11-08 22:04:33.272000-05:00,41.6988932,-86.2348791,a0654bd3,AT&T,Concourse,LTE,
2025-11-08 22:04:37.427000-05:00,41.6986286,-86.2329591,7c36e7df,Verizon,Concourse,LTE,
2025-11-08 22:04:38.296000-05:00,41.6988819,-86.2348885,a0654bd3,AT&T,Concourse,LTE,5975.0
2025-11-08 22:04:42.428000-05:00,41.6986066,-86.23297,7c36e7df,Verizon,Concourse,LTE,
2025-11-08 22:04:43.278000-05:00,41.6988773,-86.2348888,a0654bd3,AT&T,Concourse,LTE,5975.0
2025-11-08 22:04:47.437000-05:00,41.6985969,-86.2329793,7c36e7df,Verizon,Concourse,LTE,
2025-11-08 22:04:48.268000-05:00,41.6988682,-86.2348677,a0654bd3,AT&T,Concourse,LTE,5975.0
2025-11-08 22:04:52.432000-05:00,41.6986035,-86.2330316,7c36e7df,Verizon,Concourse,LTE,
2025-11-08 22:04:53.263000-05:00,41.6988682,-86.2348677,a0654bd3,AT&T,Concourse,LTE,5975.0
2025-11-08 22:04:57.453000-05:00,41.6986083,-86.2329833,7c36e7df,Verizon,Concourse,LTE,
2025-11-08 22:04:58.266000-05:00,41.6988814,-86.2349001,a0654bd3,AT&T,Concourse,LTE,5975.0
2025-11-08 22:05:02.458000-05:00,41.6986083,-86.2329833,7c36e7df,Verizon,Concourse,LTE,
2025-11-08 22:05:03.266000-05:00,41.698876,-86.2348861,a0654bd3,AT&T,Concourse,LTE,5975.0
2025-11-08 22:05:07.429000-05:00,41.6985963,-86.2330078,7c36e7df,Verizon,Concourse,LTE,
2025-11-08 22:05:08.279000-05:00,41.6988677,-86.2348804,a0654bd3,AT&T,Concourse,LTE,5975.0
2025-11-08 22:05:12.435000-05:00,41.6986,-86.2330029,7c36e7df,Verizon,Concourse,LTE,
2025-11-08 22:05:13.267000-05:00,41.6988727,-86.2348887,a0654bd3,AT&T,Concourse,LTE,5975.0
2025-11-08 22:05:17.432000-05:00,41.6986278,-86.2329925,7c36e7df,Verizon,Concourse,LTE,
2025-11-08 22:05:18.271000-05:00,41.6988648,-86.2348958,a0654bd3,AT&T,Concourse,LTE,5975.0
2025-11-08 22:05:22.436000-05:00,41.6986521,-86.2330038,7c36e7df,Verizon,Concourse,LTE,
2025-11-08 22:05:23.265000-05:00,41.698885,-86.2348909,a0654bd3,AT&T,Concourse,LTE,5975.0
2025-11-08 22:05:27.441000-05:00,41.6986411,-86.2329757,7c36e7df,Verizon,Concourse,LTE,
2025-11-08 22:05:28.269000-05:00,41.6988564,-86.2349125,a0654bd3,AT&T,Concourse,LTE,5975.0
2025-11-08 22:05:32.435000-05:00,41.6986112,-86.2330111,7c36e7df,Verizon,Concourse,LTE,
2025-11-08 22:05:33.273000-05:00,41.6988594,-86.2348984,a0654bd3,AT&T,Concourse,LTE,5975.0
2025-11-08 22:05:37.433000-05:00,41.6986216,-86.2330173,7c36e7df,Verizon,Concourse,LTE,
2025-11-08 22:05:38.268000-05:00,41.698871,-86.2348851,a0654bd3,AT&T,Concourse,LTE,5975.0
2025-11-08 22:05:42.431000-05:00,41.6986405,-86.2329765,7c36e7df,Verizon,Concourse,LTE,
2025-11-08 22:05:43.273000-05:00,41.6988688,-86.2348937,a0654bd3,AT&T,Concourse,LTE,5975.0
2025-11-08 22:05:47.432000-05:00,41.6986545,-86.232985,7c36e7df,Verizon,Concourse,LTE,
2025-11-08 22:05:48.273000-05:00,41.6988777,-86.2348855,a0654bd3,AT&T,Concourse,LTE,5975.0
2025-11-08 22:05:52.434000-05:00,41.6986161,-86.2330299,7c36e7df,Verizon,Concourse,LTE,
2025-11-08 22:05:53.268000-05:00,41.6988713,-86.2348379,a0654bd3,AT&T,Concourse,LTE,5975.0
2025-11-08 22:05:57.436000-05:00,41.6986161,-86.2330299,7c36e7df,Verizon,Concourse,LTE,
2025-11-08 22:05:58.272000-05:00,41.6988791,-86.2348369,a0654bd3,AT&T,Concourse,LTE,5975.0
2025-11-08 22:06:02.435000-05:00,41.6986012,-86.23302,7c36e7df,Verizon,Concourse,LTE,
2025-11-08 22:06:03.271000-05:00,41.6988714,-86.2348614,a0654bd3,AT&T,Concourse,LTE,5975.0
2025-11-08 22:06:07.437000-05:00,41.6986146,-86.233009,7c36e7df,Verizon,Concourse,LTE,
2025-11-08 22:06:08.279000-05:00,41.6988668,-86.234902,a0654bd3,AT&T,Concourse,LTE,5975.0
2025-11-08 22:06:12.437000-05:00,41.6986146,-86.233009,7c36e7df,Verizon,Concourse,LTE,
2025-11-08 22:06:13.270000-05:00,41.6988532,-86.2348995,a0654bd3,AT&T,Concourse,LTE,5975.0
2025-11-08 22:06:17.436000-05:00,41.6986139,-86.2330163,7c36e7df,Verizon,Concourse,LTE,
2025-11-08 22:06:18.270000-05:00,41.6988799,-86.2348823,a0654bd3,AT&T,Concourse,LTE,5975.0
2025-11-08 22:06:22.437000-05:00,41.698618,-86.2330119,7c36e7df,Verizon,Concourse,LTE,
2025-11-08 22:06:23.270000-05:00,41.6988819,-86.2348791,a0654bd3,AT&T,Concourse,LTE,5975.0
2025-11-08 22:06:27.442000-05:00,41.6986202,-86.2330135,7c36e7df,Verizon,Concourse,LTE,
2025-11-08 22:06:28.271000-05:00,41.6988793,-86.2348917,a0654bd3,AT&T,Concourse,LTE,5975.0
2025-11-08 22:06:32.435000-05:00,41.6986197,-86.2330124,7c36e7df,Verizon,Concourse,LTE,
2025-11-08 22:06:33.266000-05:00,41.6988809,-86.2348933,a0654bd3,AT&T,Concourse,LTE,5975.0
2025-11-08 22:06:37.438000-05:00,41.6986197,-86.2330124,7c36e7df,Verizon,Concourse,LTE,
2025-11-08 22:06:38.276000-05:00,41.6989031,-86.2348694,a0654bd3,AT&T,Concourse,LTE,5975.0
2025-11-08 22:06:42.443000-05:00,41.6986129,-86.2330401,7c36e7df,Verizon,Concourse,LTE,
2025-11-08 22:06:43.268000-05:00,41.6989018,-86.2348814,a0654bd3,AT&T,Concourse,LTE,5975.0
2025-11-08 22:06:47.437000-05:00,41.6986303,-86.2329985,7c36e7df,Verizon,Concourse,LTE,
2025-11-08 22:06:48.271000-05:00,41.6988821,-86.23489,a0654bd3,AT&T,Concourse,LTE,5975.0
2025-11-08 22:06:52.435000-05:00,41.6986378,-86.2329971,7c36e7df,Verizon,Concourse,LTE,
2025-11-08 22:06:53.268000-05:00,41.6988898,-86.2348743,a0654bd3,AT&T,Concourse,LTE,5975.0
2025-11-08 22:06:57.438000-05:00,41.6986378,-86.2329971,7c36e7df,Verizon,Concourse,LTE,
2025-11-08 22:06:58.266000-05:00,41.6988903,-86.2348695,a0654bd3,AT&T,Concourse,LTE,5975.0
2025-11-08 22:07:02.440000-05:00,41.6986342,-86.2330461,7c36e7df,Verizon,Concourse,LTE,
2025-11-08 22:07:03.269000-05:00,41.6988967,-86.2348866,a0654bd3,AT&T,Concourse,LTE,5975.0
2025-11-08 22:07:07.441000-05:00,41.6986227,-86.2330773,7c36e7df,Verizon,Concourse,LTE,
2025-11-08 22:07:08.268000-05:00,41.6988915,-86.2348651,a0654bd3,AT&T,Concourse,LTE,5975.0
2025-11-08 22:07:12.438000-05:00,41.6986354,-86.2330043,7c36e7df,Verizon,Concourse,LTE,
2025-11-08 22:07:13.276000-05:00,41.6988919,-86.234864,a0654bd3,AT&T,Concourse,LTE,5975.0
2025-11-08 22:07:17.438000-05:00,41.6986443,-86.2329761,7c36e7df,Verizon,Concourse,LTE,
2025-11-08 22:07:18.283000-05:00,41.6988971,-86.2348833,a0654bd3,AT&T,Concourse,LTE,5975.0
2025-11-08 22:07:22.441000-05:00,41.6986404,-86.2329671,7c36e7df,Verizon,Concourse,LTE,
2025-11-08 22:07:23.269000-05:00,41.6988969,-86.234878,a0654bd3,AT&T,Concourse,LTE,5975.0
2025-11-08 22:07:27.441000-05:00,41.6986295,-86.2330297,7c36e7df,Verizon,Concourse,LTE,
2025-11-08 22:07:28.274000-05:00,41.6988909,-86.2348852,a0654bd3,AT&T,Concourse,LTE,5975.0
2025-11-08 22:07:32.442000-05:00,41.6985833,-86.2330264,7c36e7df,Verizon,Concourse,LTE,
2025-11-08 22:07:33.311000-05:00,41.698892,-86.2348858,a0654bd3,AT&T,Concourse,LTE,5975.0
2025-11-08 22:07:37.445000-05:00,41.6986267,-86.2330335,7c36e7df,Verizon,Concourse,LTE,
2025-11-08 22:07:38.278000-05:00,41.6988963,-86.234832,a0654bd3,AT&T,Concourse,LTE,5975.0
2025-11-08 22:07:42.444000-05:00,41.6986415,-86.2330245,7c36e7df,Verizon,Concourse,LTE,
2025-11-08 22:07:43.271000-05:00,41.6988843,-86.2348586,a0654bd3,AT&T,Concourse,LTE,5975.0
2025-11-08 22:07:47.459000-05:00,41.6986292,-86.2330594,7c36e7df,Verizon,Concourse,LTE,
2025-11-08 22:07:48.272000-05:00,41.6988834,-86.2348881,a0654bd3,AT&T,Concourse,LTE,5975.0
2025-11-08 22:07:52.443000-05:00,41.6985942,-86.2330074,7c36e7df,Verizon,Concourse,LTE,
2025-11-08 22:07:53.277000-05:00,41.6988951,-86.2348818,a0654bd3,AT&T,Concourse,LTE,5975.0
2025-11-08 22:07:57.445000-05:00,41.6986304,-86.2330184,7c36e7df,Verizon,Concourse,LTE,
2025-11-08 22:07:58.273000-05:00,41.6988935,-86.234846,a0654bd3,AT&T,Concourse,LTE,5975.0
2025-11-08 22:08:02.442000-05:00,41.6986304,-86.2330184,7c36e7df,Verizon,Concourse,LTE,
2025-11-08 22:08:03.270000-05:00,41.6988919,-86.2348551,a0654bd3,AT&T,Concourse,LTE,5975.0
2025-11-08 22:08:07.439000-05:00,41.6986296,-86.2330136,7c36e7df,Verizon,Concourse,LTE,
2025-11-08 22:08:08.276000-05:00,41.6988892,-86.2348764,a0654bd3,AT&T,Concourse,LTE,5975.0
2025-11-08 22:08:12.446000-05:00,41.6986296,-86.2330136,7c36e7df,Verizon,Concourse,LTE,5975.0
2025-11-08 22:08:13.303000-05:00,41.698876,-86.2348532,a0654bd3,AT&T,Concourse,LTE,5975.0
2025-11-08 22:08:17.443000-05:00,41.6986859,-86.2329651,7c36e7df,Verizon,Concourse,LTE,5975.0
2025-11-08 22:08:18.283000-05:00,41.6988849,-86.2348739,a0654bd3,AT&T,Concourse,LTE,5975.0
2025-11-08 22:08:22.444000-05:00,41.6986859,-86.2329651,7c36e7df,Verizon,Concourse,LTE,5975.0
2025-11-08 22:08:23.267000-05:00,41.698896,-86.2348689,a0654bd3,AT&T,Concourse,LTE,5975.0
2025-11-08 22:08:27.455000-05:00,41.6986274,-86.23307,7c36e7df,Verizon,Concourse,LTE,5975.0
2025-11-08 22:08:32.450000-05:00,41.6986274,-86.23307,7c36e7df,Verizon,Concourse,LTE,5975.0
2025-11-08 22:08:37.451000-05:00,41.6986173,-86.2330694,7c36e7df,Verizon,Concourse,LTE,5975.0
2025-11-08 22:08:42.450000-05:00,41.6986173,-86.2330694,7c36e7df,Verizon,Concourse,LTE,5975.0
2025-11-08 22:08:47.451000-05:00,41.6985988,-86.2330198,7c36e7df,Verizon,Concourse,LTE,5975.0
2025-11-08 22:08:52.456000-05:00,41.6986179,-86.2330454,7c36e7df,Verizon,Concourse,LTE,5975.0
2025-11-08 22:08:57.450000-05:00,41.6986179,-86.2330454,7c36e7df,Verizon,Concourse,LTE,5975.0
2025-11-08 22:09:02.446000-05:00,41.698634,-86.2330282,7c36e7df,Verizon,Concourse,LTE,5975.0
2025-11-08 22:09:07.445000-05:00,41.6986092,-86.2330095,7c36e7df,Verizon,Concourse,LTE,5975.0
2025-11-08 22:09:12.448000-05:00,41.6986092,-86.2330095,7c36e7df,Verizon,Concourse,LTE,5975.0
2025-11-08 22:09:17.455000-05:00,41.6986387,-86.2330287,7c36e7df,Verizon,Concourse,LTE,5975.0
2025-11-08 22:09:22.447000-05:00,41.6986128,-86.2330223,7c36e7df,Verizon,Concourse,LTE,5975.0
2025-11-08 22:09:27.447000-05:00,41.6985997,-86.2329975,7c36e7df,Verizon,Concourse,LTE,5975.0
2025-11-08 22:09:32.449000-05:00,41.6985997,-86.2329975,7c36e7df,Verizon,Concourse,LTE,5975.0
2025-11-08 22:09:37.447000-05:00,41.6986244,-86.2330186,7c36e7df,Verizon,Concourse,LTE,5975.0
2025-11-08 22:09:42.450000-05:00,41.6985983,-86.2329903,7c36e7df,Verizon,Concourse,LTE,5975.0
2025-11-08 22:09:47.448000-05:00,41.6986061,-86.2330025,7c36e7df,Verizon,Concourse,LTE,5975.0
2025-11-08 22:09:52.450000-05:00,41.6986061,-86.2330025,7c36e7df,Verizon,Concourse,LTE,5975.0
2025-11-08 22:09:57.449000-05:00,41.6985964,-86.2329988,7c36e7df,Verizon,Concourse,LTE,5975.0
2025-11-08 22:10:02.446000-05:00,41.698602,-86.2330007,7c36e7df,Verizon,Concourse,LTE,5975.0
2025-11-08 22:10:07.447000-05:00,41.698587,-86.2329858,7c36e7df,Verizon,Concourse,LTE,5975.0
2025-11-08 22:10:12.449000-05:00,41.6986176,-86.2330008,7c36e7df,Verizon,Concourse,LTE,5975.0
2025-11-08 22:10:17.450000-05:00,41.6986126,-86.2329976,7c36e7df,Verizon,Concourse,LTE,5975.0
2025-11-08 22:10:22.448000-05:00,41.6986141,-86.2329914,7c36e7df,Verizon,Concourse,LTE,5975.0
2025-11-08 22:10:27.447000-05:00,41.6986003,-86.233011,7c36e7df,Verizon,Concourse,LTE,5975.0
2025-11-08 22:10:32.449000-05:00,41.6986024,-86.2330101,7c36e7df,Verizon,Concourse,LTE,5975.0
2025-11-08 22:10:37.447000-05:00,41.6986056,-86.2330131,7c36e7df,Verizon,Concourse,LTE,5975.0
2025-11-08 22:10:42.448000-05:00,41.6986121,-86.2330123,7c36e7df,Verizon,Concourse,LTE,5975.0
2025-11-08 22:10:47.449000-05:00,41.6986088,-86.233018,7c36e7df,Verizon,Concourse,LTE,5975.0
2025-11-08 22:10:52.454000-05:00,41.6986088,-86.233018,7c36e7df,Verizon,Concourse,LTE,5975.0
2025-11-08 22:10:57.452000-05:00,41.6986134,-86.2329896,7c36e7df,Verizon,Concourse,LTE,5975.0
2025-11-08 22:11:02.451000-05:00,41.6986134,-86.2329896,7c36e7df,Verizon,Concourse,LTE,5975.0
2025-11-08 22:11:07.454000-05:00,41.698611,-86.2330117,7c36e7df,Verizon,Concourse,LTE,5975.0
2025-11-08 22:11:12.453000-05:00,41.6986138,-86.2329959,7c36e7df,Verizon,Concourse,LTE,5975.0
2025-11-08 22:11:17.458000-05:00,41.6986124,-86.233009,7c36e7df,Verizon,Concourse,LTE,5975.0
2025-11-08 22:11:22.450000-05:00,41.6986124,-86.233009,7c36e7df,Verizon,Concourse,LTE,5975.0
2025-11-08 22:11:27.460000-05:00,41.6985988,-86.2330031,7c36e7df,Verizon,Concourse,LTE,5975.0
2025-11-08 22:11:32.451000-05:00,41.6986017,-86.2329861,7c36e7df,Verizon,Concourse,LTE,5975.0
2025-11-08 22:11:37.454000-05:00,41.6986142,-86.232992,7c36e7df,Verizon,Concourse,LTE,5975.0
2025-11-08 22:11:42.457000-05:00,41.6986273,-86.2329916,7c36e7df,Verizon,Concourse,LTE,5975.0
2025-11-08 22:11:47.464000-05:00,41.6986273,-86.2329916,7c36e7df,Verizon,Concourse,LTE,5975.0
2025-11-08 22:11:52.458000-05:00,41.69861,-86.2330019,7c36e7df,Verizon,Concourse,LTE,5975.0
2025-11-08 22:11:57.461000-05:00,41.69861,-86.2330019,7c36e7df,Verizon,Concourse,LTE,5975.0
2025-11-08 22:12:02.463000-05:00,41.698605,-86.2330151,7c36e7df,Verizon,Concourse,LTE,5975.0
2025-11-08 22:12:07.465000-05:00,41.6986076,-86.2330363,7c36e7df,Verizon,Concourse,LTE,5975.0
2025-11-08 22:12:12.462000-05:00,41.6986062,-86.2330114,7c36e7df,Verizon,Concourse,LTE,5975.0
2025-11-08 22:12:17.467000-05:00,41.6986309,-86.2330032,7c36e7df,Verizon,Concourse,LTE,5975.0
2025-11-08 22:12:22.467000-05:00,41.6986536,-86.2329961,7c36e7df,Verizon,Concourse,LTE,5975.0
2025-11-08 22:12:27.524000-05:00,41.6987047,-86.2329984,7c36e7df,Verizon,Concourse,LTE,5975.0
2025-11-08 22:12:32.467000-05:00,41.6987819,-86.2329547,7c36e7df,Verizon,Concourse,LTE,5975.0
2025-11-08 22:12:37.470000-05:00,41.6988336,-86.2329572,7c36e7df,Verizon,Concourse,LTE,5975.0
2025-11-08 22:12:42.468000-05:00,41.6988717,-86.2329404,7c36e7df,Verizon,Concourse,LTE,5975.0
2025-11-08 22:12:47.475000-05:00,41.6989251,-86.2329736,7c36e7df,Verizon,Concourse,LTE,5975.0
2025-11-08 22:12:52.465000-05:00,41.6989608,-86.2330033,7c36e7df,Verizon,Concourse,LTE,5975.0
2025-11-08 22:12:57.464000-05:00,41.6989923,-86.2330288,7c36e7df,Verizon,Concourse,LTE,5975.0
2025-11-08 22:13:02.468000-05:00,41.6990315,-86.2330143,7c36e7df,Verizon,Concourse,LTE,5975.0
2025-11-08 22:13:07.469000-05:00,41.6990566,-86.2330277,7c36e7df,Verizon,Concourse,LTE,
2025-11-08 22:13:12.464000-05:00,41.6990862,-86.2330589,7c36e7df,Verizon,Concourse,LTE,6695.0
2025-11-08 22:13:17.531000-05:00,41.6991242,-86.2330692,7c36e7df,Verizon,Concourse,LTE,6695.0
2025-11-08 22:13:22.466000-05:00,41.6992099,-86.2330645,7c36e7df,Verizon,Concourse,LTE,6695.0
2025-11-08 22:13:27.466000-05:00,41.6992615,-86.2330922,7c36e7df,Verizon,Concourse,LTE,6695.0
2025-11-08 22:13:32.468000-05:00,41.699289,-86.2330749,7c36e7df,Verizon,Concourse,LTE,6695.0
2025-11-08 22:13:37.476000-05:00,41.6993068,-86.233084,7c36e7df,Verizon,Concourse,LTE,6695.0
2025-11-08 22:13:42.473000-05:00,41.6993074,-86.2330733,7c36e7df,Verizon,Concourse,LTE,
2025-11-08 22:13:47.468000-05:00,41.6993074,-86.2330733,7c36e7df,Verizon,Concourse,LTE,
2025-11-08 22:13:52.468000-05:00,41.6993275,-86.233083,7c36e7df,Verizon,Concourse,LTE,
2025-11-08 22:13:57.469000-05:00,41.6993306,-86.233082,7c36e7df,Verizon,Concourse,LTE,
2025-11-08 22:14:02.462000-05:00,41.6993495,-86.2330442,7c36e7df,Verizon,Concourse,LTE,
2025-11-08 22:14:07.472000-05:00,41.6993143,-86.2329546,7c36e7df,Verizon,Concourse,LTE,
2025-11-08 22:14:12.470000-05:00,41.6993487,-86.2329924,7c36e7df,Verizon,Concourse,LTE,
2025-11-08 22:14:17.472000-05:00,41.6993062,-86.2329533,7c36e7df,Verizon,Concourse,LTE,
2025-11-08 22:14:22.471000-05:00,41.6993069,-86.2329095,7c36e7df,Verizon,Concourse,LTE,
2025-11-08 22:14:27.473000-05:00,41.6993144,-86.2329276,7c36e7df,Verizon,Concourse,LTE,
2025-11-08 22:14:32.476000-05:00,41.6993531,-86.2329969,7c36e7df,Verizon,Concourse,LTE,
2025-11-08 22:14:37.472000-05:00,41.6993514,-86.2329826,7c36e7df,Verizon,Concourse,LTE,
2025-11-08 22:14:42.471000-05:00,41.6993179,-86.2330245,7c36e7df,Verizon,Concourse,LTE,
2025-11-08 22:14:47.463000-05:00,41.6993523,-86.2330327,7c36e7df,Verizon,Concourse,LTE,
2025-11-08 22:14:52.472000-05:00,41.6993523,-86.2330327,7c36e7df,Verizon,Concourse,LTE,
2025-11-08 22:14:57.468000-05:00,41.6993055,-86.2330054,7c36e7df,Verizon,Concourse,LTE,
2025-11-08 22:15:02.473000-05:00,41.699373,-86.2330297,7c36e7df,Verizon,Concourse,LTE,
2025-11-08 22:15:07.468000-05:00,41.6993493,-86.2329189,7c36e7df,Verizon,Concourse,LTE,
2025-11-08 22:15:12.468000-05:00,41.6993462,-86.232916,7c36e7df,Verizon,Concourse,LTE,
2025-11-08 22:15:17.472000-05:00,41.6993466,-86.2329173,7c36e7df,Verizon,Concourse,LTE,
2025-11-08 22:15:22.470000-05:00,41.6993467,-86.2329175,7c36e7df,Verizon,Concourse,LTE,
2025-11-08 22:15:27.470000-05:00,41.699347,-86.2329178,7c36e7df,Verizon,Concourse,LTE,
2025-11-08 22:15:32.473000-05:00,41.6993473,-86.2329213,7c36e7df,Verizon,Concourse,LTE,
2025-11-08 22:15:37.474000-05:00,41.6993525,-86.2329223,7c36e7df,Verizon,Concourse,LTE,
2025-11-08 22:15:42.471000-05:00,41.6993458,-86.2329757,7c36e7df,Verizon,Concourse,LTE,
2025-11-08 22:15:47.472000-05:00,41.6993611,-86.2330117,7c36e7df,Verizon,Concourse,LTE,
2025-11-08 22:15:52.474000-05:00,41.6993477,-86.2329956,7c36e7df,Verizon,Concourse,LTE,
2025-11-08 22:15:57.473000-05:00,41.6993432,-86.2329696,7c36e7df,Verizon,Concourse,LTE,
2025-11-08 22:16:02.481000-05:00,41.6993466,-86.2329448,7c36e7df,Verizon,Concourse,LTE,6215.0
2025-11-08 22:16:07.477000-05:00,41.6993586,-86.2330754,7c36e7df,Verizon,Concourse,LTE,6215.0
2025-11-08 22:16:12.476000-05:00,41.6993369,-86.2330249,7c36e7df,Verizon,Concourse,LTE,6215.0
2025-11-08 22:16:17.479000-05:00,41.6993197,-86.2330189,7c36e7df,Verizon,Concourse,LTE,6215.0
2025-11-08 22:16:22.476000-05:00,41.6993106,-86.2330253,7c36e7df,Verizon,Concourse,LTE,6215.0
2025-11-08 22:16:27.482000-05:00,41.6993029,-86.2330094,7c36e7df,Verizon,Concourse,LTE,6215.0
2025-11-08 22:16:32.480000-05:00,41.6993129,-86.233029,7c36e7df,Verizon,Concourse,LTE,6215.0
2025-11-08 22:16:37.477000-05:00,41.6993129,-86.233029,7c36e7df,Verizon,Concourse,LTE,6215.0
2025-11-08 22:16:42.474000-05:00,41.6993275,-86.2330091,7c36e7df,Verizon,Concourse,LTE,6215.0
2025-11-08 22:16:47.478000-05:00,41.6993338,-86.2330119,7c36e7df,Verizon,Concourse,LTE,6215.0
2025-11-08 22:16:52.476000-05:00,41.6993523,-86.233017,7c36e7df,Verizon,Concourse,LTE,6215.0
2025-11-08 22:16:57.481000-05:00,41.6993527,-86.2330371,7c36e7df,Verizon,Concourse,LTE,6215.0
2025-11-08 22:17:02.480000-05:00,41.6993537,-86.2330492,7c36e7df,Verizon,Concourse,LTE,6215.0
2025-11-08 22:17:07.480000-05:00,41.6993515,-86.2330533,7c36e7df,Verizon,Concourse,LTE,6215.0
2025-11-08 22:17:12.482000-05:00,41.6993189,-86.2330335,7c36e7df,Verizon,Concourse,LTE,6215.0
2025-11-08 22:17:17.480000-05:00,41.6993148,-86.233016,7c36e7df,Verizon,Concourse,LTE,6215.0
2025-11-08 22:17:22.481000-05:00,41.6993188,-86.2330134,7c36e7df,Verizon,Concourse,LTE,6215.0
2025-11-08 22:17:27.477000-05:00,41.6992897,-86.232996,7c36e7df,Verizon,Concourse,LTE,6215.0
2025-11-08 22:17:32.482000-05:00,41.6993098,-86.2330131,7c36e7df,Verizon,Concourse,LTE,6215.0
2025-11-08 22:17:37.478000-05:00,41.6992976,-86.2330148,7c36e7df,Verizon,Concourse,LTE,6215.0
2025-11-08 22:17:42.478000-05:00,41.6993009,-86.2330169,7c36e7df,Verizon,Concourse,LTE,6215.0
2025-11-08 22:17:47.485000-05:00,41.6993333,-86.2329576,7c36e7df,Verizon,Concourse,LTE,6215.0
2025-11-08 22:17:52.551000-05:00,41.6993443,-86.2329459,7c36e7df,Verizon,Concourse,LTE,6215.0
2025-11-08 22:17:57.477000-05:00,41.6993124,-86.233004,7c36e7df,Verizon,Concourse,LTE,6215.0
2025-11-08 22:18:02.486000-05:00,41.6993078,-86.2330035,7c36e7df,Verizon,Concourse,LTE,6215.0
2025-11-08 22:18:07.481000-05:00,41.6993585,-86.2329324,7c36e7df,Verizon,Concourse,LTE,6215.0
2025-11-08 22:18:12.484000-05:00,41.6993638,-86.2329313,7c36e7df,Verizon,Concourse,LTE,6215.0
2025-11-08 22:18:17.484000-05:00,41.6993697,-86.2329499,7c36e7df,Verizon,Concourse,LTE,6215.0
2025-11-08 22:18:22.487000-05:00,41.6993678,-86.232954,7c36e7df,Verizon,Concourse,LTE,6215.0
2025-11-08 22:18:27.482000-05:00,41.6993654,-86.232959,7c36e7df,Verizon,Concourse,LTE,6215.0
2025-11-08 22:18:32.484000-05:00,41.6993665,-86.2329688,7c36e7df,Verizon,Concourse,LTE,6215.0
2025-11-08 22:18:37.491000-05:00,41.6993665,-86.2329688,7c36e7df,Verizon,Concourse,LTE,6215.0
2025-11-08 22:18:42.484000-05:00,41.6993665,-86.2329682,7c36e7df,Verizon,Concourse,LTE,6215.0
2025-11-08 22:18:47.485000-05:00,41.6993665,-86.2329682,7c36e7df,Verizon,Concourse,LTE,6215.0
